DROP TABLE BO_DEMO CASCADE CONSTRAINTS;
CREATE TABLE BO_DEMO (
ID CHAR(32) not null ,
CREATE_DATE DATE,
CREATE_USER VARCHAR2(50),
UPDATE_DATE DATE,
UPDATE_USER VARCHAR2(50),
REMARKS VARCHAR2(255),
DEL_FLAG CHAR(1),
TREE_ID VARCHAR2(100),
EXPRESSION VARCHAR2(100),
USER_NAME VARCHAR2(100),
USER_SEX VARCHAR2(100),
USER_AGE NUMBER(10),
USER_BIRTHDAY DATE,
USER_ICON VARCHAR2(1000),
USER_SUMMARY CLOB,
DEPARTMENT_ID CHAR(32),
MANAGER_ID CHAR(32),
USER_INFO VARCHAR2(100)
);
ALTER TABLE BO_DEMO ADD CONSTRAINT BO_DEMO_ID PRIMARY KEY (ID);
COMMENT ON TABLE BO_DEMO IS '演示';
COMMENT ON COLUMN BO_DEMO.ID IS '主键';
COMMENT ON COLUMN BO_DEMO.CREATE_DATE IS '创建日期';
COMMENT ON COLUMN BO_DEMO.CREATE_USER IS '创建用户';
COMMENT ON COLUMN BO_DEMO.UPDATE_DATE IS '修改日期';
COMMENT ON COLUMN BO_DEMO.UPDATE_USER IS '修改用户';
COMMENT ON COLUMN BO_DEMO.REMARKS IS '备注信息';
COMMENT ON COLUMN BO_DEMO.DEL_FLAG IS '删除标记';
COMMENT ON COLUMN BO_DEMO.TREE_ID IS '下拉树';
COMMENT ON COLUMN BO_DEMO.EXPRESSION IS '表达式';
COMMENT ON COLUMN BO_DEMO.USER_NAME IS '用户名';
COMMENT ON COLUMN BO_DEMO.USER_SEX IS '用户性别';
COMMENT ON COLUMN BO_DEMO.USER_AGE IS '用户年龄';
COMMENT ON COLUMN BO_DEMO.USER_BIRTHDAY IS '出生日期';
COMMENT ON COLUMN BO_DEMO.USER_ICON IS '用户头像';
COMMENT ON COLUMN BO_DEMO.USER_SUMMARY IS '用户简介';
COMMENT ON COLUMN BO_DEMO.DEPARTMENT_ID IS '所在部门';
COMMENT ON COLUMN BO_DEMO.MANAGER_ID IS '上级领导';
COMMENT ON COLUMN BO_DEMO.USER_INFO IS '选择框';


DROP TABLE BO_INTERFACE_CATALOG CASCADE CONSTRAINTS;
CREATE TABLE BO_INTERFACE_CATALOG (
ID CHAR(32) not null ,
CREATE_DATE DATE,
CREATE_USER VARCHAR2(50),
UPDATE_DATE DATE,
UPDATE_USER VARCHAR2(50),
DEL_FLAG CHAR(1),
NAME VARCHAR2(100) not null ,
PARENT_ID CHAR(32) not null ,
SEQUENCE NUMBER(10)
);
ALTER TABLE BO_INTERFACE_CATALOG ADD CONSTRAINT BO_INTERFACE_CATALOG_ID PRIMARY KEY (ID);
COMMENT ON TABLE BO_INTERFACE_CATALOG IS '接口目录';
COMMENT ON COLUMN BO_INTERFACE_CATALOG.ID IS '主键';
COMMENT ON COLUMN BO_INTERFACE_CATALOG.CREATE_DATE IS '创建日期';
COMMENT ON COLUMN BO_INTERFACE_CATALOG.CREATE_USER IS '创建用户';
COMMENT ON COLUMN BO_INTERFACE_CATALOG.UPDATE_DATE IS '修改日期';
COMMENT ON COLUMN BO_INTERFACE_CATALOG.UPDATE_USER IS '修改用户';
COMMENT ON COLUMN BO_INTERFACE_CATALOG.DEL_FLAG IS '删除标记';
COMMENT ON COLUMN BO_INTERFACE_CATALOG.NAME IS '名称';
COMMENT ON COLUMN BO_INTERFACE_CATALOG.PARENT_ID IS '模块';
COMMENT ON COLUMN BO_INTERFACE_CATALOG.SEQUENCE IS '排序';


DROP TABLE BO_INTERFACE_DESC CASCADE CONSTRAINTS;
CREATE TABLE BO_INTERFACE_DESC (
ID CHAR(32) not null ,
CREATE_DATE DATE,
CREATE_USER VARCHAR2(50),
UPDATE_DATE DATE,
UPDATE_USER VARCHAR2(50),
DEL_FLAG CHAR(1),
NAME VARCHAR2(100) not null ,
URL VARCHAR2(1000) not null ,
METHOD VARCHAR2(100),
PARAMETER VARCHAR2(4000),
RETURN_VALUE VARCHAR2(4000),
EXCLUDES VARCHAR2(4000),
CATALOG_ID CHAR(32),
SEQUENCE NUMBER(10),
TYPE VARCHAR2(100)
);
ALTER TABLE BO_INTERFACE_DESC ADD CONSTRAINT BO_INTERFACE_DESC_ID PRIMARY KEY (ID);
COMMENT ON TABLE BO_INTERFACE_DESC IS '接口描述';
COMMENT ON COLUMN BO_INTERFACE_DESC.ID IS '主键';
COMMENT ON COLUMN BO_INTERFACE_DESC.CREATE_DATE IS '创建日期';
COMMENT ON COLUMN BO_INTERFACE_DESC.CREATE_USER IS '创建用户';
COMMENT ON COLUMN BO_INTERFACE_DESC.UPDATE_DATE IS '修改日期';
COMMENT ON COLUMN BO_INTERFACE_DESC.UPDATE_USER IS '修改用户';
COMMENT ON COLUMN BO_INTERFACE_DESC.DEL_FLAG IS '删除标记';
COMMENT ON COLUMN BO_INTERFACE_DESC.NAME IS '名称';
COMMENT ON COLUMN BO_INTERFACE_DESC.URL IS '接口地址';
COMMENT ON COLUMN BO_INTERFACE_DESC.METHOD IS '提交方式';
COMMENT ON COLUMN BO_INTERFACE_DESC.PARAMETER IS '参数';
COMMENT ON COLUMN BO_INTERFACE_DESC.RETURN_VALUE IS '返回值';
COMMENT ON COLUMN BO_INTERFACE_DESC.EXCLUDES IS '不返回字段';
COMMENT ON COLUMN BO_INTERFACE_DESC.CATALOG_ID IS '接口目录';
COMMENT ON COLUMN BO_INTERFACE_DESC.SEQUENCE IS '排序';
COMMENT ON COLUMN BO_INTERFACE_DESC.TYPE IS '类型';


DROP TABLE CMS_ARTICLE CASCADE CONSTRAINTS;
CREATE TABLE CMS_ARTICLE (
ID CHAR(32) not null ,
CREATE_DATE DATE,
CREATE_USER VARCHAR2(50),
UPDATE_DATE DATE,
UPDATE_USER VARCHAR2(50),
REMARKS VARCHAR2(255),
DEL_FLAG CHAR(1),
SITE_ID CHAR(32),
CATEGORY_ID VARCHAR2(100),
TITLE VARCHAR2(100) not null ,
SUB_TITLE VARCHAR2(100),
KEYWORDS VARCHAR2(100),
DESCRIPTION VARCHAR2(500),
SEQ NUMBER(10),
HITS NUMBER(10),
CONTENT CLOB,
COPYFROM VARCHAR2(500),
CUSTOM_CONTENT_VIEW VARCHAR2(500),
VIEW_CONFIG CLOB,
POSTER VARCHAR2(500),
TAG_ID VARCHAR2(4000)
);
ALTER TABLE CMS_ARTICLE ADD CONSTRAINT CMS_ARTICLE_ID PRIMARY KEY (ID);
COMMENT ON TABLE CMS_ARTICLE IS '内容发布文章';
COMMENT ON COLUMN CMS_ARTICLE.ID IS '主键';
COMMENT ON COLUMN CMS_ARTICLE.CREATE_DATE IS '创建日期';
COMMENT ON COLUMN CMS_ARTICLE.CREATE_USER IS '创建用户';
COMMENT ON COLUMN CMS_ARTICLE.UPDATE_DATE IS '修改日期';
COMMENT ON COLUMN CMS_ARTICLE.UPDATE_USER IS '修改用户';
COMMENT ON COLUMN CMS_ARTICLE.REMARKS IS '备注信息';
COMMENT ON COLUMN CMS_ARTICLE.DEL_FLAG IS '删除标记';
COMMENT ON COLUMN CMS_ARTICLE.SITE_ID IS '所属站点';
COMMENT ON COLUMN CMS_ARTICLE.CATEGORY_ID IS '所属栏目';
COMMENT ON COLUMN CMS_ARTICLE.TITLE IS '标题';
COMMENT ON COLUMN CMS_ARTICLE.SUB_TITLE IS '副标题';
COMMENT ON COLUMN CMS_ARTICLE.KEYWORDS IS '关键字';
COMMENT ON COLUMN CMS_ARTICLE.DESCRIPTION IS '描述';
COMMENT ON COLUMN CMS_ARTICLE.SEQ IS '权重';
COMMENT ON COLUMN CMS_ARTICLE.HITS IS '点击数';
COMMENT ON COLUMN CMS_ARTICLE.CONTENT IS '文章内容';
COMMENT ON COLUMN CMS_ARTICLE.COPYFROM IS '文章来源';
COMMENT ON COLUMN CMS_ARTICLE.CUSTOM_CONTENT_VIEW IS '自定义内容视图';
COMMENT ON COLUMN CMS_ARTICLE.VIEW_CONFIG IS '视图配置';
COMMENT ON COLUMN CMS_ARTICLE.POSTER IS '海报';
COMMENT ON COLUMN CMS_ARTICLE.TAG_ID IS '标签';


DROP TABLE CMS_CATEGORY CASCADE CONSTRAINTS;
CREATE TABLE CMS_CATEGORY (
ID CHAR(32) not null ,
CREATE_DATE DATE,
CREATE_USER VARCHAR2(50),
UPDATE_DATE DATE,
UPDATE_USER VARCHAR2(50),
REMARKS VARCHAR2(255),
DEL_FLAG CHAR(1),
SITE_ID CHAR(32) not null ,
MODULE VARCHAR2(100),
NAME VARCHAR2(100) not null ,
PARENT_ID CHAR(32) not null ,
HREF VARCHAR2(500),
TARGET VARCHAR2(100),
DESCRIPTION VARCHAR2(500),
KEYWORDS VARCHAR2(500),
SEQ NUMBER(10) not null ,
IN_MENU CHAR(1),
IN_LIST CHAR(1),
IS_COMMENT CHAR(1),
IS_AUDIT CHAR(1),
CUSTOM_LIST_VIEW VARCHAR2(500),
CUSTOM_CONTENT_VIEW VARCHAR2(500),
VIEW_CONFIG CLOB,
EXTENDS_INFO VARCHAR2(100)
);
ALTER TABLE CMS_CATEGORY ADD CONSTRAINT CMS_CATEGORY_ID PRIMARY KEY (ID);
COMMENT ON TABLE CMS_CATEGORY IS '内容发布栏目';
COMMENT ON COLUMN CMS_CATEGORY.ID IS '主键';
COMMENT ON COLUMN CMS_CATEGORY.CREATE_DATE IS '创建日期';
COMMENT ON COLUMN CMS_CATEGORY.CREATE_USER IS '创建用户';
COMMENT ON COLUMN CMS_CATEGORY.UPDATE_DATE IS '修改日期';
COMMENT ON COLUMN CMS_CATEGORY.UPDATE_USER IS '修改用户';
COMMENT ON COLUMN CMS_CATEGORY.REMARKS IS '备注信息';
COMMENT ON COLUMN CMS_CATEGORY.DEL_FLAG IS '删除标记';
COMMENT ON COLUMN CMS_CATEGORY.SITE_ID IS '站点';
COMMENT ON COLUMN CMS_CATEGORY.MODULE IS '栏目模块';
COMMENT ON COLUMN CMS_CATEGORY.NAME IS '栏目名称';
COMMENT ON COLUMN CMS_CATEGORY.PARENT_ID IS '父级栏目';
COMMENT ON COLUMN CMS_CATEGORY.HREF IS '链接';
COMMENT ON COLUMN CMS_CATEGORY.TARGET IS '目标';
COMMENT ON COLUMN CMS_CATEGORY.DESCRIPTION IS '描述';
COMMENT ON COLUMN CMS_CATEGORY.KEYWORDS IS '关键字';
COMMENT ON COLUMN CMS_CATEGORY.SEQ IS '权重';
COMMENT ON COLUMN CMS_CATEGORY.IN_MENU IS '是否导航显示';
COMMENT ON COLUMN CMS_CATEGORY.IN_LIST IS '是否分类列表';
COMMENT ON COLUMN CMS_CATEGORY.IS_COMMENT IS '是否允许评论';
COMMENT ON COLUMN CMS_CATEGORY.IS_AUDIT IS '是否需要审核';
COMMENT ON COLUMN CMS_CATEGORY.CUSTOM_LIST_VIEW IS '列表视图';
COMMENT ON COLUMN CMS_CATEGORY.CUSTOM_CONTENT_VIEW IS '内容视图';
COMMENT ON COLUMN CMS_CATEGORY.VIEW_CONFIG IS '视图配置';
COMMENT ON COLUMN CMS_CATEGORY.EXTENDS_INFO IS '扩展内容';


DROP TABLE CMS_COLLECTIONS CASCADE CONSTRAINTS;
CREATE TABLE CMS_COLLECTIONS (
ID CHAR(32) not null ,
CREATE_DATE DATE,
CREATE_USER VARCHAR2(50),
UPDATE_DATE DATE,
UPDATE_USER VARCHAR2(50),
REMARKS VARCHAR2(255),
DEL_FLAG CHAR(1),
SITE_ID CHAR(32),
CATEGORY_ID CHAR(32),
BASIC_ID CHAR(32) not null ,
TYPE CHAR(1),
CATEGORY VARCHAR2(100)
);
ALTER TABLE CMS_COLLECTIONS ADD CONSTRAINT CMS_COLLECTION_ID PRIMARY KEY (ID);
COMMENT ON TABLE CMS_COLLECTIONS IS '内容发布收藏';
COMMENT ON COLUMN CMS_COLLECTIONS.ID IS '主键';
COMMENT ON COLUMN CMS_COLLECTIONS.CREATE_DATE IS '创建日期';
COMMENT ON COLUMN CMS_COLLECTIONS.CREATE_USER IS '创建用户';
COMMENT ON COLUMN CMS_COLLECTIONS.UPDATE_DATE IS '修改日期';
COMMENT ON COLUMN CMS_COLLECTIONS.UPDATE_USER IS '修改用户';
COMMENT ON COLUMN CMS_COLLECTIONS.REMARKS IS '备注信息';
COMMENT ON COLUMN CMS_COLLECTIONS.DEL_FLAG IS '删除标记';
COMMENT ON COLUMN CMS_COLLECTIONS.SITE_ID IS '所属站点';
COMMENT ON COLUMN CMS_COLLECTIONS.CATEGORY_ID IS '所属栏目';
COMMENT ON COLUMN CMS_COLLECTIONS.BASIC_ID IS '评论主体';
COMMENT ON COLUMN CMS_COLLECTIONS.TYPE IS '类型';
COMMENT ON COLUMN CMS_COLLECTIONS.CATEGORY IS '分类';


DROP TABLE CMS_COMMENT CASCADE CONSTRAINTS;
CREATE TABLE CMS_COMMENT (
ID CHAR(32) not null ,
CREATE_DATE DATE,
CREATE_USER VARCHAR2(50),
UPDATE_DATE DATE,
UPDATE_USER VARCHAR2(50),
REMARKS VARCHAR2(255),
DEL_FLAG CHAR(1),
SITE_ID CHAR(32) not null ,
CATEGORY_ID CHAR(32),
BASIC_ID CHAR(32) not null ,
SCORE NUMBER(10),
CONTENT VARCHAR2(500),
USER_ID CHAR(32),
USER_NAME VARCHAR2(100),
IP VARCHAR2(100),
AUDIT_USER_ID CHAR(32),
AUDIT_USER_NAME VARCHAR2(100),
AUDIT_DATE DATE,
AUDIT_STATE VARCHAR2(100)
);
ALTER TABLE CMS_COMMENT ADD CONSTRAINT CMS_COMMENT_ID PRIMARY KEY (ID);
COMMENT ON TABLE CMS_COMMENT IS '内容发布评价';
COMMENT ON COLUMN CMS_COMMENT.ID IS '主键';
COMMENT ON COLUMN CMS_COMMENT.CREATE_DATE IS '创建日期';
COMMENT ON COLUMN CMS_COMMENT.CREATE_USER IS '创建用户';
COMMENT ON COLUMN CMS_COMMENT.UPDATE_DATE IS '修改日期';
COMMENT ON COLUMN CMS_COMMENT.UPDATE_USER IS '修改用户';
COMMENT ON COLUMN CMS_COMMENT.REMARKS IS '备注信息';
COMMENT ON COLUMN CMS_COMMENT.DEL_FLAG IS '删除标记';
COMMENT ON COLUMN CMS_COMMENT.SITE_ID IS '所属站点';
COMMENT ON COLUMN CMS_COMMENT.CATEGORY_ID IS '所属栏目';
COMMENT ON COLUMN CMS_COMMENT.BASIC_ID IS '所属主体';
COMMENT ON COLUMN CMS_COMMENT.SCORE IS '等级';
COMMENT ON COLUMN CMS_COMMENT.CONTENT IS '评价内容';
COMMENT ON COLUMN CMS_COMMENT.USER_ID IS '用户ID';
COMMENT ON COLUMN CMS_COMMENT.USER_NAME IS '评价人';
COMMENT ON COLUMN CMS_COMMENT.IP IS 'IP';
COMMENT ON COLUMN CMS_COMMENT.AUDIT_USER_ID IS '审核用户ID';
COMMENT ON COLUMN CMS_COMMENT.AUDIT_USER_NAME IS '审核人';
COMMENT ON COLUMN CMS_COMMENT.AUDIT_DATE IS '审核时间';
COMMENT ON COLUMN CMS_COMMENT.AUDIT_STATE IS '是否屏蔽';


DROP TABLE CMS_GUESTBOOK CASCADE CONSTRAINTS;
CREATE TABLE CMS_GUESTBOOK (
ID CHAR(32) not null ,
CREATE_DATE DATE,
CREATE_USER VARCHAR2(50),
UPDATE_DATE DATE,
UPDATE_USER VARCHAR2(50),
REMARKS VARCHAR2(255),
DEL_FLAG CHAR(1),
TYPE VARCHAR2(100),
CONTENT VARCHAR2(4000),
NAME VARCHAR2(100),
EMAIL VARCHAR2(100),
PHONE VARCHAR2(100),
WORKUNIT VARCHAR2(100),
IP VARCHAR2(100),
REUSERID CHAR(32),
REDATE DATE,
RECONTENT VARCHAR2(4000),
SITE_ID CHAR(32)
);
ALTER TABLE CMS_GUESTBOOK ADD CONSTRAINT CMS_GUESTBOOK_ID PRIMARY KEY (ID);
COMMENT ON TABLE CMS_GUESTBOOK IS '内容发布留言板';
COMMENT ON COLUMN CMS_GUESTBOOK.ID IS '主键';
COMMENT ON COLUMN CMS_GUESTBOOK.CREATE_DATE IS '创建日期';
COMMENT ON COLUMN CMS_GUESTBOOK.CREATE_USER IS '创建用户';
COMMENT ON COLUMN CMS_GUESTBOOK.UPDATE_DATE IS '修改日期';
COMMENT ON COLUMN CMS_GUESTBOOK.UPDATE_USER IS '修改用户';
COMMENT ON COLUMN CMS_GUESTBOOK.REMARKS IS '备注信息';
COMMENT ON COLUMN CMS_GUESTBOOK.DEL_FLAG IS '删除标记';
COMMENT ON COLUMN CMS_GUESTBOOK.TYPE IS '留言分类';
COMMENT ON COLUMN CMS_GUESTBOOK.CONTENT IS '留言内容';
COMMENT ON COLUMN CMS_GUESTBOOK.NAME IS '姓名';
COMMENT ON COLUMN CMS_GUESTBOOK.EMAIL IS '邮箱';
COMMENT ON COLUMN CMS_GUESTBOOK.PHONE IS '电话';
COMMENT ON COLUMN CMS_GUESTBOOK.WORKUNIT IS '单位';
COMMENT ON COLUMN CMS_GUESTBOOK.IP IS 'IP';
COMMENT ON COLUMN CMS_GUESTBOOK.REUSERID IS '回复人';
COMMENT ON COLUMN CMS_GUESTBOOK.REDATE IS '回复时间';
COMMENT ON COLUMN CMS_GUESTBOOK.RECONTENT IS '回复内容';
COMMENT ON COLUMN CMS_GUESTBOOK.SITE_ID IS '站点';


DROP TABLE CMS_SITE CASCADE CONSTRAINTS;
CREATE TABLE CMS_SITE (
ID CHAR(32) not null ,
CREATE_DATE DATE,
CREATE_USER VARCHAR2(50),
UPDATE_DATE DATE,
UPDATE_USER VARCHAR2(50),
REMARKS VARCHAR2(255),
DEL_FLAG CHAR(1),
NAME VARCHAR2(100) not null ,
TITLE VARCHAR2(100) not null ,
LOGO VARCHAR2(500),
DOMAIN VARCHAR2(100) not null ,
DESCRIPTION VARCHAR2(1000),
KEYWORDS VARCHAR2(500),
THEME VARCHAR2(100),
COPYRIGHT VARCHAR2(1000),
CUSTOM_VIEW VARCHAR2(500)
);
ALTER TABLE CMS_SITE ADD CONSTRAINT CMS_SITE_ID PRIMARY KEY (ID);
COMMENT ON TABLE CMS_SITE IS '内容发布站点';
COMMENT ON COLUMN CMS_SITE.ID IS '主键';
COMMENT ON COLUMN CMS_SITE.CREATE_DATE IS '创建日期';
COMMENT ON COLUMN CMS_SITE.CREATE_USER IS '创建用户';
COMMENT ON COLUMN CMS_SITE.UPDATE_DATE IS '修改日期';
COMMENT ON COLUMN CMS_SITE.UPDATE_USER IS '修改用户';
COMMENT ON COLUMN CMS_SITE.REMARKS IS '备注信息';
COMMENT ON COLUMN CMS_SITE.DEL_FLAG IS '删除标记';
COMMENT ON COLUMN CMS_SITE.NAME IS '站点名称';
COMMENT ON COLUMN CMS_SITE.TITLE IS '站点标题';
COMMENT ON COLUMN CMS_SITE.LOGO IS '站点LOGO';
COMMENT ON COLUMN CMS_SITE.DOMAIN IS '站点域名';
COMMENT ON COLUMN CMS_SITE.DESCRIPTION IS '描述';
COMMENT ON COLUMN CMS_SITE.KEYWORDS IS '关键字';
COMMENT ON COLUMN CMS_SITE.THEME IS '主题';
COMMENT ON COLUMN CMS_SITE.COPYRIGHT IS '版权信息';
COMMENT ON COLUMN CMS_SITE.CUSTOM_VIEW IS '自定义首页视图';


DROP TABLE CMS_TAGCLOUD CASCADE CONSTRAINTS;
CREATE TABLE CMS_TAGCLOUD (
ID CHAR(32) not null ,
CREATE_DATE DATE,
CREATE_USER VARCHAR2(50),
UPDATE_DATE DATE,
UPDATE_USER VARCHAR2(50),
REMARKS VARCHAR2(255),
DEL_FLAG CHAR(1),
SITE_ID CHAR(32) not null ,
NAME VARCHAR2(100)
);
ALTER TABLE CMS_TAGCLOUD ADD CONSTRAINT CMS_TAGCLOUD_ID PRIMARY KEY (ID);
COMMENT ON TABLE CMS_TAGCLOUD IS '内容发布标签云';
COMMENT ON COLUMN CMS_TAGCLOUD.ID IS '主键';
COMMENT ON COLUMN CMS_TAGCLOUD.CREATE_DATE IS '创建日期';
COMMENT ON COLUMN CMS_TAGCLOUD.CREATE_USER IS '创建用户';
COMMENT ON COLUMN CMS_TAGCLOUD.UPDATE_DATE IS '修改日期';
COMMENT ON COLUMN CMS_TAGCLOUD.UPDATE_USER IS '修改用户';
COMMENT ON COLUMN CMS_TAGCLOUD.REMARKS IS '备注信息';
COMMENT ON COLUMN CMS_TAGCLOUD.DEL_FLAG IS '删除标记';
COMMENT ON COLUMN CMS_TAGCLOUD.SITE_ID IS '站点';
COMMENT ON COLUMN CMS_TAGCLOUD.NAME IS '标签';


DROP TABLE JOB_QUARTZ_CONF CASCADE CONSTRAINTS;
CREATE TABLE JOB_QUARTZ_CONF (
ID CHAR(32) not null ,
CREATE_DATE DATE,
CREATE_USER VARCHAR2(50),
UPDATE_DATE DATE,
UPDATE_USER VARCHAR2(50),
REMARKS VARCHAR2(255),
DEL_FLAG CHAR(1),
JOB_NAME VARCHAR2(100) not null ,
ALIAS_NAME VARCHAR2(100) not null ,
JOB_GROUP VARCHAR2(100) not null ,
JOB_TRIGGER VARCHAR2(1000),
CRON_EXPRESSION VARCHAR2(100),
IS_SYNC VARCHAR2(100),
DESCRIPTION VARCHAR2(2000),
STATUS VARCHAR2(100),
JOB_CLASS VARCHAR2(500) not null ,
START_AT DATE,
END_AT DATE
);
ALTER TABLE JOB_QUARTZ_CONF ADD CONSTRAINT JOB_QUARTZ_CONF_ID PRIMARY KEY (ID);
COMMENT ON TABLE JOB_QUARTZ_CONF IS '定时任务计划配置';
COMMENT ON COLUMN JOB_QUARTZ_CONF.ID IS '主键';
COMMENT ON COLUMN JOB_QUARTZ_CONF.CREATE_DATE IS '创建日期';
COMMENT ON COLUMN JOB_QUARTZ_CONF.CREATE_USER IS '创建用户';
COMMENT ON COLUMN JOB_QUARTZ_CONF.UPDATE_DATE IS '修改日期';
COMMENT ON COLUMN JOB_QUARTZ_CONF.UPDATE_USER IS '修改用户';
COMMENT ON COLUMN JOB_QUARTZ_CONF.REMARKS IS '备注信息';
COMMENT ON COLUMN JOB_QUARTZ_CONF.DEL_FLAG IS '删除标记';
COMMENT ON COLUMN JOB_QUARTZ_CONF.JOB_NAME IS '任务名';
COMMENT ON COLUMN JOB_QUARTZ_CONF.ALIAS_NAME IS '任务别名';
COMMENT ON COLUMN JOB_QUARTZ_CONF.JOB_GROUP IS '任务分组';
COMMENT ON COLUMN JOB_QUARTZ_CONF.JOB_TRIGGER IS '任务触发器';
COMMENT ON COLUMN JOB_QUARTZ_CONF.CRON_EXPRESSION IS 'cron表达式';
COMMENT ON COLUMN JOB_QUARTZ_CONF.IS_SYNC IS '是否异步';
COMMENT ON COLUMN JOB_QUARTZ_CONF.DESCRIPTION IS '任务描述';
COMMENT ON COLUMN JOB_QUARTZ_CONF.STATUS IS '任务状态';
COMMENT ON COLUMN JOB_QUARTZ_CONF.JOB_CLASS IS '任务主体';
COMMENT ON COLUMN JOB_QUARTZ_CONF.START_AT IS '任务开始时间';
COMMENT ON COLUMN JOB_QUARTZ_CONF.END_AT IS '任务结束时间';


DROP TABLE MOD_TABLE CASCADE CONSTRAINTS;
CREATE TABLE MOD_TABLE (
ID CHAR(32) not null ,
CREATE_DATE DATE,
CREATE_USER VARCHAR2(50),
UPDATE_DATE DATE,
UPDATE_USER VARCHAR2(50),
NAME VARCHAR2(200),
COMMENTS VARCHAR2(500),
PARENT_TABLE VARCHAR2(200),
PARENT_TABLE_FK VARCHAR2(100),
REMARKS VARCHAR2(255),
DEL_FLAG CHAR(1),
CATEGORY VARCHAR2(50)
);
ALTER TABLE MOD_TABLE ADD CONSTRAINT MOD_TABLE_ID PRIMARY KEY (ID);
COMMENT ON TABLE MOD_TABLE IS '业务表';
COMMENT ON COLUMN MOD_TABLE.ID IS '主键';
COMMENT ON COLUMN MOD_TABLE.CREATE_DATE IS '创建日期';
COMMENT ON COLUMN MOD_TABLE.CREATE_USER IS '创建用户';
COMMENT ON COLUMN MOD_TABLE.UPDATE_DATE IS '修改日期';
COMMENT ON COLUMN MOD_TABLE.UPDATE_USER IS '修改用户';
COMMENT ON COLUMN MOD_TABLE.NAME IS '名称';
COMMENT ON COLUMN MOD_TABLE.COMMENTS IS '描述';
COMMENT ON COLUMN MOD_TABLE.PARENT_TABLE IS '关联父表';
COMMENT ON COLUMN MOD_TABLE.PARENT_TABLE_FK IS '关联父表外键';
COMMENT ON COLUMN MOD_TABLE.REMARKS IS '备注信息';
COMMENT ON COLUMN MOD_TABLE.DEL_FLAG IS '删除标记（0：正常；1：删除）';
COMMENT ON COLUMN MOD_TABLE.CATEGORY IS '分类';


DROP TABLE MOD_TABLE_COLUMN CASCADE CONSTRAINTS;
CREATE TABLE MOD_TABLE_COLUMN (
ID CHAR(32) not null ,
CREATE_DATE DATE,
CREATE_USER VARCHAR2(50),
UPDATE_DATE DATE,
UPDATE_USER VARCHAR2(200),
TABLE_NAME VARCHAR2(200),
NAME VARCHAR2(200),
COMMENTS VARCHAR2(200),
JDBC_TYPE VARCHAR2(200),
JDBC_LENGTH VARCHAR2(200),
IS_NULL CHAR(1),
IS_EDIT CHAR(1),
CATEGORY VARCHAR2(200),
DEFAULT_VALUE VARCHAR2(4000),
VALID_TYPE VARCHAR2(200),
SETTINGS VARCHAR2(4000),
REMARKS VARCHAR2(255),
DEL_FLAG CHAR(1),
HTML_INNER VARCHAR2(4000),
IS_LIST CHAR(1),
IS_QUERY CHAR(1),
LIST_WIDTH NUMBER(10,2),
QUERY_WIDTH NUMBER(10,2),
IS_SORT CHAR(1)
);
ALTER TABLE MOD_TABLE_COLUMN ADD CONSTRAINT MOD_TABLE_COLUMN_ID PRIMARY KEY (ID);
COMMENT ON TABLE MOD_TABLE_COLUMN IS '业务表字段';
COMMENT ON COLUMN MOD_TABLE_COLUMN.ID IS '主键';
COMMENT ON COLUMN MOD_TABLE_COLUMN.CREATE_DATE IS '创建日期';
COMMENT ON COLUMN MOD_TABLE_COLUMN.CREATE_USER IS '创建用户';
COMMENT ON COLUMN MOD_TABLE_COLUMN.UPDATE_DATE IS '修改日期';
COMMENT ON COLUMN MOD_TABLE_COLUMN.UPDATE_USER IS '修改用户';
COMMENT ON COLUMN MOD_TABLE_COLUMN.TABLE_NAME IS '业务表';
COMMENT ON COLUMN MOD_TABLE_COLUMN.NAME IS '列名';
COMMENT ON COLUMN MOD_TABLE_COLUMN.COMMENTS IS '注释';
COMMENT ON COLUMN MOD_TABLE_COLUMN.JDBC_TYPE IS '数据库类型及长度';
COMMENT ON COLUMN MOD_TABLE_COLUMN.JDBC_LENGTH IS '是否主键';
COMMENT ON COLUMN MOD_TABLE_COLUMN.IS_NULL IS '是否可为空';
COMMENT ON COLUMN MOD_TABLE_COLUMN.IS_EDIT IS '是否编辑字段';
COMMENT ON COLUMN MOD_TABLE_COLUMN.CATEGORY IS '字段生成方案';
COMMENT ON COLUMN MOD_TABLE_COLUMN.DEFAULT_VALUE IS '默认值';
COMMENT ON COLUMN MOD_TABLE_COLUMN.VALID_TYPE IS '校验类型';
COMMENT ON COLUMN MOD_TABLE_COLUMN.SETTINGS IS '扩展设置';
COMMENT ON COLUMN MOD_TABLE_COLUMN.REMARKS IS '备注信息';
COMMENT ON COLUMN MOD_TABLE_COLUMN.DEL_FLAG IS '删除标记（0：正常；1：删除）';
COMMENT ON COLUMN MOD_TABLE_COLUMN.HTML_INNER IS '代码扩展';
COMMENT ON COLUMN MOD_TABLE_COLUMN.IS_LIST IS '是否列表字段';
COMMENT ON COLUMN MOD_TABLE_COLUMN.IS_QUERY IS '是否查询字段';
COMMENT ON COLUMN MOD_TABLE_COLUMN.LIST_WIDTH IS '列表显示宽度';
COMMENT ON COLUMN MOD_TABLE_COLUMN.QUERY_WIDTH IS '查询框宽度';
COMMENT ON COLUMN MOD_TABLE_COLUMN.IS_SORT IS '是否列表排序';


DROP TABLE SYS_DEPARTMENT CASCADE CONSTRAINTS;
CREATE TABLE SYS_DEPARTMENT (
ID CHAR(32) not null ,
PARENT_ID CHAR(32),
SEQUENCE NUMBER(10),
NAME VARCHAR2(50),
CODE VARCHAR2(100)
);
ALTER TABLE SYS_DEPARTMENT ADD CONSTRAINT SYS_DEPARTMENT_ID PRIMARY KEY (ID);
COMMENT ON TABLE SYS_DEPARTMENT IS '部门';
COMMENT ON COLUMN SYS_DEPARTMENT.ID IS '主键';
COMMENT ON COLUMN SYS_DEPARTMENT.PARENT_ID IS '外键';
COMMENT ON COLUMN SYS_DEPARTMENT.SEQUENCE IS '排序';
COMMENT ON COLUMN SYS_DEPARTMENT.NAME IS '部门名称';
COMMENT ON COLUMN SYS_DEPARTMENT.CODE IS '部门编号';


DROP TABLE SYS_DICT CASCADE CONSTRAINTS;
CREATE TABLE SYS_DICT (
ID CHAR(32) not null ,
VALUE VARCHAR2(50),
LABEL VARCHAR2(50),
CATEGORY VARCHAR2(50),
DESCRIPTION VARCHAR2(50),
SEQUENCE NUMBER(10),
PARENT_ID CHAR(32)
);
ALTER TABLE SYS_DICT ADD CONSTRAINT SYS_DICT_ID PRIMARY KEY (ID);
COMMENT ON TABLE SYS_DICT IS '系统字典';
COMMENT ON COLUMN SYS_DICT.ID IS '主键';
COMMENT ON COLUMN SYS_DICT.VALUE IS '数据值';
COMMENT ON COLUMN SYS_DICT.LABEL IS '标签名';
COMMENT ON COLUMN SYS_DICT.CATEGORY IS '分类';
COMMENT ON COLUMN SYS_DICT.DESCRIPTION IS '描述';
COMMENT ON COLUMN SYS_DICT.SEQUENCE IS '排序';
COMMENT ON COLUMN SYS_DICT.PARENT_ID IS '父主键';


DROP TABLE SYS_LOG CASCADE CONSTRAINTS;
CREATE TABLE SYS_LOG (
ID CHAR(32) not null ,
TYPE CHAR(1),
TITLE VARCHAR2(500),
CREATE_USER VARCHAR2(64),
CREATE_DATE DATE,
REMOTE_ADDR VARCHAR2(255),
USER_AGENT VARCHAR2(255),
REQUEST_URI VARCHAR2(255),
METHOD VARCHAR2(5),
PARAMS CLOB,
EXCEPTION CLOB,
SPEND_TIME NUMBER(10)
);
ALTER TABLE SYS_LOG ADD CONSTRAINT SYS_C0034914 PRIMARY KEY (ID);
COMMENT ON TABLE SYS_LOG IS '日志表';
COMMENT ON COLUMN SYS_LOG.ID IS '主键';
COMMENT ON COLUMN SYS_LOG.TYPE IS '日志类型';
COMMENT ON COLUMN SYS_LOG.TITLE IS '日志标题';
COMMENT ON COLUMN SYS_LOG.CREATE_USER IS '创建者';
COMMENT ON COLUMN SYS_LOG.CREATE_DATE IS '创建时间';
COMMENT ON COLUMN SYS_LOG.REMOTE_ADDR IS '操作用户的IP地址';
COMMENT ON COLUMN SYS_LOG.USER_AGENT IS '操作用户代理信息';
COMMENT ON COLUMN SYS_LOG.REQUEST_URI IS '操作的URI';
COMMENT ON COLUMN SYS_LOG.METHOD IS '操作的方式';
COMMENT ON COLUMN SYS_LOG.PARAMS IS '操作提交的数据';
COMMENT ON COLUMN SYS_LOG.EXCEPTION IS '异常信息';
COMMENT ON COLUMN SYS_LOG.SPEND_TIME IS '耗费时间';


DROP TABLE SYS_MENU CASCADE CONSTRAINTS;
CREATE TABLE SYS_MENU (
ID CHAR(32) not null ,
PARENT_ID CHAR(32),
NAME VARCHAR2(50),
URL VARCHAR2(500),
SEQUENCE NUMBER(10),
ICON VARCHAR2(50),
TARGET VARCHAR2(50)
);
ALTER TABLE SYS_MENU ADD CONSTRAINT SYS_MENU_ID PRIMARY KEY (ID);
COMMENT ON TABLE SYS_MENU IS '导航菜单';
COMMENT ON COLUMN SYS_MENU.ID IS '主键';
COMMENT ON COLUMN SYS_MENU.PARENT_ID IS '外键';
COMMENT ON COLUMN SYS_MENU.NAME IS '名称';
COMMENT ON COLUMN SYS_MENU.URL IS 'URL';
COMMENT ON COLUMN SYS_MENU.SEQUENCE IS '排序';
COMMENT ON COLUMN SYS_MENU.ICON IS '图标';
COMMENT ON COLUMN SYS_MENU.TARGET IS '打开方式';


DROP TABLE SYS_MODULE CASCADE CONSTRAINTS;
CREATE TABLE SYS_MODULE (
ID CHAR(32) not null ,
NAME VARCHAR2(50),
SHIRO VARCHAR2(50)
);
ALTER TABLE SYS_MODULE ADD CONSTRAINT SYS_MODULE_ID PRIMARY KEY (ID);
COMMENT ON TABLE SYS_MODULE IS '系统模块';
COMMENT ON COLUMN SYS_MODULE.ID IS '主键';
COMMENT ON COLUMN SYS_MODULE.NAME IS '模块名称';
COMMENT ON COLUMN SYS_MODULE.SHIRO IS '权限';


DROP TABLE SYS_MODULE_PERMISSION CASCADE CONSTRAINTS;
CREATE TABLE SYS_MODULE_PERMISSION (
MODULE_ID CHAR(32) not null ,
PERMISSION_ID VARCHAR2(50) not null 
);
ALTER TABLE SYS_MODULE_PERMISSION ADD CONSTRAINT SYS_MODULE_PERMISSION_ID PRIMARY KEY (MODULE_ID,PERMISSION_ID);
COMMENT ON TABLE SYS_MODULE_PERMISSION IS '模块权限';
COMMENT ON COLUMN SYS_MODULE_PERMISSION.MODULE_ID IS '模块主键';
COMMENT ON COLUMN SYS_MODULE_PERMISSION.PERMISSION_ID IS '权限主键';


DROP TABLE SYS_PERMISSION CASCADE CONSTRAINTS;
CREATE TABLE SYS_PERMISSION (
ID VARCHAR2(50) not null ,
SEQUENCE NUMBER(10),
NAME VARCHAR2(50)
);
ALTER TABLE SYS_PERMISSION ADD CONSTRAINT SYS_PERMISSION_ID PRIMARY KEY (ID);
COMMENT ON TABLE SYS_PERMISSION IS '权限';
COMMENT ON COLUMN SYS_PERMISSION.ID IS '主键';
COMMENT ON COLUMN SYS_PERMISSION.SEQUENCE IS '排序';
COMMENT ON COLUMN SYS_PERMISSION.NAME IS '权限名';


DROP TABLE SYS_ROLE CASCADE CONSTRAINTS;
CREATE TABLE SYS_ROLE (
ID CHAR(32) not null ,
NAME VARCHAR2(50),
SHIRO VARCHAR2(50)
);
ALTER TABLE SYS_ROLE ADD CONSTRAINT SYS_ROLE_ID PRIMARY KEY (ID);
COMMENT ON TABLE SYS_ROLE IS '角色';
COMMENT ON COLUMN SYS_ROLE.ID IS '主键';
COMMENT ON COLUMN SYS_ROLE.NAME IS '角色名';
COMMENT ON COLUMN SYS_ROLE.SHIRO IS '权限';


DROP TABLE SYS_ROLE_MENU CASCADE CONSTRAINTS;
CREATE TABLE SYS_ROLE_MENU (
ROLE_ID CHAR(32) not null ,
MENU_ID CHAR(32) not null 
);
ALTER TABLE SYS_ROLE_MENU ADD CONSTRAINT SYS_ROLE_MENU_ID PRIMARY KEY (ROLE_ID,MENU_ID);
COMMENT ON TABLE SYS_ROLE_MENU IS '角色菜单';
COMMENT ON COLUMN SYS_ROLE_MENU.ROLE_ID IS '角色主键';
COMMENT ON COLUMN SYS_ROLE_MENU.MENU_ID IS '菜单主键';


DROP TABLE SYS_ROLE_MODULE CASCADE CONSTRAINTS;
CREATE TABLE SYS_ROLE_MODULE (
ROLE_ID CHAR(32) not null ,
MODULE_ID CHAR(32) not null 
);
ALTER TABLE SYS_ROLE_MODULE ADD CONSTRAINT SYS_ROLE_MODULE_ID PRIMARY KEY (ROLE_ID,MODULE_ID);
COMMENT ON TABLE SYS_ROLE_MODULE IS '角色模块';
COMMENT ON COLUMN SYS_ROLE_MODULE.ROLE_ID IS '角色主键';
COMMENT ON COLUMN SYS_ROLE_MODULE.MODULE_ID IS '模块主键';


DROP TABLE SYS_SKINS CASCADE CONSTRAINTS;
CREATE TABLE SYS_SKINS (
ID CHAR(32) not null ,
NAME VARCHAR2(50),
URL VARCHAR2(100),
STATE VARCHAR2(1),
MAIN VARCHAR2(100)
);
ALTER TABLE SYS_SKINS ADD CONSTRAINT SYS_SKINS_ID PRIMARY KEY (ID);
COMMENT ON TABLE SYS_SKINS IS '系统皮肤';
COMMENT ON COLUMN SYS_SKINS.ID IS '主键';
COMMENT ON COLUMN SYS_SKINS.NAME IS '说明';
COMMENT ON COLUMN SYS_SKINS.URL IS '路径';
COMMENT ON COLUMN SYS_SKINS.STATE IS '状态';
COMMENT ON COLUMN SYS_SKINS.MAIN IS '页面';


DROP TABLE SYS_UPLOADFILE CASCADE CONSTRAINTS;
CREATE TABLE SYS_UPLOADFILE (
ID CHAR(32),
VIEWNAME VARCHAR2(100),
REALNAME VARCHAR2(100),
URL VARCHAR2(500),
REALURL VARCHAR2(500),
SUFFIX VARCHAR2(10),
FILESIZE VARCHAR2(50),
CREATEDATE DATE
);

COMMENT ON TABLE SYS_UPLOADFILE IS '系统附件表';
COMMENT ON COLUMN SYS_UPLOADFILE.ID IS '主键';
COMMENT ON COLUMN SYS_UPLOADFILE.VIEWNAME IS '文件原名';
COMMENT ON COLUMN SYS_UPLOADFILE.REALNAME IS '文件存储名';
COMMENT ON COLUMN SYS_UPLOADFILE.URL IS 'WEB访问路径';
COMMENT ON COLUMN SYS_UPLOADFILE.REALURL IS '服务器真实路径';
COMMENT ON COLUMN SYS_UPLOADFILE.SUFFIX IS '后缀名';
COMMENT ON COLUMN SYS_UPLOADFILE.FILESIZE IS '文件大小';
COMMENT ON COLUMN SYS_UPLOADFILE.CREATEDATE IS '上传时间';


DROP TABLE SYS_USER CASCADE CONSTRAINTS;
CREATE TABLE SYS_USER (
ID CHAR(32) not null ,
USER_NAME VARCHAR2(50),
PASSWORD VARCHAR2(50),
NAME VARCHAR2(50),
DEPARTMENT_ID CHAR(32),
STATE CHAR(1),
EMAIL VARCHAR2(50),
PHONE VARCHAR2(50),
HEAD_ICON VARCHAR2(100)
);
ALTER TABLE SYS_USER ADD CONSTRAINT SYS_USER_ID PRIMARY KEY (ID);
COMMENT ON TABLE SYS_USER IS '用户信息';
COMMENT ON COLUMN SYS_USER.ID IS '主键';
COMMENT ON COLUMN SYS_USER.USER_NAME IS '账号';
COMMENT ON COLUMN SYS_USER.PASSWORD IS '密码';
COMMENT ON COLUMN SYS_USER.NAME IS '用户名';
COMMENT ON COLUMN SYS_USER.DEPARTMENT_ID IS '部门';
COMMENT ON COLUMN SYS_USER.STATE IS '状态';
COMMENT ON COLUMN SYS_USER.EMAIL IS '邮箱';
COMMENT ON COLUMN SYS_USER.PHONE IS '电话';
COMMENT ON COLUMN SYS_USER.HEAD_ICON IS '头像';


DROP TABLE SYS_USER_ROLE CASCADE CONSTRAINTS;
CREATE TABLE SYS_USER_ROLE (
USER_ID CHAR(32) not null ,
ROLE_ID CHAR(32) not null 
);
ALTER TABLE SYS_USER_ROLE ADD CONSTRAINT SYS_USER_ROLE_ID PRIMARY KEY (USER_ID,ROLE_ID);
COMMENT ON TABLE SYS_USER_ROLE IS '用户角色';
COMMENT ON COLUMN SYS_USER_ROLE.USER_ID IS '用户主键';
COMMENT ON COLUMN SYS_USER_ROLE.ROLE_ID IS '角色主键';


INSERT INTO BO_DEMO (ID,CREATE_DATE,CREATE_USER,UPDATE_DATE,UPDATE_USER,REMARKS,DEL_FLAG,TREE_ID,EXPRESSION,USER_NAME,USER_SEX,USER_AGE,USER_BIRTHDAY,USER_ICON,USER_SUMMARY,DEPARTMENT_ID,MANAGER_ID,USER_INFO) 
VALUES ('6b62401d7bed480ea40619900e1f4e4f',to_date('2016-04-21 14:01:52','yyyy-mm-dd hh24:mi:ss'),'system',to_date('2016-07-06 20:10:00','yyyy-mm-dd hh24:mi:ss'),'system',null,null,'11522a6173804d5ea075ca052c76e20c','登录了','sysp','M',3,to_date('2013-06-04 00:00:00','yyyy-mm-dd hh24:mi:ss'),null,'<p>简介 ?</p>','e51ba1c688204117bd08b8ce2393e756','355222f869db4f4fb8a22e6888aabe48',null);

INSERT INTO BO_DEMO (ID,CREATE_DATE,CREATE_USER,UPDATE_DATE,UPDATE_USER,REMARKS,DEL_FLAG,TREE_ID,EXPRESSION,USER_NAME,USER_SEX,USER_AGE,USER_BIRTHDAY,USER_ICON,USER_SUMMARY,DEPARTMENT_ID,MANAGER_ID,USER_INFO) 
VALUES ('299726ebfdc74b1f8128b8c8846ed6f9',to_date('2016-07-15 14:41:39','yyyy-mm-dd hh24:mi:ss'),'system',null,null,null,null,null,'3a657ea8ddc745a698d51aeea2183f4d在2016-07-15 14:40:26登录','管理员示例','F',10,to_date('2006-07-19 00:00:00','yyyy-mm-dd hh24:mi:ss'),null,null,null,null,null);

INSERT INTO BO_INTERFACE_CATALOG (ID,CREATE_DATE,CREATE_USER,UPDATE_DATE,UPDATE_USER,DEL_FLAG,NAME,PARENT_ID,SEQUENCE) 
VALUES ('7cb68a1f3ca3473ca69f069ae711f9ac',to_date('2016-05-27 10:23:10','yyyy-mm-dd hh24:mi:ss'),'system',to_date('2016-05-27 10:23:10','yyyy-mm-dd hh24:mi:ss'),null,null,'系统接口','00000000000000000000000000000000',10);

INSERT INTO CMS_ARTICLE (ID,CREATE_DATE,CREATE_USER,UPDATE_DATE,UPDATE_USER,REMARKS,DEL_FLAG,SITE_ID,CATEGORY_ID,TITLE,SUB_TITLE,KEYWORDS,DESCRIPTION,SEQ,HITS,CONTENT,COPYFROM,CUSTOM_CONTENT_VIEW,VIEW_CONFIG,POSTER,TAG_ID) 
VALUES ('e3c57ab7a4f2446e8da4548a05b3d4bc',to_date('2016-07-28 15:21:28','yyyy-mm-dd hh24:mi:ss'),'system',to_date('2016-07-28 16:10:27','yyyy-mm-dd hh24:mi:ss'),null,null,null,'3efc39d838e645dfa62d3ada11370979','3f5149637e2a434c9c907bfd14bf0dab','DruidMonitor',null,null,null,0,66,null,null,null,null,'upload/cms/article/7dbfe328721b42689bc12eb780d5f735.png','24f30d19a59a4e879e6c360008d9345b,8975df1078494ba5b52e34795d09b399');

INSERT INTO CMS_ARTICLE (ID,CREATE_DATE,CREATE_USER,UPDATE_DATE,UPDATE_USER,REMARKS,DEL_FLAG,SITE_ID,CATEGORY_ID,TITLE,SUB_TITLE,KEYWORDS,DESCRIPTION,SEQ,HITS,CONTENT,COPYFROM,CUSTOM_CONTENT_VIEW,VIEW_CONFIG,POSTER,TAG_ID) 
VALUES ('094c596c78ab452ba9ea567b57661844',to_date('2016-07-21 19:41:17','yyyy-mm-dd hh24:mi:ss'),'system',to_date('2016-07-21 20:21:26','yyyy-mm-dd hh24:mi:ss'),null,null,null,'c8ed8ae6aedf403e989c9c895b1a282c','ad361ae87c034a20ae0985b761919289','祥和的小镇','向往中的居住地','祥和,静谧','感觉像电影中的上海滩，街上人来人往，匆匆忙忙，但城市却依然安静矗立。',5,2,null,null,null,null,'upload/cms/article/1a4faca2c9f94adfb3e180b1a66ca827.jpg',null);

INSERT INTO CMS_ARTICLE (ID,CREATE_DATE,CREATE_USER,UPDATE_DATE,UPDATE_USER,REMARKS,DEL_FLAG,SITE_ID,CATEGORY_ID,TITLE,SUB_TITLE,KEYWORDS,DESCRIPTION,SEQ,HITS,CONTENT,COPYFROM,CUSTOM_CONTENT_VIEW,VIEW_CONFIG,POSTER,TAG_ID) 
VALUES ('1ea68b089f8341c7bea94be5895afddc',to_date('2016-07-21 19:44:52','yyyy-mm-dd hh24:mi:ss'),'system',to_date('2016-07-27 14:41:16','yyyy-mm-dd hh24:mi:ss'),'system',null,null,'c8ed8ae6aedf403e989c9c895b1a282c','ad361ae87c034a20ae0985b761919289','旷野农场','旷野中一座小农场','农场','旷野中，地平线上一座孤独的城堡，这里是那么让人神往。',0,4,null,null,null,null,'upload/cms/article/5ba8c6475e3841d2bc7a2dd023f189f8.jpg','3915f15857a745ccb3fd1bc89ff9b6ab,101a966c760d4293a6fed341f981d5ee');

INSERT INTO CMS_ARTICLE (ID,CREATE_DATE,CREATE_USER,UPDATE_DATE,UPDATE_USER,REMARKS,DEL_FLAG,SITE_ID,CATEGORY_ID,TITLE,SUB_TITLE,KEYWORDS,DESCRIPTION,SEQ,HITS,CONTENT,COPYFROM,CUSTOM_CONTENT_VIEW,VIEW_CONFIG,POSTER,TAG_ID) 
VALUES ('80440e73dc1d4aa6acf24a1d7289c59d',to_date('2016-07-21 19:42:17','yyyy-mm-dd hh24:mi:ss'),'system',to_date('2016-07-22 14:58:49','yyyy-mm-dd hh24:mi:ss'),'system',null,null,'c8ed8ae6aedf403e989c9c895b1a282c','3d37818ae48748e19c9f4b3af3d0834d','被真格与罗辑思维看中','如何应对自媒体的焦虑和挣扎','真格','被真格与罗辑思维同样看中的胡辛束，如何应对自媒体的焦虑和挣扎',0,10,null,null,null,null,'upload/cms/article/86260056f19549b0bfd68120b246c461.jpg',null);

INSERT INTO CMS_ARTICLE (ID,CREATE_DATE,CREATE_USER,UPDATE_DATE,UPDATE_USER,REMARKS,DEL_FLAG,SITE_ID,CATEGORY_ID,TITLE,SUB_TITLE,KEYWORDS,DESCRIPTION,SEQ,HITS,CONTENT,COPYFROM,CUSTOM_CONTENT_VIEW,VIEW_CONFIG,POSTER,TAG_ID) 
VALUES ('094c596c78ab452ba9ea567b57661811',to_date('2016-07-21 19:41:17','yyyy-mm-dd hh24:mi:ss'),'system',to_date('2016-07-21 20:21:26','yyyy-mm-dd hh24:mi:ss'),null,null,'0','c8ed8ae6aedf403e989c9c895b1a282c','afcecbdc21c144e399d393672321adaa','祥和的小镇','向往中的居住地','祥和,静谧','感觉像电影中的上海滩，街上人来人往，匆匆忙忙，但城市却依然安静矗立。',5,null,null,null,null,null,'upload/cms/article/1a4faca2c9f94adfb3e180b1a66ca827.jpg',null);

INSERT INTO CMS_ARTICLE (ID,CREATE_DATE,CREATE_USER,UPDATE_DATE,UPDATE_USER,REMARKS,DEL_FLAG,SITE_ID,CATEGORY_ID,TITLE,SUB_TITLE,KEYWORDS,DESCRIPTION,SEQ,HITS,CONTENT,COPYFROM,CUSTOM_CONTENT_VIEW,VIEW_CONFIG,POSTER,TAG_ID) 
VALUES ('1ea68b089f8341c7bea94be5895afd22',to_date('2016-07-21 19:44:52','yyyy-mm-dd hh24:mi:ss'),'system',to_date('2016-07-21 20:17:33','yyyy-mm-dd hh24:mi:ss'),null,null,'0','c8ed8ae6aedf403e989c9c895b1a282c','afcecbdc21c144e399d393672321adaa','旷野农场','旷野中一座小农场','农场','旷野中，地平线上一座孤独的城堡，这里是那么让人神往。',0,null,null,null,null,null,'upload/cms/article/5ba8c6475e3841d2bc7a2dd023f189f8.jpg',null);

INSERT INTO CMS_ARTICLE (ID,CREATE_DATE,CREATE_USER,UPDATE_DATE,UPDATE_USER,REMARKS,DEL_FLAG,SITE_ID,CATEGORY_ID,TITLE,SUB_TITLE,KEYWORDS,DESCRIPTION,SEQ,HITS,CONTENT,COPYFROM,CUSTOM_CONTENT_VIEW,VIEW_CONFIG,POSTER,TAG_ID) 
VALUES ('d9ba590dbc8346a79b4305022c4b3933',to_date('2016-07-21 19:42:26','yyyy-mm-dd hh24:mi:ss'),'system',to_date('2016-07-21 20:22:02','yyyy-mm-dd hh24:mi:ss'),null,null,'0','c8ed8ae6aedf403e989c9c895b1a282c','afcecbdc21c144e399d393672321adaa','一点月光','山峦之上的一点点月光','山峦,月光','高山，白雪，一点月光，不需要别的任何，任何都是多于的。',0,null,null,null,null,null,'upload/cms/article/ea534eb327b74ad996cb28602812bc93.jpg',null);

INSERT INTO CMS_ARTICLE (ID,CREATE_DATE,CREATE_USER,UPDATE_DATE,UPDATE_USER,REMARKS,DEL_FLAG,SITE_ID,CATEGORY_ID,TITLE,SUB_TITLE,KEYWORDS,DESCRIPTION,SEQ,HITS,CONTENT,COPYFROM,CUSTOM_CONTENT_VIEW,VIEW_CONFIG,POSTER,TAG_ID) 
VALUES ('3a5a8d6198f6411f8c063b8413943e44',to_date('2016-07-21 19:43:22','yyyy-mm-dd hh24:mi:ss'),'system',to_date('2016-07-21 20:19:34','yyyy-mm-dd hh24:mi:ss'),null,null,'0','c8ed8ae6aedf403e989c9c895b1a282c','afcecbdc21c144e399d393672321adaa','苍山白云','视觉反差','黑白','苍山与白云，黑与白之间的对话，美的让人震撼。',0,null,null,null,null,null,'upload/cms/article/21571b59b4ef46ed9f38580e8cb20fb9.jpg',null);

INSERT INTO CMS_ARTICLE (ID,CREATE_DATE,CREATE_USER,UPDATE_DATE,UPDATE_USER,REMARKS,DEL_FLAG,SITE_ID,CATEGORY_ID,TITLE,SUB_TITLE,KEYWORDS,DESCRIPTION,SEQ,HITS,CONTENT,COPYFROM,CUSTOM_CONTENT_VIEW,VIEW_CONFIG,POSTER,TAG_ID) 
VALUES ('594d735695c34165a64d0aad210d9f55',to_date('2016-07-21 19:44:02','yyyy-mm-dd hh24:mi:ss'),'system',to_date('2016-07-21 20:18:42','yyyy-mm-dd hh24:mi:ss'),null,null,'0','c8ed8ae6aedf403e989c9c895b1a282c','afcecbdc21c144e399d393672321adaa','幽静小巷','让人安心的小巷','小巷','安静的小巷，地面微湿，让人可以立马就安静下来，心安处便是故乡。',0,null,null,null,null,null,'upload/cms/article/fb6d4cf07ab445ee81a0c675e2c96e44.jpg',null);

INSERT INTO CMS_ARTICLE (ID,CREATE_DATE,CREATE_USER,UPDATE_DATE,UPDATE_USER,REMARKS,DEL_FLAG,SITE_ID,CATEGORY_ID,TITLE,SUB_TITLE,KEYWORDS,DESCRIPTION,SEQ,HITS,CONTENT,COPYFROM,CUSTOM_CONTENT_VIEW,VIEW_CONFIG,POSTER,TAG_ID) 
VALUES ('094c596c78ab452ba9ea567b57661866',to_date('2016-07-21 19:41:17','yyyy-mm-dd hh24:mi:ss'),'system',to_date('2016-07-21 20:21:26','yyyy-mm-dd hh24:mi:ss'),null,null,'0','c8ed8ae6aedf403e989c9c895b1a282c','801e9fbdfb0f40a2859c9f5f4a3588f6','祥和的小镇','向往中的居住地','祥和,静谧','感觉像电影中的上海滩，街上人来人往，匆匆忙忙，但城市却依然安静矗立。',5,null,null,null,null,null,'upload/cms/article/1a4faca2c9f94adfb3e180b1a66ca827.jpg',null);

INSERT INTO CMS_ARTICLE (ID,CREATE_DATE,CREATE_USER,UPDATE_DATE,UPDATE_USER,REMARKS,DEL_FLAG,SITE_ID,CATEGORY_ID,TITLE,SUB_TITLE,KEYWORDS,DESCRIPTION,SEQ,HITS,CONTENT,COPYFROM,CUSTOM_CONTENT_VIEW,VIEW_CONFIG,POSTER,TAG_ID) 
VALUES ('1ea68b089f8341c7bea94be5895afd77',to_date('2016-07-21 19:44:52','yyyy-mm-dd hh24:mi:ss'),'system',to_date('2016-07-21 20:17:33','yyyy-mm-dd hh24:mi:ss'),null,null,'0','c8ed8ae6aedf403e989c9c895b1a282c','801e9fbdfb0f40a2859c9f5f4a3588f6','旷野农场','旷野中一座小农场','农场','旷野中，地平线上一座孤独的城堡，这里是那么让人神往。',0,1,null,null,null,null,'upload/cms/article/5ba8c6475e3841d2bc7a2dd023f189f8.jpg',null);

INSERT INTO CMS_ARTICLE (ID,CREATE_DATE,CREATE_USER,UPDATE_DATE,UPDATE_USER,REMARKS,DEL_FLAG,SITE_ID,CATEGORY_ID,TITLE,SUB_TITLE,KEYWORDS,DESCRIPTION,SEQ,HITS,CONTENT,COPYFROM,CUSTOM_CONTENT_VIEW,VIEW_CONFIG,POSTER,TAG_ID) 
VALUES ('d9ba590dbc8346a79b4305022c4b3988',to_date('2016-07-21 19:42:26','yyyy-mm-dd hh24:mi:ss'),'system',to_date('2016-07-21 20:22:02','yyyy-mm-dd hh24:mi:ss'),null,null,'0','c8ed8ae6aedf403e989c9c895b1a282c','801e9fbdfb0f40a2859c9f5f4a3588f6','一点月光','山峦之上的一点点月光','山峦,月光','高山，白雪，一点月光，不需要别的任何，任何都是多于的。',0,null,null,null,null,null,'upload/cms/article/ea534eb327b74ad996cb28602812bc93.jpg',null);

INSERT INTO CMS_ARTICLE (ID,CREATE_DATE,CREATE_USER,UPDATE_DATE,UPDATE_USER,REMARKS,DEL_FLAG,SITE_ID,CATEGORY_ID,TITLE,SUB_TITLE,KEYWORDS,DESCRIPTION,SEQ,HITS,CONTENT,COPYFROM,CUSTOM_CONTENT_VIEW,VIEW_CONFIG,POSTER,TAG_ID) 
VALUES ('3a5a8d6198f6411f8c063b8413943e99',to_date('2016-07-21 19:43:22','yyyy-mm-dd hh24:mi:ss'),'system',to_date('2016-07-21 20:19:34','yyyy-mm-dd hh24:mi:ss'),null,null,'0','c8ed8ae6aedf403e989c9c895b1a282c','801e9fbdfb0f40a2859c9f5f4a3588f6','苍山白云','视觉反差','黑白','苍山与白云，黑与白之间的对话，美的让人震撼。',0,null,null,null,null,null,'upload/cms/article/21571b59b4ef46ed9f38580e8cb20fb9.jpg',null);

INSERT INTO CMS_ARTICLE (ID,CREATE_DATE,CREATE_USER,UPDATE_DATE,UPDATE_USER,REMARKS,DEL_FLAG,SITE_ID,CATEGORY_ID,TITLE,SUB_TITLE,KEYWORDS,DESCRIPTION,SEQ,HITS,CONTENT,COPYFROM,CUSTOM_CONTENT_VIEW,VIEW_CONFIG,POSTER,TAG_ID) 
VALUES ('594d735695c34165a64d0aad210d9f00',to_date('2016-07-21 19:44:02','yyyy-mm-dd hh24:mi:ss'),'system',to_date('2016-07-21 20:18:42','yyyy-mm-dd hh24:mi:ss'),null,null,'0','c8ed8ae6aedf403e989c9c895b1a282c','801e9fbdfb0f40a2859c9f5f4a3588f6','幽静小巷','让人安心的小巷','小巷','安静的小巷，地面微湿，让人可以立马就安静下来，心安处便是故乡。',0,null,null,null,null,null,'upload/cms/article/fb6d4cf07ab445ee81a0c675e2c96e44.jpg',null);

INSERT INTO CMS_ARTICLE (ID,CREATE_DATE,CREATE_USER,UPDATE_DATE,UPDATE_USER,REMARKS,DEL_FLAG,SITE_ID,CATEGORY_ID,TITLE,SUB_TITLE,KEYWORDS,DESCRIPTION,SEQ,HITS,CONTENT,COPYFROM,CUSTOM_CONTENT_VIEW,VIEW_CONFIG,POSTER,TAG_ID) 
VALUES ('094c596c78ab452ba9ea567b576618aa',to_date('2016-07-21 19:41:17','yyyy-mm-dd hh24:mi:ss'),'system',to_date('2016-07-21 20:21:26','yyyy-mm-dd hh24:mi:ss'),null,null,'0','c8ed8ae6aedf403e989c9c895b1a282c','3d37818ae48748e19c9f4b3af3d0834d','祥和的小镇','向往中的居住地','祥和,静谧','感觉像电影中的上海滩，街上人来人往，匆匆忙忙，但城市却依然安静矗立。',5,null,null,null,null,null,'upload/cms/article/1a4faca2c9f94adfb3e180b1a66ca827.jpg',null);

INSERT INTO CMS_ARTICLE (ID,CREATE_DATE,CREATE_USER,UPDATE_DATE,UPDATE_USER,REMARKS,DEL_FLAG,SITE_ID,CATEGORY_ID,TITLE,SUB_TITLE,KEYWORDS,DESCRIPTION,SEQ,HITS,CONTENT,COPYFROM,CUSTOM_CONTENT_VIEW,VIEW_CONFIG,POSTER,TAG_ID) 
VALUES ('1ea68b089f8341c7bea94be5895afdbb',to_date('2016-07-21 19:44:52','yyyy-mm-dd hh24:mi:ss'),'system',to_date('2016-07-21 20:17:33','yyyy-mm-dd hh24:mi:ss'),null,null,'0','c8ed8ae6aedf403e989c9c895b1a282c','3d37818ae48748e19c9f4b3af3d0834d','旷野农场','旷野中一座小农场','农场','旷野中，地平线上一座孤独的城堡，这里是那么让人神往。',0,null,null,null,null,null,'upload/cms/article/5ba8c6475e3841d2bc7a2dd023f189f8.jpg',null);

INSERT INTO CMS_ARTICLE (ID,CREATE_DATE,CREATE_USER,UPDATE_DATE,UPDATE_USER,REMARKS,DEL_FLAG,SITE_ID,CATEGORY_ID,TITLE,SUB_TITLE,KEYWORDS,DESCRIPTION,SEQ,HITS,CONTENT,COPYFROM,CUSTOM_CONTENT_VIEW,VIEW_CONFIG,POSTER,TAG_ID) 
VALUES ('d9ba590dbc8346a79b4305022c4b39cc',to_date('2016-07-21 19:42:26','yyyy-mm-dd hh24:mi:ss'),'system',to_date('2016-07-21 20:22:02','yyyy-mm-dd hh24:mi:ss'),null,null,'0','c8ed8ae6aedf403e989c9c895b1a282c','3d37818ae48748e19c9f4b3af3d0834d','一点月光','山峦之上的一点点月光','山峦,月光','高山，白雪，一点月光，不需要别的任何，任何都是多于的。',0,null,null,null,null,null,'upload/cms/article/ea534eb327b74ad996cb28602812bc93.jpg',null);

INSERT INTO CMS_ARTICLE (ID,CREATE_DATE,CREATE_USER,UPDATE_DATE,UPDATE_USER,REMARKS,DEL_FLAG,SITE_ID,CATEGORY_ID,TITLE,SUB_TITLE,KEYWORDS,DESCRIPTION,SEQ,HITS,CONTENT,COPYFROM,CUSTOM_CONTENT_VIEW,VIEW_CONFIG,POSTER,TAG_ID) 
VALUES ('3a5a8d6198f6411f8c063b8413943ess',to_date('2016-07-21 19:43:22','yyyy-mm-dd hh24:mi:ss'),'system',to_date('2016-07-21 20:19:34','yyyy-mm-dd hh24:mi:ss'),null,null,'0','c8ed8ae6aedf403e989c9c895b1a282c','3d37818ae48748e19c9f4b3af3d0834d','苍山白云','视觉反差','黑白','苍山与白云，黑与白之间的对话，美的让人震撼。',0,null,null,null,null,null,'upload/cms/article/21571b59b4ef46ed9f38580e8cb20fb9.jpg',null);

INSERT INTO CMS_ARTICLE (ID,CREATE_DATE,CREATE_USER,UPDATE_DATE,UPDATE_USER,REMARKS,DEL_FLAG,SITE_ID,CATEGORY_ID,TITLE,SUB_TITLE,KEYWORDS,DESCRIPTION,SEQ,HITS,CONTENT,COPYFROM,CUSTOM_CONTENT_VIEW,VIEW_CONFIG,POSTER,TAG_ID) 
VALUES ('594d735695c34165a64d0aad210d9fww',to_date('2016-07-21 19:44:02','yyyy-mm-dd hh24:mi:ss'),'system',to_date('2016-07-21 20:18:42','yyyy-mm-dd hh24:mi:ss'),null,null,'0','c8ed8ae6aedf403e989c9c895b1a282c','3d37818ae48748e19c9f4b3af3d0834d','幽静小巷','让人安心的小巷','小巷','安静的小巷，地面微湿，让人可以立马就安静下来，心安处便是故乡。',0,null,null,null,null,null,'upload/cms/article/fb6d4cf07ab445ee81a0c675e2c96e44.jpg',null);

INSERT INTO CMS_ARTICLE (ID,CREATE_DATE,CREATE_USER,UPDATE_DATE,UPDATE_USER,REMARKS,DEL_FLAG,SITE_ID,CATEGORY_ID,TITLE,SUB_TITLE,KEYWORDS,DESCRIPTION,SEQ,HITS,CONTENT,COPYFROM,CUSTOM_CONTENT_VIEW,VIEW_CONFIG,POSTER,TAG_ID) 
VALUES ('d9ba590dbc8346a79b4305022c4b39a2',to_date('2016-07-21 19:42:26','yyyy-mm-dd hh24:mi:ss'),'system',to_date('2016-07-21 20:22:02','yyyy-mm-dd hh24:mi:ss'),null,null,null,'c8ed8ae6aedf403e989c9c895b1a282c','ad361ae87c034a20ae0985b761919289','一点月光','山峦之上的一点点月光','山峦,月光','高山，白雪，一点月光，不需要别的任何，任何都是多于的。',0,1,null,null,null,null,'upload/cms/article/ea534eb327b74ad996cb28602812bc93.jpg',null);

INSERT INTO CMS_ARTICLE (ID,CREATE_DATE,CREATE_USER,UPDATE_DATE,UPDATE_USER,REMARKS,DEL_FLAG,SITE_ID,CATEGORY_ID,TITLE,SUB_TITLE,KEYWORDS,DESCRIPTION,SEQ,HITS,CONTENT,COPYFROM,CUSTOM_CONTENT_VIEW,VIEW_CONFIG,POSTER,TAG_ID) 
VALUES ('3a5a8d6198f6411f8c063b8413943e29',to_date('2016-07-21 19:43:22','yyyy-mm-dd hh24:mi:ss'),'system',to_date('2016-07-21 20:19:34','yyyy-mm-dd hh24:mi:ss'),null,null,null,'c8ed8ae6aedf403e989c9c895b1a282c','ad361ae87c034a20ae0985b761919289','苍山白云','视觉反差','黑白','苍山与白云，黑与白之间的对话，美的让人震撼。',0,1,null,null,null,null,'upload/cms/article/21571b59b4ef46ed9f38580e8cb20fb9.jpg',null);

INSERT INTO CMS_ARTICLE (ID,CREATE_DATE,CREATE_USER,UPDATE_DATE,UPDATE_USER,REMARKS,DEL_FLAG,SITE_ID,CATEGORY_ID,TITLE,SUB_TITLE,KEYWORDS,DESCRIPTION,SEQ,HITS,CONTENT,COPYFROM,CUSTOM_CONTENT_VIEW,VIEW_CONFIG,POSTER,TAG_ID) 
VALUES ('594d735695c34165a64d0aad210d9fd6',to_date('2016-07-21 19:44:02','yyyy-mm-dd hh24:mi:ss'),'system',to_date('2016-07-21 20:18:42','yyyy-mm-dd hh24:mi:ss'),null,null,null,'c8ed8ae6aedf403e989c9c895b1a282c','ad361ae87c034a20ae0985b761919289','幽静小巷','让人安心的小巷','小巷','安静的小巷，地面微湿，让人可以立马就安静下来，心安处便是故乡。',0,3,null,null,null,null,'upload/cms/article/fb6d4cf07ab445ee81a0c675e2c96e44.jpg',null);

INSERT INTO CMS_ARTICLE (ID,CREATE_DATE,CREATE_USER,UPDATE_DATE,UPDATE_USER,REMARKS,DEL_FLAG,SITE_ID,CATEGORY_ID,TITLE,SUB_TITLE,KEYWORDS,DESCRIPTION,SEQ,HITS,CONTENT,COPYFROM,CUSTOM_CONTENT_VIEW,VIEW_CONFIG,POSTER,TAG_ID) 
VALUES ('f436979d1f7247d6b2922fb4e36e7c64',to_date('2016-07-28 15:21:47','yyyy-mm-dd hh24:mi:ss'),'system',to_date('2016-07-28 16:10:09','yyyy-mm-dd hh24:mi:ss'),null,null,null,'3efc39d838e645dfa62d3ada11370979','3f5149637e2a434c9c907bfd14bf0dab','定时任务计划',null,null,null,0,13,null,null,null,null,'upload/cms/article/ac2cabafddf14f17ba7db961faf673c4.png','24f30d19a59a4e879e6c360008d9345b,d765fb9e851e41fcbef5d4042834b2e2');

INSERT INTO CMS_ARTICLE (ID,CREATE_DATE,CREATE_USER,UPDATE_DATE,UPDATE_USER,REMARKS,DEL_FLAG,SITE_ID,CATEGORY_ID,TITLE,SUB_TITLE,KEYWORDS,DESCRIPTION,SEQ,HITS,CONTENT,COPYFROM,CUSTOM_CONTENT_VIEW,VIEW_CONFIG,POSTER,TAG_ID) 
VALUES ('093eb0b246e545a083746b972d16ef0b',to_date('2016-07-28 14:32:28','yyyy-mm-dd hh24:mi:ss'),'system',to_date('2016-07-28 16:14:19','yyyy-mm-dd hh24:mi:ss'),null,null,null,'3efc39d838e645dfa62d3ada11370979','3f5149637e2a434c9c907bfd14bf0dab','牛逼轰轰的数据库建模',null,null,'直接创建数据库表和列，并可视化配置组件，表单上自动生成，很牛叉',5,11,null,null,null,null,'upload/cms/article/6b15c43435e1425ab0c8b64f59cc6fab.png','24f30d19a59a4e879e6c360008d9345b');

INSERT INTO CMS_ARTICLE (ID,CREATE_DATE,CREATE_USER,UPDATE_DATE,UPDATE_USER,REMARKS,DEL_FLAG,SITE_ID,CATEGORY_ID,TITLE,SUB_TITLE,KEYWORDS,DESCRIPTION,SEQ,HITS,CONTENT,COPYFROM,CUSTOM_CONTENT_VIEW,VIEW_CONFIG,POSTER,TAG_ID) 
VALUES ('461c7e6bb9c543319db906813d528031',to_date('2016-07-28 14:33:31','yyyy-mm-dd hh24:mi:ss'),'system',to_date('2016-07-28 16:14:03','yyyy-mm-dd hh24:mi:ss'),null,null,null,'3efc39d838e645dfa62d3ada11370979','3f5149637e2a434c9c907bfd14bf0dab','开发平台系统管理',null,null,'通用的系统配置，值得一说的是定时任务计划，可以可视化配置定时任务计划的执行与暂停',0,1,null,null,null,null,'upload/cms/article/a41c598d9a7a4d52b974499751999af1.png','8975df1078494ba5b52e34795d09b399,24f30d19a59a4e879e6c360008d9345b');

INSERT INTO CMS_ARTICLE (ID,CREATE_DATE,CREATE_USER,UPDATE_DATE,UPDATE_USER,REMARKS,DEL_FLAG,SITE_ID,CATEGORY_ID,TITLE,SUB_TITLE,KEYWORDS,DESCRIPTION,SEQ,HITS,CONTENT,COPYFROM,CUSTOM_CONTENT_VIEW,VIEW_CONFIG,POSTER,TAG_ID) 
VALUES ('d7176c5cf926464596e0a8e7bee8c9c9',to_date('2016-07-28 15:20:58','yyyy-mm-dd hh24:mi:ss'),'system',to_date('2016-07-28 16:13:45','yyyy-mm-dd hh24:mi:ss'),null,null,null,'3efc39d838e645dfa62d3ada11370979','3f5149637e2a434c9c907bfd14bf0dab','头像上传功能',null,null,null,0,5,null,null,null,null,'upload/cms/article/9455a57ca88043849dce4081dbca465b.png','d5f15176c35145e7b48c6fd35ddb3f62,d765fb9e851e41fcbef5d4042834b2e2');

INSERT INTO CMS_ARTICLE (ID,CREATE_DATE,CREATE_USER,UPDATE_DATE,UPDATE_USER,REMARKS,DEL_FLAG,SITE_ID,CATEGORY_ID,TITLE,SUB_TITLE,KEYWORDS,DESCRIPTION,SEQ,HITS,CONTENT,COPYFROM,CUSTOM_CONTENT_VIEW,VIEW_CONFIG,POSTER,TAG_ID) 
VALUES ('5456a6df4fb64034a86f6e823475904b',to_date('2016-07-28 14:19:16','yyyy-mm-dd hh24:mi:ss'),null,to_date('2016-07-28 16:14:39','yyyy-mm-dd hh24:mi:ss'),null,null,null,'3efc39d838e645dfa62d3ada11370979','3f5149637e2a434c9c907bfd14bf0dab','Kensite开发平台正式发布','这是一个非常好用且免费开源的java快速开发平台','kensite,java,免费,开源,开发平台','这是一个非常好用且免费开源的java快速开发平台，她基于maven搭建而成采用非常流行的springmvc+mybatis构建。',0,26,null,null,null,null,'upload/cms/article/b648ea991b3a4fbca781e871b41a2396.png','d5f15176c35145e7b48c6fd35ddb3f62,8975df1078494ba5b52e34795d09b399,d765fb9e851e41fcbef5d4042834b2e2');

INSERT INTO CMS_CATEGORY (ID,CREATE_DATE,CREATE_USER,UPDATE_DATE,UPDATE_USER,REMARKS,DEL_FLAG,SITE_ID,MODULE,NAME,PARENT_ID,HREF,TARGET,DESCRIPTION,KEYWORDS,SEQ,IN_MENU,IN_LIST,IS_COMMENT,IS_AUDIT,CUSTOM_LIST_VIEW,CUSTOM_CONTENT_VIEW,VIEW_CONFIG,EXTENDS_INFO) 
VALUES ('ad361ae87c034a20ae0985b761919289',to_date('2016-07-21 19:24:40','yyyy-mm-dd hh24:mi:ss'),'system',to_date('2016-07-21 19:26:37','yyyy-mm-dd hh24:mi:ss'),'system',null,null,'c8ed8ae6aedf403e989c9c895b1a282c','CD','出去嗨','00000000000000000000000000000000',null,null,null,null,50,'Y','Y','Y','Y',null,null,null,null);

INSERT INTO CMS_CATEGORY (ID,CREATE_DATE,CREATE_USER,UPDATE_DATE,UPDATE_USER,REMARKS,DEL_FLAG,SITE_ID,MODULE,NAME,PARENT_ID,HREF,TARGET,DESCRIPTION,KEYWORDS,SEQ,IN_MENU,IN_LIST,IS_COMMENT,IS_AUDIT,CUSTOM_LIST_VIEW,CUSTOM_CONTENT_VIEW,VIEW_CONFIG,EXTENDS_INFO) 
VALUES ('afcecbdc21c144e399d393672321adaa',to_date('2016-07-21 19:25:02','yyyy-mm-dd hh24:mi:ss'),'system',to_date('2016-07-21 19:26:28','yyyy-mm-dd hh24:mi:ss'),'system',null,null,'c8ed8ae6aedf403e989c9c895b1a282c','CD','嗨客说','00000000000000000000000000000000',null,null,null,null,55,'Y','Y','Y','Y',null,null,null,null);

INSERT INTO CMS_CATEGORY (ID,CREATE_DATE,CREATE_USER,UPDATE_DATE,UPDATE_USER,REMARKS,DEL_FLAG,SITE_ID,MODULE,NAME,PARENT_ID,HREF,TARGET,DESCRIPTION,KEYWORDS,SEQ,IN_MENU,IN_LIST,IS_COMMENT,IS_AUDIT,CUSTOM_LIST_VIEW,CUSTOM_CONTENT_VIEW,VIEW_CONFIG,EXTENDS_INFO) 
VALUES ('801e9fbdfb0f40a2859c9f5f4a3588f6',to_date('2016-07-21 19:25:26','yyyy-mm-dd hh24:mi:ss'),'system',to_date('2016-07-21 19:26:18','yyyy-mm-dd hh24:mi:ss'),'system',null,null,'c8ed8ae6aedf403e989c9c895b1a282c','CD','嗨视界','00000000000000000000000000000000',null,null,null,null,60,'Y','Y','Y','Y',null,null,null,null);

INSERT INTO CMS_CATEGORY (ID,CREATE_DATE,CREATE_USER,UPDATE_DATE,UPDATE_USER,REMARKS,DEL_FLAG,SITE_ID,MODULE,NAME,PARENT_ID,HREF,TARGET,DESCRIPTION,KEYWORDS,SEQ,IN_MENU,IN_LIST,IS_COMMENT,IS_AUDIT,CUSTOM_LIST_VIEW,CUSTOM_CONTENT_VIEW,VIEW_CONFIG,EXTENDS_INFO) 
VALUES ('3d37818ae48748e19c9f4b3af3d0834d',to_date('2016-07-21 19:31:23','yyyy-mm-dd hh24:mi:ss'),'system',to_date('2016-07-21 19:31:23','yyyy-mm-dd hh24:mi:ss'),null,null,null,'c8ed8ae6aedf403e989c9c895b1a282c','CD','嗨玩意','00000000000000000000000000000000',null,null,null,null,58,'Y','Y','Y','Y',null,null,null,null);

INSERT INTO CMS_CATEGORY (ID,CREATE_DATE,CREATE_USER,UPDATE_DATE,UPDATE_USER,REMARKS,DEL_FLAG,SITE_ID,MODULE,NAME,PARENT_ID,HREF,TARGET,DESCRIPTION,KEYWORDS,SEQ,IN_MENU,IN_LIST,IS_COMMENT,IS_AUDIT,CUSTOM_LIST_VIEW,CUSTOM_CONTENT_VIEW,VIEW_CONFIG,EXTENDS_INFO) 
VALUES ('3f5149637e2a434c9c907bfd14bf0dab',to_date('2016-07-28 09:53:50','yyyy-mm-dd hh24:mi:ss'),'system',to_date('2016-07-28 10:32:46','yyyy-mm-dd hh24:mi:ss'),'system',null,null,'3efc39d838e645dfa62d3ada11370979','CD','开发平台','00000000000000000000000000000000',null,'blank',null,null,0,'Y','Y','Y','Y',null,null,null,'glyphicon glyphicon-globe');

INSERT INTO CMS_CATEGORY (ID,CREATE_DATE,CREATE_USER,UPDATE_DATE,UPDATE_USER,REMARKS,DEL_FLAG,SITE_ID,MODULE,NAME,PARENT_ID,HREF,TARGET,DESCRIPTION,KEYWORDS,SEQ,IN_MENU,IN_LIST,IS_COMMENT,IS_AUDIT,CUSTOM_LIST_VIEW,CUSTOM_CONTENT_VIEW,VIEW_CONFIG,EXTENDS_INFO) 
VALUES ('f18d9400485b4e558369f5cbbbae2f23',to_date('2016-07-28 09:54:07','yyyy-mm-dd hh24:mi:ss'),'system',to_date('2016-07-28 10:33:04','yyyy-mm-dd hh24:mi:ss'),'system',null,null,'3efc39d838e645dfa62d3ada11370979','CD','学习资料','00000000000000000000000000000000',null,'blank',null,null,5,'Y','Y','Y','Y',null,null,null,'glyphicon glyphicon-erase');

INSERT INTO CMS_CATEGORY (ID,CREATE_DATE,CREATE_USER,UPDATE_DATE,UPDATE_USER,REMARKS,DEL_FLAG,SITE_ID,MODULE,NAME,PARENT_ID,HREF,TARGET,DESCRIPTION,KEYWORDS,SEQ,IN_MENU,IN_LIST,IS_COMMENT,IS_AUDIT,CUSTOM_LIST_VIEW,CUSTOM_CONTENT_VIEW,VIEW_CONFIG,EXTENDS_INFO) 
VALUES ('bf6c24e47ff3472bb3f03b866f7aa4c3',to_date('2016-07-28 09:54:38','yyyy-mm-dd hh24:mi:ss'),'system',to_date('2016-07-28 10:33:24','yyyy-mm-dd hh24:mi:ss'),'system',null,null,'3efc39d838e645dfa62d3ada11370979','CD','管理系统','00000000000000000000000000000000',null,'blank',null,null,10,'Y','Y','Y','Y',null,null,null,'glyphicon glyphicon-inbox');

INSERT INTO CMS_COLLECTIONS (ID,CREATE_DATE,CREATE_USER,UPDATE_DATE,UPDATE_USER,REMARKS,DEL_FLAG,SITE_ID,CATEGORY_ID,BASIC_ID,TYPE,CATEGORY) 
VALUES ('69d23085ef8f4e76939e6feae05c8ac0',to_date('2016-07-29 21:38:50','yyyy-mm-dd hh24:mi:ss'),null,to_date('2016-07-29 21:38:50','yyyy-mm-dd hh24:mi:ss'),null,null,null,null,'3f5149637e2a434c9c907bfd14bf0dab','e3c57ab7a4f2446e8da4548a05b3d4bc','2','article');

INSERT INTO CMS_COLLECTIONS (ID,CREATE_DATE,CREATE_USER,UPDATE_DATE,UPDATE_USER,REMARKS,DEL_FLAG,SITE_ID,CATEGORY_ID,BASIC_ID,TYPE,CATEGORY) 
VALUES ('87ffd0c91cb54a3f8af66f4e00f2c4a2',to_date('2016-07-22 13:30:45','yyyy-mm-dd hh24:mi:ss'),'system',to_date('2016-07-22 13:30:45','yyyy-mm-dd hh24:mi:ss'),null,null,null,null,'ad361ae87c034a20ae0985b761919289','1ea68b089f8341c7bea94be5895afddc','2','article');

INSERT INTO CMS_COLLECTIONS (ID,CREATE_DATE,CREATE_USER,UPDATE_DATE,UPDATE_USER,REMARKS,DEL_FLAG,SITE_ID,CATEGORY_ID,BASIC_ID,TYPE,CATEGORY) 
VALUES ('b2a136df15dd4d6d8bce5e9ba1b493a8',to_date('2016-07-22 13:31:59','yyyy-mm-dd hh24:mi:ss'),'system',to_date('2016-07-22 13:31:59','yyyy-mm-dd hh24:mi:ss'),null,null,null,null,'ad361ae87c034a20ae0985b761919289','594d735695c34165a64d0aad210d9fd6','2','article');

INSERT INTO CMS_COLLECTIONS (ID,CREATE_DATE,CREATE_USER,UPDATE_DATE,UPDATE_USER,REMARKS,DEL_FLAG,SITE_ID,CATEGORY_ID,BASIC_ID,TYPE,CATEGORY) 
VALUES ('25a5c2f25933449f9340a4374bb4b949',to_date('2016-07-22 13:32:03','yyyy-mm-dd hh24:mi:ss'),'system',to_date('2016-07-22 13:32:03','yyyy-mm-dd hh24:mi:ss'),null,null,null,null,'ad361ae87c034a20ae0985b761919289','594d735695c34165a64d0aad210d9fd6','2','article');

INSERT INTO CMS_COLLECTIONS (ID,CREATE_DATE,CREATE_USER,UPDATE_DATE,UPDATE_USER,REMARKS,DEL_FLAG,SITE_ID,CATEGORY_ID,BASIC_ID,TYPE,CATEGORY) 
VALUES ('27245bfd57e14ace89aa552182194a86',to_date('2016-07-22 13:32:16','yyyy-mm-dd hh24:mi:ss'),'system',to_date('2016-07-22 13:32:16','yyyy-mm-dd hh24:mi:ss'),null,null,null,null,'ad361ae87c034a20ae0985b761919289','3a5a8d6198f6411f8c063b8413943e29','2','article');

INSERT INTO CMS_COLLECTIONS (ID,CREATE_DATE,CREATE_USER,UPDATE_DATE,UPDATE_USER,REMARKS,DEL_FLAG,SITE_ID,CATEGORY_ID,BASIC_ID,TYPE,CATEGORY) 
VALUES ('bd98ebb9ff824f00922318159eb89ed9',to_date('2016-07-22 13:32:26','yyyy-mm-dd hh24:mi:ss'),'system',to_date('2016-07-22 13:32:26','yyyy-mm-dd hh24:mi:ss'),null,null,null,null,'ad361ae87c034a20ae0985b761919289','d9ba590dbc8346a79b4305022c4b39a2','2','article');

INSERT INTO CMS_COLLECTIONS (ID,CREATE_DATE,CREATE_USER,UPDATE_DATE,UPDATE_USER,REMARKS,DEL_FLAG,SITE_ID,CATEGORY_ID,BASIC_ID,TYPE,CATEGORY) 
VALUES ('6e85e8ab51da4aa7a172d0cd782b89f2',to_date('2016-07-22 13:32:36','yyyy-mm-dd hh24:mi:ss'),'system',to_date('2016-07-22 13:32:36','yyyy-mm-dd hh24:mi:ss'),null,null,null,null,'ad361ae87c034a20ae0985b761919289','094c596c78ab452ba9ea567b57661844','2','article');

INSERT INTO CMS_COLLECTIONS (ID,CREATE_DATE,CREATE_USER,UPDATE_DATE,UPDATE_USER,REMARKS,DEL_FLAG,SITE_ID,CATEGORY_ID,BASIC_ID,TYPE,CATEGORY) 
VALUES ('f3c3af12a8ab4c578b135d03838a34aa',to_date('2016-07-22 13:34:54','yyyy-mm-dd hh24:mi:ss'),'system',to_date('2016-07-22 13:34:54','yyyy-mm-dd hh24:mi:ss'),null,null,null,null,'ad361ae87c034a20ae0985b761919289','094c596c78ab452ba9ea567b57661844','2','article');

INSERT INTO CMS_COLLECTIONS (ID,CREATE_DATE,CREATE_USER,UPDATE_DATE,UPDATE_USER,REMARKS,DEL_FLAG,SITE_ID,CATEGORY_ID,BASIC_ID,TYPE,CATEGORY) 
VALUES ('cfdd4e91fb0e4d5ab87e02cccce6d43f',to_date('2016-07-22 13:35:14','yyyy-mm-dd hh24:mi:ss'),'system',to_date('2016-07-22 13:35:14','yyyy-mm-dd hh24:mi:ss'),null,null,null,null,'ad361ae87c034a20ae0985b761919289','094c596c78ab452ba9ea567b57661844','2','article');

INSERT INTO CMS_COLLECTIONS (ID,CREATE_DATE,CREATE_USER,UPDATE_DATE,UPDATE_USER,REMARKS,DEL_FLAG,SITE_ID,CATEGORY_ID,BASIC_ID,TYPE,CATEGORY) 
VALUES ('691a9e65edc94d28bab65abc01da58e1',to_date('2016-07-22 14:31:26','yyyy-mm-dd hh24:mi:ss'),'system',to_date('2016-07-22 14:31:26','yyyy-mm-dd hh24:mi:ss'),null,null,null,null,'ad361ae87c034a20ae0985b761919289','1ea68b089f8341c7bea94be5895afddc','2','article');

INSERT INTO CMS_COLLECTIONS (ID,CREATE_DATE,CREATE_USER,UPDATE_DATE,UPDATE_USER,REMARKS,DEL_FLAG,SITE_ID,CATEGORY_ID,BASIC_ID,TYPE,CATEGORY) 
VALUES ('309c8e40581a44f0976a5b20b5650f9c',to_date('2016-07-22 14:55:40','yyyy-mm-dd hh24:mi:ss'),'system',to_date('2016-07-22 14:55:40','yyyy-mm-dd hh24:mi:ss'),null,null,null,null,'3d37818ae48748e19c9f4b3af3d0834d','80440e73dc1d4aa6acf24a1d7289c59d','2','article');

INSERT INTO CMS_COLLECTIONS (ID,CREATE_DATE,CREATE_USER,UPDATE_DATE,UPDATE_USER,REMARKS,DEL_FLAG,SITE_ID,CATEGORY_ID,BASIC_ID,TYPE,CATEGORY) 
VALUES ('4333275d5088421d9ab0ba8e134cf96c',to_date('2016-07-22 14:56:03','yyyy-mm-dd hh24:mi:ss'),'system',to_date('2016-07-22 14:56:03','yyyy-mm-dd hh24:mi:ss'),null,null,null,null,'3d37818ae48748e19c9f4b3af3d0834d','80440e73dc1d4aa6acf24a1d7289c59d','2','article');

INSERT INTO CMS_COLLECTIONS (ID,CREATE_DATE,CREATE_USER,UPDATE_DATE,UPDATE_USER,REMARKS,DEL_FLAG,SITE_ID,CATEGORY_ID,BASIC_ID,TYPE,CATEGORY) 
VALUES ('f07c3964dc8841089ea95a77a0cd7c60',to_date('2016-07-29 09:33:18','yyyy-mm-dd hh24:mi:ss'),null,to_date('2016-07-29 09:33:18','yyyy-mm-dd hh24:mi:ss'),null,null,null,null,'3f5149637e2a434c9c907bfd14bf0dab','f436979d1f7247d6b2922fb4e36e7c64','2','article');

INSERT INTO CMS_COLLECTIONS (ID,CREATE_DATE,CREATE_USER,UPDATE_DATE,UPDATE_USER,REMARKS,DEL_FLAG,SITE_ID,CATEGORY_ID,BASIC_ID,TYPE,CATEGORY) 
VALUES ('f397a45e37cb444fbf4ea415d32925f6',to_date('2016-07-29 09:34:03','yyyy-mm-dd hh24:mi:ss'),null,to_date('2016-07-29 09:34:03','yyyy-mm-dd hh24:mi:ss'),null,null,null,null,'3f5149637e2a434c9c907bfd14bf0dab','f436979d1f7247d6b2922fb4e36e7c64','2','article');

INSERT INTO CMS_COLLECTIONS (ID,CREATE_DATE,CREATE_USER,UPDATE_DATE,UPDATE_USER,REMARKS,DEL_FLAG,SITE_ID,CATEGORY_ID,BASIC_ID,TYPE,CATEGORY) 
VALUES ('3fe291575a7a4e61867a840179a4765a',to_date('2016-07-29 09:34:07','yyyy-mm-dd hh24:mi:ss'),null,to_date('2016-07-29 09:34:07','yyyy-mm-dd hh24:mi:ss'),null,null,null,null,'3f5149637e2a434c9c907bfd14bf0dab','f436979d1f7247d6b2922fb4e36e7c64','2','article');

INSERT INTO CMS_COLLECTIONS (ID,CREATE_DATE,CREATE_USER,UPDATE_DATE,UPDATE_USER,REMARKS,DEL_FLAG,SITE_ID,CATEGORY_ID,BASIC_ID,TYPE,CATEGORY) 
VALUES ('20656840851c4ecaa19f1f32b891666c',to_date('2016-07-29 09:34:11','yyyy-mm-dd hh24:mi:ss'),null,to_date('2016-07-29 09:34:11','yyyy-mm-dd hh24:mi:ss'),null,null,null,null,'3f5149637e2a434c9c907bfd14bf0dab','f436979d1f7247d6b2922fb4e36e7c64','2','article');

INSERT INTO CMS_COLLECTIONS (ID,CREATE_DATE,CREATE_USER,UPDATE_DATE,UPDATE_USER,REMARKS,DEL_FLAG,SITE_ID,CATEGORY_ID,BASIC_ID,TYPE,CATEGORY) 
VALUES ('c9d12228833b45d7a521233ad0690425',to_date('2016-07-29 09:35:12','yyyy-mm-dd hh24:mi:ss'),null,to_date('2016-07-29 09:35:12','yyyy-mm-dd hh24:mi:ss'),null,null,null,null,'3f5149637e2a434c9c907bfd14bf0dab','f436979d1f7247d6b2922fb4e36e7c64','2','article');

INSERT INTO CMS_COLLECTIONS (ID,CREATE_DATE,CREATE_USER,UPDATE_DATE,UPDATE_USER,REMARKS,DEL_FLAG,SITE_ID,CATEGORY_ID,BASIC_ID,TYPE,CATEGORY) 
VALUES ('c18bb9e9d4454ed180fc505ad7d4ce2a',to_date('2016-07-29 09:35:14','yyyy-mm-dd hh24:mi:ss'),null,to_date('2016-07-29 09:35:14','yyyy-mm-dd hh24:mi:ss'),null,null,null,null,'3f5149637e2a434c9c907bfd14bf0dab','f436979d1f7247d6b2922fb4e36e7c64','2','article');

INSERT INTO CMS_COLLECTIONS (ID,CREATE_DATE,CREATE_USER,UPDATE_DATE,UPDATE_USER,REMARKS,DEL_FLAG,SITE_ID,CATEGORY_ID,BASIC_ID,TYPE,CATEGORY) 
VALUES ('3bd3c0880bf64e0aa7ef1b512ee3fdad',to_date('2016-07-29 09:39:26','yyyy-mm-dd hh24:mi:ss'),null,to_date('2016-07-29 09:39:26','yyyy-mm-dd hh24:mi:ss'),null,null,null,null,'3f5149637e2a434c9c907bfd14bf0dab','f436979d1f7247d6b2922fb4e36e7c64','2','article');

INSERT INTO CMS_COMMENT (ID,CREATE_DATE,CREATE_USER,UPDATE_DATE,UPDATE_USER,REMARKS,DEL_FLAG,SITE_ID,CATEGORY_ID,BASIC_ID,SCORE,CONTENT,USER_ID,USER_NAME,IP,AUDIT_USER_ID,AUDIT_USER_NAME,AUDIT_DATE,AUDIT_STATE) 
VALUES ('1d60667342574a5eb0e8844796516ed2',to_date('2016-07-29 11:21:17','yyyy-mm-dd hh24:mi:ss'),null,to_date('2016-07-29 11:21:17','yyyy-mm-dd hh24:mi:ss'),null,null,null,'3efc39d838e645dfa62d3ada11370979','3f5149637e2a434c9c907bfd14bf0dab','e3c57ab7a4f2446e8da4548a05b3d4bc',5,'文章写的真不错，很有帮助',null,'seeyouiken@163.com',null,null,null,null,'Y');

INSERT INTO CMS_COMMENT (ID,CREATE_DATE,CREATE_USER,UPDATE_DATE,UPDATE_USER,REMARKS,DEL_FLAG,SITE_ID,CATEGORY_ID,BASIC_ID,SCORE,CONTENT,USER_ID,USER_NAME,IP,AUDIT_USER_ID,AUDIT_USER_NAME,AUDIT_DATE,AUDIT_STATE) 
VALUES ('a5246ce06682452c96387a63a0de7de0',to_date('2016-07-29 11:25:09','yyyy-mm-dd hh24:mi:ss'),null,to_date('2016-07-29 11:25:09','yyyy-mm-dd hh24:mi:ss'),null,null,null,'3efc39d838e645dfa62d3ada11370979','3f5149637e2a434c9c907bfd14bf0dab','e3c57ab7a4f2446e8da4548a05b3d4bc',5,'文章总结的稍微有点浅，再深入一些会更好。',null,'2624030701@qq.com','0:0:0:0:0:0:0:1',null,null,null,'Y');

INSERT INTO CMS_COMMENT (ID,CREATE_DATE,CREATE_USER,UPDATE_DATE,UPDATE_USER,REMARKS,DEL_FLAG,SITE_ID,CATEGORY_ID,BASIC_ID,SCORE,CONTENT,USER_ID,USER_NAME,IP,AUDIT_USER_ID,AUDIT_USER_NAME,AUDIT_DATE,AUDIT_STATE) 
VALUES ('c94f20d4097a492cbf07fde07254565a',to_date('2016-07-19 13:56:56','yyyy-mm-dd hh24:mi:ss'),null,to_date('2016-07-19 15:01:55','yyyy-mm-dd hh24:mi:ss'),'system',null,'0','3efc39d838e645dfa62d3ada11370979','bf6c24e47ff3472bb3f03b866f7aa4c3','5456a6df4fb64034a86f6e823475904b',5,'真的很不错，推荐大家都来使用',null,null,'127.0.0.1','3a657ea8ddc745a698d51aeea2183f4d','管理员',to_date('2016-07-19 15:02:12','yyyy-mm-dd hh24:mi:ss'),'Y');

INSERT INTO CMS_COMMENT (ID,CREATE_DATE,CREATE_USER,UPDATE_DATE,UPDATE_USER,REMARKS,DEL_FLAG,SITE_ID,CATEGORY_ID,BASIC_ID,SCORE,CONTENT,USER_ID,USER_NAME,IP,AUDIT_USER_ID,AUDIT_USER_NAME,AUDIT_DATE,AUDIT_STATE) 
VALUES ('c926be157d6341b898cee91ac4094b4e',to_date('2016-07-29 14:44:36','yyyy-mm-dd hh24:mi:ss'),null,to_date('2016-07-29 14:44:36','yyyy-mm-dd hh24:mi:ss'),null,null,null,'3efc39d838e645dfa62d3ada11370979','3f5149637e2a434c9c907bfd14bf0dab','e3c57ab7a4f2446e8da4548a05b3d4bc',5,'DruidMonitor是阿里巴巴的数据库连接池，还是挺不错的',null,'seeyoui@163.com','0:0:0:0:0:0:0:1',null,null,null,'Y');

INSERT INTO CMS_GUESTBOOK (ID,CREATE_DATE,CREATE_USER,UPDATE_DATE,UPDATE_USER,REMARKS,DEL_FLAG,TYPE,CONTENT,NAME,EMAIL,PHONE,WORKUNIT,IP,REUSERID,REDATE,RECONTENT,SITE_ID) 
VALUES ('a34c0b91756c44529cea9fa50f29e2f7',to_date('2016-07-30 15:53:35','yyyy-mm-dd hh24:mi:ss'),null,to_date('2016-07-30 15:53:35','yyyy-mm-dd hh24:mi:ss'),null,null,null,null,'于大爷，师傅去你家找你去了','岳云鹏','yueyunpeng@163.com','15715665478','德云社',null,null,null,null,'3efc39d838e645dfa62d3ada11370979');

INSERT INTO CMS_GUESTBOOK (ID,CREATE_DATE,CREATE_USER,UPDATE_DATE,UPDATE_USER,REMARKS,DEL_FLAG,TYPE,CONTENT,NAME,EMAIL,PHONE,WORKUNIT,IP,REUSERID,REDATE,RECONTENT,SITE_ID) 
VALUES ('0f2ddd5c6ed1431db7093545817559b9',to_date('2016-07-30 14:03:19','yyyy-mm-dd hh24:mi:ss'),null,to_date('2016-07-30 15:37:52','yyyy-mm-dd hh24:mi:ss'),'system',null,null,null,'跟我来学说相声吧','郭德纲','guodegang@163.com',null,null,null,'3a657ea8ddc745a698d51aeea2183f4d',to_date('2016-07-30 15:37:58','yyyy-mm-dd hh24:mi:ss'),'好呀好呀','3efc39d838e645dfa62d3ada11370979');

INSERT INTO CMS_GUESTBOOK (ID,CREATE_DATE,CREATE_USER,UPDATE_DATE,UPDATE_USER,REMARKS,DEL_FLAG,TYPE,CONTENT,NAME,EMAIL,PHONE,WORKUNIT,IP,REUSERID,REDATE,RECONTENT,SITE_ID) 
VALUES ('64c7a9cec4144477bcc0daa982041f38',to_date('2016-07-30 14:04:43','yyyy-mm-dd hh24:mi:ss'),null,to_date('2016-07-30 15:38:00','yyyy-mm-dd hh24:mi:ss'),'system',null,null,null,'捧哏比逗哏有意思','于谦','yuqian@163.com',null,null,null,'3a657ea8ddc745a698d51aeea2183f4d',to_date('2016-07-30 15:38:16','yyyy-mm-dd hh24:mi:ss'),'是的呢，郭德纲可不这么认为','3efc39d838e645dfa62d3ada11370979');

INSERT INTO CMS_SITE (ID,CREATE_DATE,CREATE_USER,UPDATE_DATE,UPDATE_USER,REMARKS,DEL_FLAG,NAME,TITLE,LOGO,DOMAIN,DESCRIPTION,KEYWORDS,THEME,COPYRIGHT,CUSTOM_VIEW) 
VALUES ('3efc39d838e645dfa62d3ada11370979',to_date('2016-07-19 13:16:00','yyyy-mm-dd hh24:mi:ss'),'system',to_date('2016-07-28 13:31:53','yyyy-mm-dd hh24:mi:ss'),'system',null,null,'KEN博客','KEN博客','upload/none.jpg','kensite',null,'seeyoui,博客,kensite,学习','default','&copy; 2014-2016 kensite',null);

INSERT INTO CMS_SITE (ID,CREATE_DATE,CREATE_USER,UPDATE_DATE,UPDATE_USER,REMARKS,DEL_FLAG,NAME,TITLE,LOGO,DOMAIN,DESCRIPTION,KEYWORDS,THEME,COPYRIGHT,CUSTOM_VIEW) 
VALUES ('c8ed8ae6aedf403e989c9c895b1a282c',to_date('2016-07-15 16:13:44','yyyy-mm-dd hh24:mi:ss'),'system',to_date('2016-07-22 15:51:46','yyyy-mm-dd hh24:mi:ss'),null,null,null,'嗨社区','嗨社区','upload/cms/logo/975df8ba43b841f3b312af1287b44ddb.png','community','这是一个很有棒的社区','智慧、社区、seeyoui','default','&copy; 2014-2016 kensite',null);

INSERT INTO CMS_TAGCLOUD (ID,CREATE_DATE,CREATE_USER,UPDATE_DATE,UPDATE_USER,REMARKS,DEL_FLAG,SITE_ID,NAME) 
VALUES ('d765fb9e851e41fcbef5d4042834b2e2',to_date('2016-07-28 16:09:21','yyyy-mm-dd hh24:mi:ss'),null,to_date('2016-07-28 16:09:21','yyyy-mm-dd hh24:mi:ss'),null,null,null,'3efc39d838e645dfa62d3ada11370979','技术文章');

INSERT INTO CMS_TAGCLOUD (ID,CREATE_DATE,CREATE_USER,UPDATE_DATE,UPDATE_USER,REMARKS,DEL_FLAG,SITE_ID,NAME) 
VALUES ('8975df1078494ba5b52e34795d09b399',to_date('2016-07-28 16:09:33','yyyy-mm-dd hh24:mi:ss'),null,to_date('2016-07-28 16:09:33','yyyy-mm-dd hh24:mi:ss'),null,null,null,'3efc39d838e645dfa62d3ada11370979','功能描述');

INSERT INTO CMS_TAGCLOUD (ID,CREATE_DATE,CREATE_USER,UPDATE_DATE,UPDATE_USER,REMARKS,DEL_FLAG,SITE_ID,NAME) 
VALUES ('d5f15176c35145e7b48c6fd35ddb3f62',to_date('2016-07-28 16:09:49','yyyy-mm-dd hh24:mi:ss'),null,to_date('2016-07-28 16:09:49','yyyy-mm-dd hh24:mi:ss'),null,null,null,'3efc39d838e645dfa62d3ada11370979','前端教程');

INSERT INTO CMS_TAGCLOUD (ID,CREATE_DATE,CREATE_USER,UPDATE_DATE,UPDATE_USER,REMARKS,DEL_FLAG,SITE_ID,NAME) 
VALUES ('24f30d19a59a4e879e6c360008d9345b',to_date('2016-07-27 13:52:40','yyyy-mm-dd hh24:mi:ss'),'system',to_date('2016-07-28 16:09:03','yyyy-mm-dd hh24:mi:ss'),null,null,null,'3efc39d838e645dfa62d3ada11370979','开发平台');

INSERT INTO CMS_TAGCLOUD (ID,CREATE_DATE,CREATE_USER,UPDATE_DATE,UPDATE_USER,REMARKS,DEL_FLAG,SITE_ID,NAME) 
VALUES ('101a966c760d4293a6fed341f981d5ee',to_date('2016-07-27 13:52:59','yyyy-mm-dd hh24:mi:ss'),'system',to_date('2016-07-27 13:52:59','yyyy-mm-dd hh24:mi:ss'),null,null,null,'c8ed8ae6aedf403e989c9c895b1a282c','照片');

INSERT INTO CMS_TAGCLOUD (ID,CREATE_DATE,CREATE_USER,UPDATE_DATE,UPDATE_USER,REMARKS,DEL_FLAG,SITE_ID,NAME) 
VALUES ('3915f15857a745ccb3fd1bc89ff9b6ab',to_date('2016-07-27 13:53:06','yyyy-mm-dd hh24:mi:ss'),'system',to_date('2016-07-27 13:53:06','yyyy-mm-dd hh24:mi:ss'),null,null,null,'c8ed8ae6aedf403e989c9c895b1a282c','视频');

INSERT INTO JOB_QUARTZ_CONF (ID,CREATE_DATE,CREATE_USER,UPDATE_DATE,UPDATE_USER,REMARKS,DEL_FLAG,JOB_NAME,ALIAS_NAME,JOB_GROUP,JOB_TRIGGER,CRON_EXPRESSION,IS_SYNC,DESCRIPTION,STATUS,JOB_CLASS,START_AT,END_AT) 
VALUES ('e4039577137f40c98d6490b40e4ee452',to_date('2016-04-08 15:21:18','yyyy-mm-dd hh24:mi:ss'),'system',to_date('2016-04-08 16:47:10','yyyy-mm-dd hh24:mi:ss'),'system',null,null,'demoJob1','示例任务1','com_job','triggerdemoJob1','0/5 * * * * ?','N',null,'PAUSED','com.seeyoui.kensite.framework.quartz.job.SimpleJob',null,null);

INSERT INTO JOB_QUARTZ_CONF (ID,CREATE_DATE,CREATE_USER,UPDATE_DATE,UPDATE_USER,REMARKS,DEL_FLAG,JOB_NAME,ALIAS_NAME,JOB_GROUP,JOB_TRIGGER,CRON_EXPRESSION,IS_SYNC,DESCRIPTION,STATUS,JOB_CLASS,START_AT,END_AT) 
VALUES ('eb4be21a761a4d239e5f9536f78af6a8',to_date('2016-04-11 09:21:13','yyyy-mm-dd hh24:mi:ss'),'system',to_date('2016-04-11 09:21:28','yyyy-mm-dd hh24:mi:ss'),'system',null,null,'demoJob2','示例任务2','com_job','triggerdemoJob2','0/5 * * * * ?',null,null,'PAUSED','com.seeyoui.kensite.framework.quartz.job.SimpleJob1',null,null);

INSERT INTO MOD_TABLE (ID,CREATE_DATE,CREATE_USER,UPDATE_DATE,UPDATE_USER,NAME,COMMENTS,PARENT_TABLE,PARENT_TABLE_FK,REMARKS,DEL_FLAG,CATEGORY) 
VALUES ('bc6a7192b80e41ae95595de19bd908e1',to_date('2016-07-27 11:16:18','yyyy-mm-dd hh24:mi:ss'),'system',to_date('2016-07-30 11:19:17','yyyy-mm-dd hh24:mi:ss'),'system','CMS_TAGCLOUD','内容发布标签云',null,null,null,null,null);

INSERT INTO MOD_TABLE (ID,CREATE_DATE,CREATE_USER,UPDATE_DATE,UPDATE_USER,NAME,COMMENTS,PARENT_TABLE,PARENT_TABLE_FK,REMARKS,DEL_FLAG,CATEGORY) 
VALUES ('b0b0cf906df34ddfae7015002b7efb5c',to_date('2015-12-09 08:31:48','yyyy-mm-dd hh24:mi:ss'),'system',to_date('2015-12-09 08:31:48','yyyy-mm-dd hh24:mi:ss'),null,'BO_INTERFACE_CATALOG','接口目录',null,null,null,'0','普通表');

INSERT INTO MOD_TABLE (ID,CREATE_DATE,CREATE_USER,UPDATE_DATE,UPDATE_USER,NAME,COMMENTS,PARENT_TABLE,PARENT_TABLE_FK,REMARKS,DEL_FLAG,CATEGORY) 
VALUES ('5238f55b192a4392a6e1422d35c12cc2',to_date('2015-12-09 08:32:11','yyyy-mm-dd hh24:mi:ss'),'system',to_date('2015-12-09 08:32:11','yyyy-mm-dd hh24:mi:ss'),null,'BO_INTERFACE_DESC','接口描述',null,null,null,'0','普通表');

INSERT INTO MOD_TABLE (ID,CREATE_DATE,CREATE_USER,UPDATE_DATE,UPDATE_USER,NAME,COMMENTS,PARENT_TABLE,PARENT_TABLE_FK,REMARKS,DEL_FLAG,CATEGORY) 
VALUES ('c8ab465058644015a494fa32302fef9c',to_date('2015-12-28 14:20:59','yyyy-mm-dd hh24:mi:ss'),'system',to_date('2015-12-28 14:20:59','yyyy-mm-dd hh24:mi:ss'),null,'BO_DEMO','演示',null,null,null,null,'普通表');

INSERT INTO MOD_TABLE (ID,CREATE_DATE,CREATE_USER,UPDATE_DATE,UPDATE_USER,NAME,COMMENTS,PARENT_TABLE,PARENT_TABLE_FK,REMARKS,DEL_FLAG,CATEGORY) 
VALUES ('d7e5014fa38f4dc69e13346860ff9aed',to_date('2016-04-08 10:43:56','yyyy-mm-dd hh24:mi:ss'),'system',to_date('2016-04-08 10:43:56','yyyy-mm-dd hh24:mi:ss'),null,'JOB_QUARTZ_CONF','定时任务计划配置',null,null,null,null,'普通表');

INSERT INTO MOD_TABLE (ID,CREATE_DATE,CREATE_USER,UPDATE_DATE,UPDATE_USER,NAME,COMMENTS,PARENT_TABLE,PARENT_TABLE_FK,REMARKS,DEL_FLAG,CATEGORY) 
VALUES ('24c248867cad44238a484365b88fdc99',to_date('2016-07-30 11:20:23','yyyy-mm-dd hh24:mi:ss'),'system',null,null,'CMS_GUESTBOOK','内容发布留言板',null,null,null,null,null);

INSERT INTO MOD_TABLE (ID,CREATE_DATE,CREATE_USER,UPDATE_DATE,UPDATE_USER,NAME,COMMENTS,PARENT_TABLE,PARENT_TABLE_FK,REMARKS,DEL_FLAG,CATEGORY) 
VALUES ('798a221a479849bebfaaaf13fbecff6e',to_date('2016-07-15 10:57:35','yyyy-mm-dd hh24:mi:ss'),'system',null,null,'CMS_SITE','内容发布站点',null,null,null,null,null);

INSERT INTO MOD_TABLE (ID,CREATE_DATE,CREATE_USER,UPDATE_DATE,UPDATE_USER,NAME,COMMENTS,PARENT_TABLE,PARENT_TABLE_FK,REMARKS,DEL_FLAG,CATEGORY) 
VALUES ('a7c457869390499785cada0f121718cf',to_date('2016-07-15 10:57:58','yyyy-mm-dd hh24:mi:ss'),'system',null,null,'CMS_CATEGORY','内容发布栏目',null,null,null,null,null);

INSERT INTO MOD_TABLE (ID,CREATE_DATE,CREATE_USER,UPDATE_DATE,UPDATE_USER,NAME,COMMENTS,PARENT_TABLE,PARENT_TABLE_FK,REMARKS,DEL_FLAG,CATEGORY) 
VALUES ('0e86f2d5bc264187a3c828f672bb6e5d',to_date('2016-07-15 10:58:17','yyyy-mm-dd hh24:mi:ss'),'system',null,null,'CMS_ARTICLE','内容发布文章',null,null,null,null,null);

INSERT INTO MOD_TABLE (ID,CREATE_DATE,CREATE_USER,UPDATE_DATE,UPDATE_USER,NAME,COMMENTS,PARENT_TABLE,PARENT_TABLE_FK,REMARKS,DEL_FLAG,CATEGORY) 
VALUES ('4e0c28492c38454f8355e3400619559a',to_date('2016-07-15 10:58:33','yyyy-mm-dd hh24:mi:ss'),'system',null,null,'CMS_COMMENT','内容发布评价',null,null,null,null,null);

INSERT INTO MOD_TABLE (ID,CREATE_DATE,CREATE_USER,UPDATE_DATE,UPDATE_USER,NAME,COMMENTS,PARENT_TABLE,PARENT_TABLE_FK,REMARKS,DEL_FLAG,CATEGORY) 
VALUES ('1f0fecd2ddf1475682a277a7d5d3f147',to_date('2016-07-15 10:59:09','yyyy-mm-dd hh24:mi:ss'),'system',null,null,'CMS_COLLECTIONS','内容发布收藏',null,null,null,null,null);

INSERT INTO MOD_TABLE_COLUMN (ID,CREATE_DATE,CREATE_USER,UPDATE_DATE,UPDATE_USER,TABLE_NAME,NAME,COMMENTS,JDBC_TYPE,JDBC_LENGTH,IS_NULL,IS_EDIT,CATEGORY,DEFAULT_VALUE,VALID_TYPE,SETTINGS,REMARKS,DEL_FLAG,HTML_INNER,IS_LIST,IS_QUERY,LIST_WIDTH,QUERY_WIDTH,IS_SORT) 
VALUES ('df8c60d6725c4b3b895d8bac1a8061b1',to_date('2016-07-20 14:25:14','yyyy-mm-dd hh24:mi:ss'),'system',null,null,'CMS_ARTICLE','POSTER','海报','VARCHAR2','500','Y','H','textbox',null,null,'prompt:''''',null,null,null,'N','N',100,100,'N');

INSERT INTO MOD_TABLE_COLUMN (ID,CREATE_DATE,CREATE_USER,UPDATE_DATE,UPDATE_USER,TABLE_NAME,NAME,COMMENTS,JDBC_TYPE,JDBC_LENGTH,IS_NULL,IS_EDIT,CATEGORY,DEFAULT_VALUE,VALID_TYPE,SETTINGS,REMARKS,DEL_FLAG,HTML_INNER,IS_LIST,IS_QUERY,LIST_WIDTH,QUERY_WIDTH,IS_SORT) 
VALUES ('ed0f98c63e7c4bfc8e6740861bd117eb',to_date('2016-07-15 11:01:27','yyyy-mm-dd hh24:mi:ss'),'system',null,null,'CMS_SITE','LOGO','站点LOGO','VARCHAR2','500','Y','H','textbox',null,null,'prompt:''''',null,null,null,'N','N',100,100,'N');

INSERT INTO MOD_TABLE_COLUMN (ID,CREATE_DATE,CREATE_USER,UPDATE_DATE,UPDATE_USER,TABLE_NAME,NAME,COMMENTS,JDBC_TYPE,JDBC_LENGTH,IS_NULL,IS_EDIT,CATEGORY,DEFAULT_VALUE,VALID_TYPE,SETTINGS,REMARKS,DEL_FLAG,HTML_INNER,IS_LIST,IS_QUERY,LIST_WIDTH,QUERY_WIDTH,IS_SORT) 
VALUES ('e9bacaa3041947f0b2601f642309ce37',to_date('2016-07-15 11:04:28','yyyy-mm-dd hh24:mi:ss'),'system',null,null,'CMS_SITE','THEME','主题','VARCHAR2','100','Y','Y','combobox','default',null,'default:默认主题',null,null,null,'Y','Y',100,100,'N');

INSERT INTO MOD_TABLE_COLUMN (ID,CREATE_DATE,CREATE_USER,UPDATE_DATE,UPDATE_USER,TABLE_NAME,NAME,COMMENTS,JDBC_TYPE,JDBC_LENGTH,IS_NULL,IS_EDIT,CATEGORY,DEFAULT_VALUE,VALID_TYPE,SETTINGS,REMARKS,DEL_FLAG,HTML_INNER,IS_LIST,IS_QUERY,LIST_WIDTH,QUERY_WIDTH,IS_SORT) 
VALUES ('6e739980d2f34a50a3cf45fc6e00b774',to_date('2016-07-15 13:22:23','yyyy-mm-dd hh24:mi:ss'),'system',null,null,'CMS_CATEGORY','TARGET','目标','VARCHAR2','100','Y','Y','combobox',null,null,'blank|self',null,null,null,'N','N',100,100,'N');

INSERT INTO MOD_TABLE_COLUMN (ID,CREATE_DATE,CREATE_USER,UPDATE_DATE,UPDATE_USER,TABLE_NAME,NAME,COMMENTS,JDBC_TYPE,JDBC_LENGTH,IS_NULL,IS_EDIT,CATEGORY,DEFAULT_VALUE,VALID_TYPE,SETTINGS,REMARKS,DEL_FLAG,HTML_INNER,IS_LIST,IS_QUERY,LIST_WIDTH,QUERY_WIDTH,IS_SORT) 
VALUES ('ab644111ef9f4ac49fba3a9288bb19c0',to_date('2016-07-15 13:33:04','yyyy-mm-dd hh24:mi:ss'),'system',to_date('2016-07-18 09:53:47','yyyy-mm-dd hh24:mi:ss'),'system','CMS_CATEGORY','KEYWORDS','关键字','VARCHAR2','500','Y','Y','textbox',null,null,'prompt:''''',null,null,'style="width:405px;"','Y','Y',100,100,'N');

INSERT INTO MOD_TABLE_COLUMN (ID,CREATE_DATE,CREATE_USER,UPDATE_DATE,UPDATE_USER,TABLE_NAME,NAME,COMMENTS,JDBC_TYPE,JDBC_LENGTH,IS_NULL,IS_EDIT,CATEGORY,DEFAULT_VALUE,VALID_TYPE,SETTINGS,REMARKS,DEL_FLAG,HTML_INNER,IS_LIST,IS_QUERY,LIST_WIDTH,QUERY_WIDTH,IS_SORT) 
VALUES ('36836c9f671e46b3a5b9af67a73bfc50',to_date('2016-07-15 13:33:48','yyyy-mm-dd hh24:mi:ss'),'system',null,null,'CMS_CATEGORY','SEQ','权重','NUMBER','10','N','Y','numberbox','0',null,'max:999999,min:0,precision:0',null,null,null,'N','N',100,100,'N');

INSERT INTO MOD_TABLE_COLUMN (ID,CREATE_DATE,CREATE_USER,UPDATE_DATE,UPDATE_USER,TABLE_NAME,NAME,COMMENTS,JDBC_TYPE,JDBC_LENGTH,IS_NULL,IS_EDIT,CATEGORY,DEFAULT_VALUE,VALID_TYPE,SETTINGS,REMARKS,DEL_FLAG,HTML_INNER,IS_LIST,IS_QUERY,LIST_WIDTH,QUERY_WIDTH,IS_SORT) 
VALUES ('f15eda3182c3492f970647f92d54f8bd',to_date('2016-07-15 13:37:17','yyyy-mm-dd hh24:mi:ss'),'system',to_date('2016-07-18 09:24:00','yyyy-mm-dd hh24:mi:ss'),'system','CMS_CATEGORY','IN_MENU','是否导航显示','CHAR','1','Y','Y','combobox','Y',null,'DICT>0469a2108e854bbc83d5afa7b3367676',null,null,null,'Y','N',100,100,'N');

INSERT INTO MOD_TABLE_COLUMN (ID,CREATE_DATE,CREATE_USER,UPDATE_DATE,UPDATE_USER,TABLE_NAME,NAME,COMMENTS,JDBC_TYPE,JDBC_LENGTH,IS_NULL,IS_EDIT,CATEGORY,DEFAULT_VALUE,VALID_TYPE,SETTINGS,REMARKS,DEL_FLAG,HTML_INNER,IS_LIST,IS_QUERY,LIST_WIDTH,QUERY_WIDTH,IS_SORT) 
VALUES ('6864f17bd3f64f58a69da42f5e36025f',to_date('2016-07-15 13:38:49','yyyy-mm-dd hh24:mi:ss'),'system',to_date('2016-07-18 09:24:06','yyyy-mm-dd hh24:mi:ss'),'system','CMS_CATEGORY','IN_LIST','是否分类列表','CHAR','1','Y','Y','combobox','Y',null,'DICT>0469a2108e854bbc83d5afa7b3367676',null,null,null,'Y','N',100,100,'N');

INSERT INTO MOD_TABLE_COLUMN (ID,CREATE_DATE,CREATE_USER,UPDATE_DATE,UPDATE_USER,TABLE_NAME,NAME,COMMENTS,JDBC_TYPE,JDBC_LENGTH,IS_NULL,IS_EDIT,CATEGORY,DEFAULT_VALUE,VALID_TYPE,SETTINGS,REMARKS,DEL_FLAG,HTML_INNER,IS_LIST,IS_QUERY,LIST_WIDTH,QUERY_WIDTH,IS_SORT) 
VALUES ('18b2251936a74f938a760dcc05bcbfac',to_date('2016-07-15 13:42:38','yyyy-mm-dd hh24:mi:ss'),'system',to_date('2016-07-18 09:24:15','yyyy-mm-dd hh24:mi:ss'),'system','CMS_CATEGORY','IS_COMMENT','是否允许评论','CHAR','1','Y','Y','combobox','Y',null,'DICT>0469a2108e854bbc83d5afa7b3367676',null,null,null,'Y','N',100,100,'N');

INSERT INTO MOD_TABLE_COLUMN (ID,CREATE_DATE,CREATE_USER,UPDATE_DATE,UPDATE_USER,TABLE_NAME,NAME,COMMENTS,JDBC_TYPE,JDBC_LENGTH,IS_NULL,IS_EDIT,CATEGORY,DEFAULT_VALUE,VALID_TYPE,SETTINGS,REMARKS,DEL_FLAG,HTML_INNER,IS_LIST,IS_QUERY,LIST_WIDTH,QUERY_WIDTH,IS_SORT) 
VALUES ('5be7ed6c7cab4554806ddcd323ffd3e7',to_date('2016-07-15 13:47:16','yyyy-mm-dd hh24:mi:ss'),'system',to_date('2016-07-22 15:46:51','yyyy-mm-dd hh24:mi:ss'),null,'CMS_CATEGORY','VIEW_CONFIG','视图配置','CLOB',null,'Y','H','textarea',null,null,'multiline:true,prompt:''''',null,null,'style="height:100px;width:405px;"','N','N',100,100,'N');

INSERT INTO MOD_TABLE_COLUMN (ID,CREATE_DATE,CREATE_USER,UPDATE_DATE,UPDATE_USER,TABLE_NAME,NAME,COMMENTS,JDBC_TYPE,JDBC_LENGTH,IS_NULL,IS_EDIT,CATEGORY,DEFAULT_VALUE,VALID_TYPE,SETTINGS,REMARKS,DEL_FLAG,HTML_INNER,IS_LIST,IS_QUERY,LIST_WIDTH,QUERY_WIDTH,IS_SORT) 
VALUES ('7aa8976dfdb6458bb38af80ba65f763d',to_date('2016-07-15 13:50:51','yyyy-mm-dd hh24:mi:ss'),'system',to_date('2016-07-18 11:15:36','yyyy-mm-dd hh24:mi:ss'),'system','CMS_ARTICLE','CATEGORY_ID','所属栏目','VARCHAR2','100','Y','H','textbox',null,null,'prompt:''''',null,null,null,'N','N',100,100,'N');

INSERT INTO MOD_TABLE_COLUMN (ID,CREATE_DATE,CREATE_USER,UPDATE_DATE,UPDATE_USER,TABLE_NAME,NAME,COMMENTS,JDBC_TYPE,JDBC_LENGTH,IS_NULL,IS_EDIT,CATEGORY,DEFAULT_VALUE,VALID_TYPE,SETTINGS,REMARKS,DEL_FLAG,HTML_INNER,IS_LIST,IS_QUERY,LIST_WIDTH,QUERY_WIDTH,IS_SORT) 
VALUES ('0c73ef61195744968bf919d3975357c0',to_date('2016-07-15 13:52:02','yyyy-mm-dd hh24:mi:ss'),'system',to_date('2016-07-20 14:40:38','yyyy-mm-dd hh24:mi:ss'),'system','CMS_ARTICLE','SUB_TITLE','副标题','VARCHAR2','100','Y','Y','textbox',null,null,'prompt:''''',null,null,null,'Y','Y',100,100,'N');

INSERT INTO MOD_TABLE_COLUMN (ID,CREATE_DATE,CREATE_USER,UPDATE_DATE,UPDATE_USER,TABLE_NAME,NAME,COMMENTS,JDBC_TYPE,JDBC_LENGTH,IS_NULL,IS_EDIT,CATEGORY,DEFAULT_VALUE,VALID_TYPE,SETTINGS,REMARKS,DEL_FLAG,HTML_INNER,IS_LIST,IS_QUERY,LIST_WIDTH,QUERY_WIDTH,IS_SORT) 
VALUES ('44f0dd8ecc414e9cb3a786234c0a3c53',to_date('2016-07-15 13:53:54','yyyy-mm-dd hh24:mi:ss'),'system',to_date('2016-07-20 14:40:44','yyyy-mm-dd hh24:mi:ss'),'system','CMS_ARTICLE','KEYWORDS','关键字','VARCHAR2','100','Y','Y','textbox',null,null,'prompt:''''',null,null,null,'Y','Y',100,100,'N');

INSERT INTO MOD_TABLE_COLUMN (ID,CREATE_DATE,CREATE_USER,UPDATE_DATE,UPDATE_USER,TABLE_NAME,NAME,COMMENTS,JDBC_TYPE,JDBC_LENGTH,IS_NULL,IS_EDIT,CATEGORY,DEFAULT_VALUE,VALID_TYPE,SETTINGS,REMARKS,DEL_FLAG,HTML_INNER,IS_LIST,IS_QUERY,LIST_WIDTH,QUERY_WIDTH,IS_SORT) 
VALUES ('8b3c5381b6f84d318b18a0d699642a6e',to_date('2016-07-15 13:54:54','yyyy-mm-dd hh24:mi:ss'),'system',to_date('2016-07-19 13:37:17','yyyy-mm-dd hh24:mi:ss'),'system','CMS_ARTICLE','DESCRIPTION','描述','VARCHAR2','500','Y','Y','textarea',null,null,'multiline:true,prompt:''''',null,null,'style="height:100px;width:405px;"','N','N',100,100,'N');

INSERT INTO MOD_TABLE_COLUMN (ID,CREATE_DATE,CREATE_USER,UPDATE_DATE,UPDATE_USER,TABLE_NAME,NAME,COMMENTS,JDBC_TYPE,JDBC_LENGTH,IS_NULL,IS_EDIT,CATEGORY,DEFAULT_VALUE,VALID_TYPE,SETTINGS,REMARKS,DEL_FLAG,HTML_INNER,IS_LIST,IS_QUERY,LIST_WIDTH,QUERY_WIDTH,IS_SORT) 
VALUES ('06142609f4774711bb829984f69ed2b6',to_date('2016-07-15 13:55:36','yyyy-mm-dd hh24:mi:ss'),'system',null,null,'CMS_ARTICLE','SEQ','权重','NUMBER','10','Y','Y','numberbox','0',null,'max:999999,min:0,precision:0',null,null,null,'N','N',100,100,'N');

INSERT INTO MOD_TABLE_COLUMN (ID,CREATE_DATE,CREATE_USER,UPDATE_DATE,UPDATE_USER,TABLE_NAME,NAME,COMMENTS,JDBC_TYPE,JDBC_LENGTH,IS_NULL,IS_EDIT,CATEGORY,DEFAULT_VALUE,VALID_TYPE,SETTINGS,REMARKS,DEL_FLAG,HTML_INNER,IS_LIST,IS_QUERY,LIST_WIDTH,QUERY_WIDTH,IS_SORT) 
VALUES ('7f76fef668de481abf0af6fc1c0d41a8',to_date('2016-07-15 13:56:46','yyyy-mm-dd hh24:mi:ss'),'system',null,null,'CMS_ARTICLE','HITS','点击数','NUMBER','10','Y','H','numberbox','0',null,'max:999999,min:0,precision:0',null,null,null,'Y','N',100,100,'N');

INSERT INTO MOD_TABLE_COLUMN (ID,CREATE_DATE,CREATE_USER,UPDATE_DATE,UPDATE_USER,TABLE_NAME,NAME,COMMENTS,JDBC_TYPE,JDBC_LENGTH,IS_NULL,IS_EDIT,CATEGORY,DEFAULT_VALUE,VALID_TYPE,SETTINGS,REMARKS,DEL_FLAG,HTML_INNER,IS_LIST,IS_QUERY,LIST_WIDTH,QUERY_WIDTH,IS_SORT) 
VALUES ('971cd0698aac4dab858df57a065ca814',to_date('2016-07-15 13:57:21','yyyy-mm-dd hh24:mi:ss'),'system',null,null,'CMS_ARTICLE','CONTENT','文章内容','CLOB',null,'Y','Y','htmldesign',null,null,'100',null,null,null,'N','N',100,100,'N');

INSERT INTO MOD_TABLE_COLUMN (ID,CREATE_DATE,CREATE_USER,UPDATE_DATE,UPDATE_USER,TABLE_NAME,NAME,COMMENTS,JDBC_TYPE,JDBC_LENGTH,IS_NULL,IS_EDIT,CATEGORY,DEFAULT_VALUE,VALID_TYPE,SETTINGS,REMARKS,DEL_FLAG,HTML_INNER,IS_LIST,IS_QUERY,LIST_WIDTH,QUERY_WIDTH,IS_SORT) 
VALUES ('8d0d4c0512bc48d58cfde5b9e6266352',to_date('2016-07-15 13:58:33','yyyy-mm-dd hh24:mi:ss'),'system',null,null,'CMS_ARTICLE','COPYFROM','文章来源','VARCHAR2','500','Y','Y','textbox',null,null,'prompt:''''',null,null,null,'N','N',100,100,'N');

INSERT INTO MOD_TABLE_COLUMN (ID,CREATE_DATE,CREATE_USER,UPDATE_DATE,UPDATE_USER,TABLE_NAME,NAME,COMMENTS,JDBC_TYPE,JDBC_LENGTH,IS_NULL,IS_EDIT,CATEGORY,DEFAULT_VALUE,VALID_TYPE,SETTINGS,REMARKS,DEL_FLAG,HTML_INNER,IS_LIST,IS_QUERY,LIST_WIDTH,QUERY_WIDTH,IS_SORT) 
VALUES ('3ca035fd27034fb18be66814c977c8c1',to_date('2016-07-15 14:04:48','yyyy-mm-dd hh24:mi:ss'),'system',to_date('2016-07-22 15:45:17','yyyy-mm-dd hh24:mi:ss'),null,'CMS_ARTICLE','CUSTOM_CONTENT_VIEW','自定义内容视图','VARCHAR2','500','Y','H','textbox',null,null,'prompt:''''',null,null,'style="width:405px;"','N','N',100,100,'N');

INSERT INTO MOD_TABLE_COLUMN (ID,CREATE_DATE,CREATE_USER,UPDATE_DATE,UPDATE_USER,TABLE_NAME,NAME,COMMENTS,JDBC_TYPE,JDBC_LENGTH,IS_NULL,IS_EDIT,CATEGORY,DEFAULT_VALUE,VALID_TYPE,SETTINGS,REMARKS,DEL_FLAG,HTML_INNER,IS_LIST,IS_QUERY,LIST_WIDTH,QUERY_WIDTH,IS_SORT) 
VALUES ('a3201c65204b4ccba15f4957a90d9737',to_date('2016-07-15 14:08:28','yyyy-mm-dd hh24:mi:ss'),'system',to_date('2016-07-15 14:16:23','yyyy-mm-dd hh24:mi:ss'),'system','CMS_COLLECTIONS','CATEGORY_ID','所属栏目','CHAR','32','Y','H','textbox',null,null,'prompt:''''',null,null,null,'N','N',100,100,'N');

INSERT INTO MOD_TABLE_COLUMN (ID,CREATE_DATE,CREATE_USER,UPDATE_DATE,UPDATE_USER,TABLE_NAME,NAME,COMMENTS,JDBC_TYPE,JDBC_LENGTH,IS_NULL,IS_EDIT,CATEGORY,DEFAULT_VALUE,VALID_TYPE,SETTINGS,REMARKS,DEL_FLAG,HTML_INNER,IS_LIST,IS_QUERY,LIST_WIDTH,QUERY_WIDTH,IS_SORT) 
VALUES ('bd858d73dbb84a1cb78c857b551c6cf7',to_date('2016-07-15 14:19:31','yyyy-mm-dd hh24:mi:ss'),'system',null,null,'CMS_COLLECTIONS','CATEGORY','分类','VARCHAR2','100','Y','Y','combobox',null,null,'article:文章',null,null,null,'Y','Y',100,100,'N');

INSERT INTO MOD_TABLE_COLUMN (ID,CREATE_DATE,CREATE_USER,UPDATE_DATE,UPDATE_USER,TABLE_NAME,NAME,COMMENTS,JDBC_TYPE,JDBC_LENGTH,IS_NULL,IS_EDIT,CATEGORY,DEFAULT_VALUE,VALID_TYPE,SETTINGS,REMARKS,DEL_FLAG,HTML_INNER,IS_LIST,IS_QUERY,LIST_WIDTH,QUERY_WIDTH,IS_SORT) 
VALUES ('e05cefd25ae449af9b913f144bb4fe91',to_date('2016-07-15 14:24:53','yyyy-mm-dd hh24:mi:ss'),'system',null,null,'CMS_COMMENT','SITE_ID','所属站点','CHAR','32','N','H','textbox',null,null,'prompt:''''',null,null,null,'N','N',100,100,'N');

INSERT INTO MOD_TABLE_COLUMN (ID,CREATE_DATE,CREATE_USER,UPDATE_DATE,UPDATE_USER,TABLE_NAME,NAME,COMMENTS,JDBC_TYPE,JDBC_LENGTH,IS_NULL,IS_EDIT,CATEGORY,DEFAULT_VALUE,VALID_TYPE,SETTINGS,REMARKS,DEL_FLAG,HTML_INNER,IS_LIST,IS_QUERY,LIST_WIDTH,QUERY_WIDTH,IS_SORT) 
VALUES ('8e15b67525eb4a608c97ee440340e502',to_date('2016-07-15 14:25:22','yyyy-mm-dd hh24:mi:ss'),'system',null,null,'CMS_COMMENT','CATEGORY_ID','所属栏目','CHAR','32','Y','H','textbox',null,null,'prompt:''''',null,null,null,'N','N',100,100,'N');

INSERT INTO MOD_TABLE_COLUMN (ID,CREATE_DATE,CREATE_USER,UPDATE_DATE,UPDATE_USER,TABLE_NAME,NAME,COMMENTS,JDBC_TYPE,JDBC_LENGTH,IS_NULL,IS_EDIT,CATEGORY,DEFAULT_VALUE,VALID_TYPE,SETTINGS,REMARKS,DEL_FLAG,HTML_INNER,IS_LIST,IS_QUERY,LIST_WIDTH,QUERY_WIDTH,IS_SORT) 
VALUES ('9dcb10c7fa9948e5b0e5e63be987050c',to_date('2016-07-15 14:26:58','yyyy-mm-dd hh24:mi:ss'),'system',null,null,'CMS_COMMENT','SCORE','等级','NUMBER','10','Y','Y','numberbox','0',null,'max:999999,min:0,precision:0',null,null,null,'Y','N',100,100,'N');

INSERT INTO MOD_TABLE_COLUMN (ID,CREATE_DATE,CREATE_USER,UPDATE_DATE,UPDATE_USER,TABLE_NAME,NAME,COMMENTS,JDBC_TYPE,JDBC_LENGTH,IS_NULL,IS_EDIT,CATEGORY,DEFAULT_VALUE,VALID_TYPE,SETTINGS,REMARKS,DEL_FLAG,HTML_INNER,IS_LIST,IS_QUERY,LIST_WIDTH,QUERY_WIDTH,IS_SORT) 
VALUES ('c9a3b1dae17f4f3c818aca09b905029f',to_date('2016-07-15 14:29:24','yyyy-mm-dd hh24:mi:ss'),'system',to_date('2016-07-19 13:56:46','yyyy-mm-dd hh24:mi:ss'),'system','CMS_COMMENT','USER_ID','用户ID','CHAR','32','Y','H','textbox',null,null,'prompt:''''',null,null,null,'N','N',100,100,'N');

INSERT INTO MOD_TABLE_COLUMN (ID,CREATE_DATE,CREATE_USER,UPDATE_DATE,UPDATE_USER,TABLE_NAME,NAME,COMMENTS,JDBC_TYPE,JDBC_LENGTH,IS_NULL,IS_EDIT,CATEGORY,DEFAULT_VALUE,VALID_TYPE,SETTINGS,REMARKS,DEL_FLAG,HTML_INNER,IS_LIST,IS_QUERY,LIST_WIDTH,QUERY_WIDTH,IS_SORT) 
VALUES ('74c9a802ef2647a8aa9506293a59609d',to_date('2016-07-15 14:31:38','yyyy-mm-dd hh24:mi:ss'),'system',null,null,'CMS_COMMENT','AUDIT_USER_NAME','审核人','VARCHAR2','100','Y','Y','textbox',null,null,'prompt:''''',null,null,null,'Y','Y',100,100,'N');

INSERT INTO MOD_TABLE_COLUMN (ID,CREATE_DATE,CREATE_USER,UPDATE_DATE,UPDATE_USER,TABLE_NAME,NAME,COMMENTS,JDBC_TYPE,JDBC_LENGTH,IS_NULL,IS_EDIT,CATEGORY,DEFAULT_VALUE,VALID_TYPE,SETTINGS,REMARKS,DEL_FLAG,HTML_INNER,IS_LIST,IS_QUERY,LIST_WIDTH,QUERY_WIDTH,IS_SORT) 
VALUES ('6b53b693e0234b0a9c7211f6c3187a97',to_date('2016-07-15 14:32:16','yyyy-mm-dd hh24:mi:ss'),'system',to_date('2016-07-15 14:32:27','yyyy-mm-dd hh24:mi:ss'),'system','CMS_COMMENT','AUDIT_DATE','审核时间','DATE',null,'Y','N','datebox','@date',null,'dateFmt:''yyyy-MM-dd'',maxDate:'''',minDate:''''',null,null,null,'Y','Y',100,100,'N');

INSERT INTO MOD_TABLE_COLUMN (ID,CREATE_DATE,CREATE_USER,UPDATE_DATE,UPDATE_USER,TABLE_NAME,NAME,COMMENTS,JDBC_TYPE,JDBC_LENGTH,IS_NULL,IS_EDIT,CATEGORY,DEFAULT_VALUE,VALID_TYPE,SETTINGS,REMARKS,DEL_FLAG,HTML_INNER,IS_LIST,IS_QUERY,LIST_WIDTH,QUERY_WIDTH,IS_SORT) 
VALUES ('098af13e29ec4d9bbe5b891b1bdf40a0',to_date('2016-07-15 12:32:26','yyyy-mm-dd hh24:mi:ss'),'system',null,null,'CMS_ARTICLE','SITE_ID','所属站点','CHAR','32','Y','H','combobox',null,null,'SQL>select id,name from cms_site|id|name',null,null,null,'N','N',100,100,'Y');

INSERT INTO MOD_TABLE_COLUMN (ID,CREATE_DATE,CREATE_USER,UPDATE_DATE,UPDATE_USER,TABLE_NAME,NAME,COMMENTS,JDBC_TYPE,JDBC_LENGTH,IS_NULL,IS_EDIT,CATEGORY,DEFAULT_VALUE,VALID_TYPE,SETTINGS,REMARKS,DEL_FLAG,HTML_INNER,IS_LIST,IS_QUERY,LIST_WIDTH,QUERY_WIDTH,IS_SORT) 
VALUES ('d09ba07e75514f9a8b2b42c2dd58f8ef',to_date('2016-07-30 13:20:44','yyyy-mm-dd hh24:mi:ss'),'system',to_date('2016-07-30 15:21:15','yyyy-mm-dd hh24:mi:ss'),'system','CMS_GUESTBOOK','SITE_ID','站点','CHAR','32','Y','H','combobox',null,null,'SQL>select id,name from cms_site|id|name',null,null,null,'N','N',100,100,'N');

INSERT INTO MOD_TABLE_COLUMN (ID,CREATE_DATE,CREATE_USER,UPDATE_DATE,UPDATE_USER,TABLE_NAME,NAME,COMMENTS,JDBC_TYPE,JDBC_LENGTH,IS_NULL,IS_EDIT,CATEGORY,DEFAULT_VALUE,VALID_TYPE,SETTINGS,REMARKS,DEL_FLAG,HTML_INNER,IS_LIST,IS_QUERY,LIST_WIDTH,QUERY_WIDTH,IS_SORT) 
VALUES ('30128baeb34448d5a7dfa57d42963e48',to_date('2016-04-08 15:00:46','yyyy-mm-dd hh24:mi:ss'),'system',to_date('2016-04-08 15:00:46','yyyy-mm-dd hh24:mi:ss'),null,'JOB_QUARTZ_CONF','END_AT','任务结束时间','DATE',null,'Y','Y','datebox',null,null,'dateFmt:''yyyy-MM-dd HH:mm:ss'',maxDate:'''',minDate:''''',null,null,null,'Y','N',null,null,'N');

INSERT INTO MOD_TABLE_COLUMN (ID,CREATE_DATE,CREATE_USER,UPDATE_DATE,UPDATE_USER,TABLE_NAME,NAME,COMMENTS,JDBC_TYPE,JDBC_LENGTH,IS_NULL,IS_EDIT,CATEGORY,DEFAULT_VALUE,VALID_TYPE,SETTINGS,REMARKS,DEL_FLAG,HTML_INNER,IS_LIST,IS_QUERY,LIST_WIDTH,QUERY_WIDTH,IS_SORT) 
VALUES ('336c76921fef477a9dc8f96f5d2a08ac',to_date('2016-06-01 19:43:41','yyyy-mm-dd hh24:mi:ss'),'system',to_date('2016-06-01 21:04:32','yyyy-mm-dd hh24:mi:ss'),'system','PLAN_TEAM_LEAGUER','TEAM_ID','团队','CHAR','32','Y','N','combobox',null,null,'SQL>select id,name from plan_team|id|name',null,null,null,'Y','N',null,null,'N');

INSERT INTO MOD_TABLE_COLUMN (ID,CREATE_DATE,CREATE_USER,UPDATE_DATE,UPDATE_USER,TABLE_NAME,NAME,COMMENTS,JDBC_TYPE,JDBC_LENGTH,IS_NULL,IS_EDIT,CATEGORY,DEFAULT_VALUE,VALID_TYPE,SETTINGS,REMARKS,DEL_FLAG,HTML_INNER,IS_LIST,IS_QUERY,LIST_WIDTH,QUERY_WIDTH,IS_SORT) 
VALUES ('7ec60367e8bf4525bd2a71560aa32502',to_date('2016-06-01 19:49:21','yyyy-mm-dd hh24:mi:ss'),'system',to_date('2016-06-01 20:40:08','yyyy-mm-dd hh24:mi:ss'),'system','PLAN_PROJECT','LEADER','负责人','CHAR','32','Y','Y','combobox',null,null,'SQL>select id,name from sys_user|id|name',null,null,null,'Y','N',null,null,'N');

INSERT INTO MOD_TABLE_COLUMN (ID,CREATE_DATE,CREATE_USER,UPDATE_DATE,UPDATE_USER,TABLE_NAME,NAME,COMMENTS,JDBC_TYPE,JDBC_LENGTH,IS_NULL,IS_EDIT,CATEGORY,DEFAULT_VALUE,VALID_TYPE,SETTINGS,REMARKS,DEL_FLAG,HTML_INNER,IS_LIST,IS_QUERY,LIST_WIDTH,QUERY_WIDTH,IS_SORT) 
VALUES ('131720933c8c4966b6b5165eefc27671',to_date('2016-06-01 20:05:46','yyyy-mm-dd hh24:mi:ss'),'system',to_date('2016-06-02 08:53:27','yyyy-mm-dd hh24:mi:ss'),'system','PLAN_TASK','SEQUENCE','优先级','NUMBER','10','N','Y','combobox','3',null,'DICT>3088229ba0824493a1b18fd2e39e2762',null,null,null,'Y','N',null,null,'N');

INSERT INTO MOD_TABLE_COLUMN (ID,CREATE_DATE,CREATE_USER,UPDATE_DATE,UPDATE_USER,TABLE_NAME,NAME,COMMENTS,JDBC_TYPE,JDBC_LENGTH,IS_NULL,IS_EDIT,CATEGORY,DEFAULT_VALUE,VALID_TYPE,SETTINGS,REMARKS,DEL_FLAG,HTML_INNER,IS_LIST,IS_QUERY,LIST_WIDTH,QUERY_WIDTH,IS_SORT) 
VALUES ('75150353f8794e008347967ac538dc52',to_date('2016-06-06 20:12:36','yyyy-mm-dd hh24:mi:ss'),'system',to_date('2016-06-07 15:48:46','yyyy-mm-dd hh24:mi:ss'),'system','PLAN_TASK_DELAY','DELAY_FINISH_DATE','延期后完成日期','DATE',null,'N','Y','datebox',null,null,'dateFmt:''yyyy-MM-dd'',maxDate:'''',minDate:''''',null,null,null,'Y','N',null,null,'N');

INSERT INTO MOD_TABLE_COLUMN (ID,CREATE_DATE,CREATE_USER,UPDATE_DATE,UPDATE_USER,TABLE_NAME,NAME,COMMENTS,JDBC_TYPE,JDBC_LENGTH,IS_NULL,IS_EDIT,CATEGORY,DEFAULT_VALUE,VALID_TYPE,SETTINGS,REMARKS,DEL_FLAG,HTML_INNER,IS_LIST,IS_QUERY,LIST_WIDTH,QUERY_WIDTH,IS_SORT) 
VALUES ('bee813e18cfc46e19e953db99f75c25f',to_date('2016-06-02 08:23:40','yyyy-mm-dd hh24:mi:ss'),'system',to_date('2016-06-02 08:23:40','yyyy-mm-dd hh24:mi:ss'),null,'PLAN_PROJECT','TEAM_ID','团队','CHAR','32','Y','Y','combobox',null,null,'SQL>select id,name from plan_team|id|name',null,null,null,'Y','Y',null,null,'N');

INSERT INTO MOD_TABLE_COLUMN (ID,CREATE_DATE,CREATE_USER,UPDATE_DATE,UPDATE_USER,TABLE_NAME,NAME,COMMENTS,JDBC_TYPE,JDBC_LENGTH,IS_NULL,IS_EDIT,CATEGORY,DEFAULT_VALUE,VALID_TYPE,SETTINGS,REMARKS,DEL_FLAG,HTML_INNER,IS_LIST,IS_QUERY,LIST_WIDTH,QUERY_WIDTH,IS_SORT) 
VALUES ('48fd9585e88b44f391c66f0f371ba879',to_date('2016-04-08 10:57:02','yyyy-mm-dd hh24:mi:ss'),'system',to_date('2016-04-08 10:57:02','yyyy-mm-dd hh24:mi:ss'),null,'JOB_QUARTZ_CONF','ALIAS_NAME','任务别名','VARCHAR2','100','N','Y','textbox',null,null,'prompt:''''',null,null,null,'Y','Y',null,null,'N');

INSERT INTO MOD_TABLE_COLUMN (ID,CREATE_DATE,CREATE_USER,UPDATE_DATE,UPDATE_USER,TABLE_NAME,NAME,COMMENTS,JDBC_TYPE,JDBC_LENGTH,IS_NULL,IS_EDIT,CATEGORY,DEFAULT_VALUE,VALID_TYPE,SETTINGS,REMARKS,DEL_FLAG,HTML_INNER,IS_LIST,IS_QUERY,LIST_WIDTH,QUERY_WIDTH,IS_SORT) 
VALUES ('4304e011e36c4d77ba24e3e33d0a5f2d',to_date('2016-04-08 11:02:19','yyyy-mm-dd hh24:mi:ss'),'system',to_date('2016-04-08 11:02:19','yyyy-mm-dd hh24:mi:ss'),null,'JOB_QUARTZ_CONF','IS_SYNC','是否异步','VARCHAR2','100','Y','Y','combobox',null,null,'DICT>0469a2108e854bbc83d5afa7b3367676',null,null,null,'Y','Y',null,null,'N');

INSERT INTO MOD_TABLE_COLUMN (ID,CREATE_DATE,CREATE_USER,UPDATE_DATE,UPDATE_USER,TABLE_NAME,NAME,COMMENTS,JDBC_TYPE,JDBC_LENGTH,IS_NULL,IS_EDIT,CATEGORY,DEFAULT_VALUE,VALID_TYPE,SETTINGS,REMARKS,DEL_FLAG,HTML_INNER,IS_LIST,IS_QUERY,LIST_WIDTH,QUERY_WIDTH,IS_SORT) 
VALUES ('d7e3f2e196254d2e9b29c11ba5723210',to_date('2016-04-08 11:03:12','yyyy-mm-dd hh24:mi:ss'),'system',to_date('2016-04-11 09:04:31','yyyy-mm-dd hh24:mi:ss'),'system','JOB_QUARTZ_CONF','DESCRIPTION','任务描述','VARCHAR2','2000','Y','Y','textarea',null,null,'multiline:true,prompt:''''',null,null,'style="height:100px;width:407px"','Y','Y',null,null,'N');

INSERT INTO MOD_TABLE_COLUMN (ID,CREATE_DATE,CREATE_USER,UPDATE_DATE,UPDATE_USER,TABLE_NAME,NAME,COMMENTS,JDBC_TYPE,JDBC_LENGTH,IS_NULL,IS_EDIT,CATEGORY,DEFAULT_VALUE,VALID_TYPE,SETTINGS,REMARKS,DEL_FLAG,HTML_INNER,IS_LIST,IS_QUERY,LIST_WIDTH,QUERY_WIDTH,IS_SORT) 
VALUES ('26930a9575b34242a937479a1c8609f5',to_date('2016-06-01 19:44:09','yyyy-mm-dd hh24:mi:ss'),'system',to_date('2016-06-01 20:50:58','yyyy-mm-dd hh24:mi:ss'),'system','PLAN_TEAM_LEAGUER','USER_ID','成员','CHAR','32','Y','Y','combobox',null,null,'SQL>select id,name from sys_user|id|name',null,null,null,'Y','N',null,null,'N');

INSERT INTO MOD_TABLE_COLUMN (ID,CREATE_DATE,CREATE_USER,UPDATE_DATE,UPDATE_USER,TABLE_NAME,NAME,COMMENTS,JDBC_TYPE,JDBC_LENGTH,IS_NULL,IS_EDIT,CATEGORY,DEFAULT_VALUE,VALID_TYPE,SETTINGS,REMARKS,DEL_FLAG,HTML_INNER,IS_LIST,IS_QUERY,LIST_WIDTH,QUERY_WIDTH,IS_SORT) 
VALUES ('f10e683e8e8047edab630b8c79d185a6',to_date('2016-06-01 19:44:54','yyyy-mm-dd hh24:mi:ss'),'system',to_date('2016-06-01 19:44:54','yyyy-mm-dd hh24:mi:ss'),null,'PLAN_TEAM','NAME','名称','VARCHAR2','100','N','Y','textbox',null,null,'prompt:''''',null,null,null,'Y','Y',null,null,'N');

INSERT INTO MOD_TABLE_COLUMN (ID,CREATE_DATE,CREATE_USER,UPDATE_DATE,UPDATE_USER,TABLE_NAME,NAME,COMMENTS,JDBC_TYPE,JDBC_LENGTH,IS_NULL,IS_EDIT,CATEGORY,DEFAULT_VALUE,VALID_TYPE,SETTINGS,REMARKS,DEL_FLAG,HTML_INNER,IS_LIST,IS_QUERY,LIST_WIDTH,QUERY_WIDTH,IS_SORT) 
VALUES ('eeb9bddd5f80459d9dcf45454ee66db8',to_date('2016-06-06 20:11:55','yyyy-mm-dd hh24:mi:ss'),'system',to_date('2016-06-07 15:48:24','yyyy-mm-dd hh24:mi:ss'),'system','PLAN_TASK_DELAY','DELAY_DATE','延期前完成日期','DATE',null,'N','H','datebox','@date',null,'dateFmt:''yyyy-MM-dd'',maxDate:'''',minDate:''''',null,null,null,'Y','N',null,null,'N');

INSERT INTO MOD_TABLE_COLUMN (ID,CREATE_DATE,CREATE_USER,UPDATE_DATE,UPDATE_USER,TABLE_NAME,NAME,COMMENTS,JDBC_TYPE,JDBC_LENGTH,IS_NULL,IS_EDIT,CATEGORY,DEFAULT_VALUE,VALID_TYPE,SETTINGS,REMARKS,DEL_FLAG,HTML_INNER,IS_LIST,IS_QUERY,LIST_WIDTH,QUERY_WIDTH,IS_SORT) 
VALUES ('937a67dac2b448e296b534aa01faf2cb',to_date('2016-06-06 20:14:44','yyyy-mm-dd hh24:mi:ss'),'system',to_date('2016-06-07 15:51:29','yyyy-mm-dd hh24:mi:ss'),'system','PLAN_TASK_DELAY','DELAY_REASON','延期原因','VARCHAR2','500','N','Y','textarea',null,null,'multiline:true,prompt:''''',null,null,'style="height:200px;"','Y','Y',500,200,'N');

INSERT INTO MOD_TABLE_COLUMN (ID,CREATE_DATE,CREATE_USER,UPDATE_DATE,UPDATE_USER,TABLE_NAME,NAME,COMMENTS,JDBC_TYPE,JDBC_LENGTH,IS_NULL,IS_EDIT,CATEGORY,DEFAULT_VALUE,VALID_TYPE,SETTINGS,REMARKS,DEL_FLAG,HTML_INNER,IS_LIST,IS_QUERY,LIST_WIDTH,QUERY_WIDTH,IS_SORT) 
VALUES ('7741802c16a04786aa3b5eab6eade145',to_date('2016-06-06 20:15:44','yyyy-mm-dd hh24:mi:ss'),'system',to_date('2016-06-06 20:33:14','yyyy-mm-dd hh24:mi:ss'),'system','PLAN_TASK_DELAY','TASK_ID','任务','CHAR','32','N','H','combobox',null,null,'SQL>select id,describe from plan_task|id|describe',null,null,null,'N','N',null,null,'N');

INSERT INTO MOD_TABLE_COLUMN (ID,CREATE_DATE,CREATE_USER,UPDATE_DATE,UPDATE_USER,TABLE_NAME,NAME,COMMENTS,JDBC_TYPE,JDBC_LENGTH,IS_NULL,IS_EDIT,CATEGORY,DEFAULT_VALUE,VALID_TYPE,SETTINGS,REMARKS,DEL_FLAG,HTML_INNER,IS_LIST,IS_QUERY,LIST_WIDTH,QUERY_WIDTH,IS_SORT) 
VALUES ('f7ee01da7e3e4c64a974a648be3c1cca',to_date('2016-06-23 16:21:33','yyyy-mm-dd hh24:mi:ss'),'system',to_date('2016-06-24 10:06:55','yyyy-mm-dd hh24:mi:ss'),'system','BO_DEMO','USER_INFO','选择框','VARCHAR2','100','Y','Y','selectButton',null,null,'SQL>select * from bo_demo|{"total":4,"rows":[{"field":"user_name","title":"姓名","width":"100","fieldTo":"userName"},{"field":"user_sex","title":"性别","width":"50","fieldTo":"userSex"},{"field":"user_age","title":"年龄","width":"0","fieldTo":"userAge"},{"field":"user_birthday","title":"出生日期","width":"100","fieldTo":"userBirthday"}]}',null,null,null,'N','N',null,null,'N');

INSERT INTO MOD_TABLE_COLUMN (ID,CREATE_DATE,CREATE_USER,UPDATE_DATE,UPDATE_USER,TABLE_NAME,NAME,COMMENTS,JDBC_TYPE,JDBC_LENGTH,IS_NULL,IS_EDIT,CATEGORY,DEFAULT_VALUE,VALID_TYPE,SETTINGS,REMARKS,DEL_FLAG,HTML_INNER,IS_LIST,IS_QUERY,LIST_WIDTH,QUERY_WIDTH,IS_SORT) 
VALUES ('ff70bbc60fdd4431a9ec0b4a590ebb2e',to_date('2016-04-08 10:59:38','yyyy-mm-dd hh24:mi:ss'),'system',to_date('2016-04-08 10:59:38','yyyy-mm-dd hh24:mi:ss'),null,'JOB_QUARTZ_CONF','JOB_TRIGGER','任务触发器','VARCHAR2','1000','Y','H','textbox',null,null,'prompt:''''',null,null,null,'Y','N',null,null,'N');

INSERT INTO MOD_TABLE_COLUMN (ID,CREATE_DATE,CREATE_USER,UPDATE_DATE,UPDATE_USER,TABLE_NAME,NAME,COMMENTS,JDBC_TYPE,JDBC_LENGTH,IS_NULL,IS_EDIT,CATEGORY,DEFAULT_VALUE,VALID_TYPE,SETTINGS,REMARKS,DEL_FLAG,HTML_INNER,IS_LIST,IS_QUERY,LIST_WIDTH,QUERY_WIDTH,IS_SORT) 
VALUES ('99446c4dac2542a892fe46474f506894',to_date('2016-04-08 11:00:45','yyyy-mm-dd hh24:mi:ss'),'system',to_date('2016-04-08 11:00:45','yyyy-mm-dd hh24:mi:ss'),null,'JOB_QUARTZ_CONF','CRON_EXPRESSION','cron表达式','VARCHAR2','100','Y','H','textbox',null,null,'prompt:''''',null,null,null,'Y','N',null,null,'N');

INSERT INTO MOD_TABLE_COLUMN (ID,CREATE_DATE,CREATE_USER,UPDATE_DATE,UPDATE_USER,TABLE_NAME,NAME,COMMENTS,JDBC_TYPE,JDBC_LENGTH,IS_NULL,IS_EDIT,CATEGORY,DEFAULT_VALUE,VALID_TYPE,SETTINGS,REMARKS,DEL_FLAG,HTML_INNER,IS_LIST,IS_QUERY,LIST_WIDTH,QUERY_WIDTH,IS_SORT) 
VALUES ('4037d4b0d6714eb4bfdfb6fb072d0cd6',to_date('2016-04-08 13:46:14','yyyy-mm-dd hh24:mi:ss'),'system',to_date('2016-04-11 09:04:23','yyyy-mm-dd hh24:mi:ss'),'system','JOB_QUARTZ_CONF','JOB_CLASS','任务主体','VARCHAR2','500','N','Y','textbox',null,null,'prompt:''''',null,null,'style="width:407px"','Y','N',null,null,'N');

INSERT INTO MOD_TABLE_COLUMN (ID,CREATE_DATE,CREATE_USER,UPDATE_DATE,UPDATE_USER,TABLE_NAME,NAME,COMMENTS,JDBC_TYPE,JDBC_LENGTH,IS_NULL,IS_EDIT,CATEGORY,DEFAULT_VALUE,VALID_TYPE,SETTINGS,REMARKS,DEL_FLAG,HTML_INNER,IS_LIST,IS_QUERY,LIST_WIDTH,QUERY_WIDTH,IS_SORT) 
VALUES ('8e9be7361a4e4dc8adb404c05dafb0e5',to_date('2016-04-08 15:00:13','yyyy-mm-dd hh24:mi:ss'),'system',to_date('2016-04-08 15:00:13','yyyy-mm-dd hh24:mi:ss'),null,'JOB_QUARTZ_CONF','START_AT','任务开始时间','DATE',null,'Y','Y','datebox',null,null,'dateFmt:''yyyy-MM-dd HH:mm:ss'',maxDate:'''',minDate:''''',null,null,null,'Y','N',null,null,'N');

INSERT INTO MOD_TABLE_COLUMN (ID,CREATE_DATE,CREATE_USER,UPDATE_DATE,UPDATE_USER,TABLE_NAME,NAME,COMMENTS,JDBC_TYPE,JDBC_LENGTH,IS_NULL,IS_EDIT,CATEGORY,DEFAULT_VALUE,VALID_TYPE,SETTINGS,REMARKS,DEL_FLAG,HTML_INNER,IS_LIST,IS_QUERY,LIST_WIDTH,QUERY_WIDTH,IS_SORT) 
VALUES ('63236d6f777743fa9cf9d2e602a38bf4',to_date('2015-12-09 08:35:10','yyyy-mm-dd hh24:mi:ss'),'system',to_date('2015-12-09 08:35:10','yyyy-mm-dd hh24:mi:ss'),null,'BO_INTERFACE_CATALOG','NAME','名称','VARCHAR2','100','N','Y','textbox',null,null,'prompt:''''',null,'0',null,'Y','Y',null,null,'N');

INSERT INTO MOD_TABLE_COLUMN (ID,CREATE_DATE,CREATE_USER,UPDATE_DATE,UPDATE_USER,TABLE_NAME,NAME,COMMENTS,JDBC_TYPE,JDBC_LENGTH,IS_NULL,IS_EDIT,CATEGORY,DEFAULT_VALUE,VALID_TYPE,SETTINGS,REMARKS,DEL_FLAG,HTML_INNER,IS_LIST,IS_QUERY,LIST_WIDTH,QUERY_WIDTH,IS_SORT) 
VALUES ('0505d3fed10e4320a991af5a9648be6a',to_date('2015-12-09 08:35:58','yyyy-mm-dd hh24:mi:ss'),'system',to_date('2015-12-09 10:26:54','yyyy-mm-dd hh24:mi:ss'),'system','BO_INTERFACE_CATALOG','PARENT_ID','模块','CHAR','32','N','N','combobox',null,null,'SQL>select id,name from bo_interface_catalog|id|name',null,'0',null,'N','N',null,null,'N');

INSERT INTO MOD_TABLE_COLUMN (ID,CREATE_DATE,CREATE_USER,UPDATE_DATE,UPDATE_USER,TABLE_NAME,NAME,COMMENTS,JDBC_TYPE,JDBC_LENGTH,IS_NULL,IS_EDIT,CATEGORY,DEFAULT_VALUE,VALID_TYPE,SETTINGS,REMARKS,DEL_FLAG,HTML_INNER,IS_LIST,IS_QUERY,LIST_WIDTH,QUERY_WIDTH,IS_SORT) 
VALUES ('565206a7f53740d7a071c59703fdaec5',to_date('2015-12-09 08:39:06','yyyy-mm-dd hh24:mi:ss'),'system',to_date('2016-04-18 21:53:24','yyyy-mm-dd hh24:mi:ss'),'system','BO_INTERFACE_DESC','METHOD','提交方式','VARCHAR2','100','Y','Y','combobox','POST',null,'POST|GET',null,'0',null,'Y','N',null,null,'N');

INSERT INTO MOD_TABLE_COLUMN (ID,CREATE_DATE,CREATE_USER,UPDATE_DATE,UPDATE_USER,TABLE_NAME,NAME,COMMENTS,JDBC_TYPE,JDBC_LENGTH,IS_NULL,IS_EDIT,CATEGORY,DEFAULT_VALUE,VALID_TYPE,SETTINGS,REMARKS,DEL_FLAG,HTML_INNER,IS_LIST,IS_QUERY,LIST_WIDTH,QUERY_WIDTH,IS_SORT) 
VALUES ('0dd83d7c6d7a41f9a438a74765da63d9',to_date('2015-12-09 08:40:51','yyyy-mm-dd hh24:mi:ss'),'system',to_date('2015-12-09 10:50:39','yyyy-mm-dd hh24:mi:ss'),'system','BO_INTERFACE_DESC','RETURN_VALUE','返回值','VARCHAR2','4000','Y','Y','textarea',null,null,'multiline:true,prompt:''''',null,'0','style="height:80px;width:407px"','N','N',null,null,'N');

INSERT INTO MOD_TABLE_COLUMN (ID,CREATE_DATE,CREATE_USER,UPDATE_DATE,UPDATE_USER,TABLE_NAME,NAME,COMMENTS,JDBC_TYPE,JDBC_LENGTH,IS_NULL,IS_EDIT,CATEGORY,DEFAULT_VALUE,VALID_TYPE,SETTINGS,REMARKS,DEL_FLAG,HTML_INNER,IS_LIST,IS_QUERY,LIST_WIDTH,QUERY_WIDTH,IS_SORT) 
VALUES ('0336e66696f04a10bb1658b7a89f285a',to_date('2015-12-09 08:42:29','yyyy-mm-dd hh24:mi:ss'),'system',to_date('2015-12-09 10:50:18','yyyy-mm-dd hh24:mi:ss'),'system','BO_INTERFACE_DESC','EXCLUDES','不返回字段','VARCHAR2','4000','Y','Y','textarea',null,null,'multiline:true,prompt:''''',null,'0','style="height:50px;width:407px"','N','N',null,null,'N');

INSERT INTO MOD_TABLE_COLUMN (ID,CREATE_DATE,CREATE_USER,UPDATE_DATE,UPDATE_USER,TABLE_NAME,NAME,COMMENTS,JDBC_TYPE,JDBC_LENGTH,IS_NULL,IS_EDIT,CATEGORY,DEFAULT_VALUE,VALID_TYPE,SETTINGS,REMARKS,DEL_FLAG,HTML_INNER,IS_LIST,IS_QUERY,LIST_WIDTH,QUERY_WIDTH,IS_SORT) 
VALUES ('07c616a8e1b24c44889ba75ea8971720',to_date('2015-12-09 10:26:34','yyyy-mm-dd hh24:mi:ss'),'system',to_date('2015-12-09 10:26:34','yyyy-mm-dd hh24:mi:ss'),null,'BO_INTERFACE_DESC','CATALOG_ID','接口目录','CHAR','32','Y','Y','textbox',null,null,'prompt:''''',null,'0',null,'N','N',null,null,'N');

INSERT INTO MOD_TABLE_COLUMN (ID,CREATE_DATE,CREATE_USER,UPDATE_DATE,UPDATE_USER,TABLE_NAME,NAME,COMMENTS,JDBC_TYPE,JDBC_LENGTH,IS_NULL,IS_EDIT,CATEGORY,DEFAULT_VALUE,VALID_TYPE,SETTINGS,REMARKS,DEL_FLAG,HTML_INNER,IS_LIST,IS_QUERY,LIST_WIDTH,QUERY_WIDTH,IS_SORT) 
VALUES ('5f8d0f542fd94896a743de65ac96fa90',to_date('2015-12-17 08:49:42','yyyy-mm-dd hh24:mi:ss'),'system',to_date('2016-04-18 21:53:54','yyyy-mm-dd hh24:mi:ss'),'system','BO_INTERFACE_DESC','TYPE','类型','VARCHAR2','100','Y','Y','combobox','PT',null,'PT:普通传参|JSON:JSON参数',null,'0',null,'Y','Y',null,null,'N');

INSERT INTO MOD_TABLE_COLUMN (ID,CREATE_DATE,CREATE_USER,UPDATE_DATE,UPDATE_USER,TABLE_NAME,NAME,COMMENTS,JDBC_TYPE,JDBC_LENGTH,IS_NULL,IS_EDIT,CATEGORY,DEFAULT_VALUE,VALID_TYPE,SETTINGS,REMARKS,DEL_FLAG,HTML_INNER,IS_LIST,IS_QUERY,LIST_WIDTH,QUERY_WIDTH,IS_SORT) 
VALUES ('4115dddc16694eda85cef57d9d411f08',to_date('2015-12-10 11:31:56','yyyy-mm-dd hh24:mi:ss'),'system',to_date('2015-12-15 10:51:19','yyyy-mm-dd hh24:mi:ss'),'system','BO_INTERFACE_CATALOG','SEQUENCE','排序','NUMBER','10','Y','Y','numberbox','10',null,'max:999999,min:0,precision:0',null,'0',null,'Y','N',null,null,'N');

INSERT INTO MOD_TABLE_COLUMN (ID,CREATE_DATE,CREATE_USER,UPDATE_DATE,UPDATE_USER,TABLE_NAME,NAME,COMMENTS,JDBC_TYPE,JDBC_LENGTH,IS_NULL,IS_EDIT,CATEGORY,DEFAULT_VALUE,VALID_TYPE,SETTINGS,REMARKS,DEL_FLAG,HTML_INNER,IS_LIST,IS_QUERY,LIST_WIDTH,QUERY_WIDTH,IS_SORT) 
VALUES ('15a966ed45bd4768ad493dd8560e5305',to_date('2015-12-10 11:33:07','yyyy-mm-dd hh24:mi:ss'),'system',to_date('2015-12-15 10:51:29','yyyy-mm-dd hh24:mi:ss'),'system','BO_INTERFACE_DESC','SEQUENCE','排序','NUMBER','10','Y','Y','numberbox',null,null,'max:999999,min:0,precision:0',null,'0',null,'Y','N',null,null,'N');

INSERT INTO MOD_TABLE_COLUMN (ID,CREATE_DATE,CREATE_USER,UPDATE_DATE,UPDATE_USER,TABLE_NAME,NAME,COMMENTS,JDBC_TYPE,JDBC_LENGTH,IS_NULL,IS_EDIT,CATEGORY,DEFAULT_VALUE,VALID_TYPE,SETTINGS,REMARKS,DEL_FLAG,HTML_INNER,IS_LIST,IS_QUERY,LIST_WIDTH,QUERY_WIDTH,IS_SORT) 
VALUES ('24619d3b780441aeb2433e7f8da3d856',to_date('2015-12-09 08:37:31','yyyy-mm-dd hh24:mi:ss'),'system',to_date('2015-12-09 08:37:31','yyyy-mm-dd hh24:mi:ss'),null,'BO_INTERFACE_DESC','NAME','名称','VARCHAR2','100','N','Y','textbox',null,null,'prompt:''''',null,'0',null,'Y','Y',null,null,'N');

INSERT INTO MOD_TABLE_COLUMN (ID,CREATE_DATE,CREATE_USER,UPDATE_DATE,UPDATE_USER,TABLE_NAME,NAME,COMMENTS,JDBC_TYPE,JDBC_LENGTH,IS_NULL,IS_EDIT,CATEGORY,DEFAULT_VALUE,VALID_TYPE,SETTINGS,REMARKS,DEL_FLAG,HTML_INNER,IS_LIST,IS_QUERY,LIST_WIDTH,QUERY_WIDTH,IS_SORT) 
VALUES ('2c942d5ca0474336ba35a628022f641f',to_date('2015-12-09 08:38:03','yyyy-mm-dd hh24:mi:ss'),'system',to_date('2015-12-09 11:32:37','yyyy-mm-dd hh24:mi:ss'),'system','BO_INTERFACE_DESC','URL','接口地址','VARCHAR2','1000','N','Y','textbox','/',null,'prompt:''''',null,'0','style="width:407px"','Y','N',null,null,'N');

INSERT INTO MOD_TABLE_COLUMN (ID,CREATE_DATE,CREATE_USER,UPDATE_DATE,UPDATE_USER,TABLE_NAME,NAME,COMMENTS,JDBC_TYPE,JDBC_LENGTH,IS_NULL,IS_EDIT,CATEGORY,DEFAULT_VALUE,VALID_TYPE,SETTINGS,REMARKS,DEL_FLAG,HTML_INNER,IS_LIST,IS_QUERY,LIST_WIDTH,QUERY_WIDTH,IS_SORT) 
VALUES ('0cdb87c8b0124689b78bddcf8e3fc035',to_date('2015-12-09 08:39:59','yyyy-mm-dd hh24:mi:ss'),'system',to_date('2015-12-09 10:50:28','yyyy-mm-dd hh24:mi:ss'),'system','BO_INTERFACE_DESC','PARAMETER','参数','VARCHAR2','4000','Y','Y','textarea',null,null,'multiline:true,prompt:''''',null,'0','style="height:50px;width:407px"','N','N',null,null,'N');

INSERT INTO MOD_TABLE_COLUMN (ID,CREATE_DATE,CREATE_USER,UPDATE_DATE,UPDATE_USER,TABLE_NAME,NAME,COMMENTS,JDBC_TYPE,JDBC_LENGTH,IS_NULL,IS_EDIT,CATEGORY,DEFAULT_VALUE,VALID_TYPE,SETTINGS,REMARKS,DEL_FLAG,HTML_INNER,IS_LIST,IS_QUERY,LIST_WIDTH,QUERY_WIDTH,IS_SORT) 
VALUES ('72da80dbed37413fbd7f5694d7e23461',to_date('2016-06-01 19:50:10','yyyy-mm-dd hh24:mi:ss'),'system',to_date('2016-06-01 19:50:10','yyyy-mm-dd hh24:mi:ss'),null,'PLAN_PROJECT','DESCRIBE','描述','VARCHAR2','1000','Y','Y','textarea',null,null,'multiline:true,prompt:''''',null,null,'style="height:100px;"','N','N',null,null,'N');

INSERT INTO MOD_TABLE_COLUMN (ID,CREATE_DATE,CREATE_USER,UPDATE_DATE,UPDATE_USER,TABLE_NAME,NAME,COMMENTS,JDBC_TYPE,JDBC_LENGTH,IS_NULL,IS_EDIT,CATEGORY,DEFAULT_VALUE,VALID_TYPE,SETTINGS,REMARKS,DEL_FLAG,HTML_INNER,IS_LIST,IS_QUERY,LIST_WIDTH,QUERY_WIDTH,IS_SORT) 
VALUES ('95cb519707f045799ec05e355e65a578',to_date('2016-06-01 20:01:26','yyyy-mm-dd hh24:mi:ss'),'system',to_date('2016-06-01 20:41:52','yyyy-mm-dd hh24:mi:ss'),'system','PLAN_TASK','USER_ID','完成人','CHAR','32','N','Y','combobox',null,null,'SQL>select id,name from sys_user|id|name',null,null,null,'Y','Y',null,null,'N');

INSERT INTO MOD_TABLE_COLUMN (ID,CREATE_DATE,CREATE_USER,UPDATE_DATE,UPDATE_USER,TABLE_NAME,NAME,COMMENTS,JDBC_TYPE,JDBC_LENGTH,IS_NULL,IS_EDIT,CATEGORY,DEFAULT_VALUE,VALID_TYPE,SETTINGS,REMARKS,DEL_FLAG,HTML_INNER,IS_LIST,IS_QUERY,LIST_WIDTH,QUERY_WIDTH,IS_SORT) 
VALUES ('84c87ee9d20d49ca8d8c0b678f5d7d5c',to_date('2016-06-01 20:03:40','yyyy-mm-dd hh24:mi:ss'),'system',to_date('2016-06-01 20:03:40','yyyy-mm-dd hh24:mi:ss'),null,'PLAN_TASK','END_DATE','结束日期','DATE',null,'N','Y','datebox',null,null,'dateFmt:''yyyy-MM-dd'',maxDate:'''',minDate:''''',null,null,null,'Y','Y',null,null,'N');

INSERT INTO MOD_TABLE_COLUMN (ID,CREATE_DATE,CREATE_USER,UPDATE_DATE,UPDATE_USER,TABLE_NAME,NAME,COMMENTS,JDBC_TYPE,JDBC_LENGTH,IS_NULL,IS_EDIT,CATEGORY,DEFAULT_VALUE,VALID_TYPE,SETTINGS,REMARKS,DEL_FLAG,HTML_INNER,IS_LIST,IS_QUERY,LIST_WIDTH,QUERY_WIDTH,IS_SORT) 
VALUES ('188a5e4b1460438186bbf476661790c7',to_date('2016-06-01 20:04:47','yyyy-mm-dd hh24:mi:ss'),'system',to_date('2016-06-01 20:04:47','yyyy-mm-dd hh24:mi:ss'),null,'PLAN_TASK','FINISH_DATE','完成日期','DATE',null,'Y','N','datebox',null,null,'dateFmt:''yyyy-MM-dd'',maxDate:'''',minDate:''''',null,null,null,'Y','Y',null,null,'N');

INSERT INTO MOD_TABLE_COLUMN (ID,CREATE_DATE,CREATE_USER,UPDATE_DATE,UPDATE_USER,TABLE_NAME,NAME,COMMENTS,JDBC_TYPE,JDBC_LENGTH,IS_NULL,IS_EDIT,CATEGORY,DEFAULT_VALUE,VALID_TYPE,SETTINGS,REMARKS,DEL_FLAG,HTML_INNER,IS_LIST,IS_QUERY,LIST_WIDTH,QUERY_WIDTH,IS_SORT) 
VALUES ('a76eb904839c43258752add4242e2190',to_date('2016-06-01 20:09:04','yyyy-mm-dd hh24:mi:ss'),'system',to_date('2016-06-01 20:41:10','yyyy-mm-dd hh24:mi:ss'),'system','PLAN_TASK','PROJECT_ID','项目','CHAR','32','N','Y','combobox',null,null,'SQL>select id,name from plan_project|id|name',null,null,null,'Y','Y',null,null,'N');

INSERT INTO MOD_TABLE_COLUMN (ID,CREATE_DATE,CREATE_USER,UPDATE_DATE,UPDATE_USER,TABLE_NAME,NAME,COMMENTS,JDBC_TYPE,JDBC_LENGTH,IS_NULL,IS_EDIT,CATEGORY,DEFAULT_VALUE,VALID_TYPE,SETTINGS,REMARKS,DEL_FLAG,HTML_INNER,IS_LIST,IS_QUERY,LIST_WIDTH,QUERY_WIDTH,IS_SORT) 
VALUES ('c8bc51ec3d9346de8d49278434129eab',to_date('2016-06-12 09:05:41','yyyy-mm-dd hh24:mi:ss'),'system',to_date('2016-06-12 09:05:41','yyyy-mm-dd hh24:mi:ss'),null,'BO_DEMO','USER_SEX','用户性别','VARCHAR2','100','Y','Y','combobox',null,null,'DICT>f5814ca746a145bc844669a70d984a9c',null,null,null,'Y','Y',null,null,'N');

INSERT INTO MOD_TABLE_COLUMN (ID,CREATE_DATE,CREATE_USER,UPDATE_DATE,UPDATE_USER,TABLE_NAME,NAME,COMMENTS,JDBC_TYPE,JDBC_LENGTH,IS_NULL,IS_EDIT,CATEGORY,DEFAULT_VALUE,VALID_TYPE,SETTINGS,REMARKS,DEL_FLAG,HTML_INNER,IS_LIST,IS_QUERY,LIST_WIDTH,QUERY_WIDTH,IS_SORT) 
VALUES ('7ec6a14f6c284812a7e27f47ebac4392',to_date('2016-06-12 09:08:34','yyyy-mm-dd hh24:mi:ss'),'system',to_date('2016-06-12 09:08:34','yyyy-mm-dd hh24:mi:ss'),null,'BO_DEMO','USER_BIRTHDAY','出生日期','DATE',null,'Y','Y','datebox',null,null,'dateFmt:''yyyy-MM-dd'',maxDate:'''',minDate:''''',null,null,null,'Y','Y',null,null,'N');

INSERT INTO MOD_TABLE_COLUMN (ID,CREATE_DATE,CREATE_USER,UPDATE_DATE,UPDATE_USER,TABLE_NAME,NAME,COMMENTS,JDBC_TYPE,JDBC_LENGTH,IS_NULL,IS_EDIT,CATEGORY,DEFAULT_VALUE,VALID_TYPE,SETTINGS,REMARKS,DEL_FLAG,HTML_INNER,IS_LIST,IS_QUERY,LIST_WIDTH,QUERY_WIDTH,IS_SORT) 
VALUES ('0cd0beab2ee64b07a99fa0e49832f14c',to_date('2016-06-12 09:11:02','yyyy-mm-dd hh24:mi:ss'),'system',to_date('2016-06-12 09:11:02','yyyy-mm-dd hh24:mi:ss'),null,'BO_DEMO','USER_SUMMARY','用户简介','CLOB',null,'Y','Y','htmldesign',null,null,'100',null,null,'style="width:100px;"','N','N',null,null,'N');

INSERT INTO MOD_TABLE_COLUMN (ID,CREATE_DATE,CREATE_USER,UPDATE_DATE,UPDATE_USER,TABLE_NAME,NAME,COMMENTS,JDBC_TYPE,JDBC_LENGTH,IS_NULL,IS_EDIT,CATEGORY,DEFAULT_VALUE,VALID_TYPE,SETTINGS,REMARKS,DEL_FLAG,HTML_INNER,IS_LIST,IS_QUERY,LIST_WIDTH,QUERY_WIDTH,IS_SORT) 
VALUES ('f7c32c721a6a45d79c6d8667a8df189c',to_date('2016-01-21 11:12:00','yyyy-mm-dd hh24:mi:ss'),'system',to_date('2016-07-14 14:34:03','yyyy-mm-dd hh24:mi:ss'),'system','BO_DEMO','EXPRESSION','表达式','VARCHAR2','100','Y','Y','textarea','@userId在@dateTime登录',null,'multiline:true,prompt:''@userId==@userName==@name==@departmentId==@departmentName==@year''',null,null,'style="height:50px;width:400px"','N','N',100,100,'N');

INSERT INTO MOD_TABLE_COLUMN (ID,CREATE_DATE,CREATE_USER,UPDATE_DATE,UPDATE_USER,TABLE_NAME,NAME,COMMENTS,JDBC_TYPE,JDBC_LENGTH,IS_NULL,IS_EDIT,CATEGORY,DEFAULT_VALUE,VALID_TYPE,SETTINGS,REMARKS,DEL_FLAG,HTML_INNER,IS_LIST,IS_QUERY,LIST_WIDTH,QUERY_WIDTH,IS_SORT) 
VALUES ('9892bceec41347d3abb187937821a26b',to_date('2016-03-16 14:12:08','yyyy-mm-dd hh24:mi:ss'),'system',to_date('2016-07-19 15:46:45','yyyy-mm-dd hh24:mi:ss'),'system','BO_DEMO','USER_NAME','用户名','VARCHAR2',null,'Y','N','textbox','@name',null,null,null,null,null,'N','Y',100,100,'Y');

INSERT INTO MOD_TABLE_COLUMN (ID,CREATE_DATE,CREATE_USER,UPDATE_DATE,UPDATE_USER,TABLE_NAME,NAME,COMMENTS,JDBC_TYPE,JDBC_LENGTH,IS_NULL,IS_EDIT,CATEGORY,DEFAULT_VALUE,VALID_TYPE,SETTINGS,REMARKS,DEL_FLAG,HTML_INNER,IS_LIST,IS_QUERY,LIST_WIDTH,QUERY_WIDTH,IS_SORT) 
VALUES ('910a75da82c341119044dd45e09330bf',to_date('2015-12-28 15:34:04','yyyy-mm-dd hh24:mi:ss'),'system',to_date('2016-07-19 15:42:40','yyyy-mm-dd hh24:mi:ss'),'system','BO_DEMO','TREE_ID','下拉树','VARCHAR2',null,'Y','H','combobox',null,null,null,null,null,null,'N','N',null,null,'N');

INSERT INTO MOD_TABLE_COLUMN (ID,CREATE_DATE,CREATE_USER,UPDATE_DATE,UPDATE_USER,TABLE_NAME,NAME,COMMENTS,JDBC_TYPE,JDBC_LENGTH,IS_NULL,IS_EDIT,CATEGORY,DEFAULT_VALUE,VALID_TYPE,SETTINGS,REMARKS,DEL_FLAG,HTML_INNER,IS_LIST,IS_QUERY,LIST_WIDTH,QUERY_WIDTH,IS_SORT) 
VALUES ('8389a7f8037543b9afb22653ff711980',to_date('2016-06-01 19:47:37','yyyy-mm-dd hh24:mi:ss'),'system',to_date('2016-06-01 19:47:37','yyyy-mm-dd hh24:mi:ss'),null,'PLAN_TEAM','DESCRIBE','描述','VARCHAR2','1000','Y','Y','textarea',null,null,'multiline:true,prompt:''''',null,null,'style="height:100px;"','N','N',null,null,'N');

INSERT INTO MOD_TABLE_COLUMN (ID,CREATE_DATE,CREATE_USER,UPDATE_DATE,UPDATE_USER,TABLE_NAME,NAME,COMMENTS,JDBC_TYPE,JDBC_LENGTH,IS_NULL,IS_EDIT,CATEGORY,DEFAULT_VALUE,VALID_TYPE,SETTINGS,REMARKS,DEL_FLAG,HTML_INNER,IS_LIST,IS_QUERY,LIST_WIDTH,QUERY_WIDTH,IS_SORT) 
VALUES ('b8a5fa64c2e446cc8320966bc160f351',to_date('2016-06-01 19:48:15','yyyy-mm-dd hh24:mi:ss'),'system',to_date('2016-06-01 19:48:15','yyyy-mm-dd hh24:mi:ss'),null,'PLAN_PROJECT','NAME','名称','VARCHAR2','100','N','Y','textbox',null,null,'prompt:''''',null,null,null,'Y','Y',null,null,'N');

INSERT INTO MOD_TABLE_COLUMN (ID,CREATE_DATE,CREATE_USER,UPDATE_DATE,UPDATE_USER,TABLE_NAME,NAME,COMMENTS,JDBC_TYPE,JDBC_LENGTH,IS_NULL,IS_EDIT,CATEGORY,DEFAULT_VALUE,VALID_TYPE,SETTINGS,REMARKS,DEL_FLAG,HTML_INNER,IS_LIST,IS_QUERY,LIST_WIDTH,QUERY_WIDTH,IS_SORT) 
VALUES ('079bf63e21ef4ec88bd4c6e68fa76399',to_date('2016-06-01 19:56:57','yyyy-mm-dd hh24:mi:ss'),'system',to_date('2016-06-02 08:32:52','yyyy-mm-dd hh24:mi:ss'),'system','PLAN_PROJECT','STATUS','状态','VARCHAR2','100','Y','H','combobox',null,null,'DICT>ed8d0e6d0eb74b8e9ca809990ec8422f',null,null,null,'Y','Y',null,null,'N');

INSERT INTO MOD_TABLE_COLUMN (ID,CREATE_DATE,CREATE_USER,UPDATE_DATE,UPDATE_USER,TABLE_NAME,NAME,COMMENTS,JDBC_TYPE,JDBC_LENGTH,IS_NULL,IS_EDIT,CATEGORY,DEFAULT_VALUE,VALID_TYPE,SETTINGS,REMARKS,DEL_FLAG,HTML_INNER,IS_LIST,IS_QUERY,LIST_WIDTH,QUERY_WIDTH,IS_SORT) 
VALUES ('75c8c37fbbf348799843a70f666826b9',to_date('2016-06-01 19:59:21','yyyy-mm-dd hh24:mi:ss'),'system',to_date('2016-06-02 08:43:24','yyyy-mm-dd hh24:mi:ss'),'system','PLAN_TASK','DESCRIBE','描述','VARCHAR2','100','N','Y','textarea',null,null,'multiline:true,prompt:''''',null,null,'style="height:100px;width:407px;"','Y','Y',null,null,'N');

INSERT INTO MOD_TABLE_COLUMN (ID,CREATE_DATE,CREATE_USER,UPDATE_DATE,UPDATE_USER,TABLE_NAME,NAME,COMMENTS,JDBC_TYPE,JDBC_LENGTH,IS_NULL,IS_EDIT,CATEGORY,DEFAULT_VALUE,VALID_TYPE,SETTINGS,REMARKS,DEL_FLAG,HTML_INNER,IS_LIST,IS_QUERY,LIST_WIDTH,QUERY_WIDTH,IS_SORT) 
VALUES ('376c352c18d649519119022f71f20eb6',to_date('2016-06-01 20:02:31','yyyy-mm-dd hh24:mi:ss'),'system',to_date('2016-06-01 20:02:31','yyyy-mm-dd hh24:mi:ss'),null,'PLAN_TASK','START_DATE','开始日期','DATE',null,'N','Y','datebox',null,null,'dateFmt:''yyyy-MM-dd'',maxDate:'''',minDate:''''',null,null,null,'Y','Y',null,null,'N');

INSERT INTO MOD_TABLE_COLUMN (ID,CREATE_DATE,CREATE_USER,UPDATE_DATE,UPDATE_USER,TABLE_NAME,NAME,COMMENTS,JDBC_TYPE,JDBC_LENGTH,IS_NULL,IS_EDIT,CATEGORY,DEFAULT_VALUE,VALID_TYPE,SETTINGS,REMARKS,DEL_FLAG,HTML_INNER,IS_LIST,IS_QUERY,LIST_WIDTH,QUERY_WIDTH,IS_SORT) 
VALUES ('56d7456d94ae452eb0c0e3c2c3a79235',to_date('2016-06-01 20:07:58','yyyy-mm-dd hh24:mi:ss'),'system',to_date('2016-06-02 08:43:30','yyyy-mm-dd hh24:mi:ss'),'system','PLAN_TASK','EXPLAIN','说明','VARCHAR2','500','Y','Y','textarea',null,null,'multiline:true,prompt:''''',null,null,'style="height:100px;width:407px;"','N','N',null,null,'N');

INSERT INTO MOD_TABLE_COLUMN (ID,CREATE_DATE,CREATE_USER,UPDATE_DATE,UPDATE_USER,TABLE_NAME,NAME,COMMENTS,JDBC_TYPE,JDBC_LENGTH,IS_NULL,IS_EDIT,CATEGORY,DEFAULT_VALUE,VALID_TYPE,SETTINGS,REMARKS,DEL_FLAG,HTML_INNER,IS_LIST,IS_QUERY,LIST_WIDTH,QUERY_WIDTH,IS_SORT) 
VALUES ('a4fddc4232de4fa5bfc4c4ebe9052765',to_date('2016-06-12 09:07:27','yyyy-mm-dd hh24:mi:ss'),'system',to_date('2016-06-12 09:07:27','yyyy-mm-dd hh24:mi:ss'),null,'BO_DEMO','USER_AGE','用户年龄','NUMBER','10','Y','N','numberbox',null,null,'max:150,min:0,precision:0',null,null,null,'Y','N',null,null,'N');

INSERT INTO MOD_TABLE_COLUMN (ID,CREATE_DATE,CREATE_USER,UPDATE_DATE,UPDATE_USER,TABLE_NAME,NAME,COMMENTS,JDBC_TYPE,JDBC_LENGTH,IS_NULL,IS_EDIT,CATEGORY,DEFAULT_VALUE,VALID_TYPE,SETTINGS,REMARKS,DEL_FLAG,HTML_INNER,IS_LIST,IS_QUERY,LIST_WIDTH,QUERY_WIDTH,IS_SORT) 
VALUES ('3e9ccd61a2074e41941f223d5987d8ca',to_date('2016-04-08 10:51:27','yyyy-mm-dd hh24:mi:ss'),'system',to_date('2016-04-08 10:51:27','yyyy-mm-dd hh24:mi:ss'),null,'JOB_QUARTZ_CONF','JOB_NAME','任务名','VARCHAR2','100','N','Y','textbox',null,'loginName','prompt:''''',null,null,null,'Y','Y',null,null,'N');

INSERT INTO MOD_TABLE_COLUMN (ID,CREATE_DATE,CREATE_USER,UPDATE_DATE,UPDATE_USER,TABLE_NAME,NAME,COMMENTS,JDBC_TYPE,JDBC_LENGTH,IS_NULL,IS_EDIT,CATEGORY,DEFAULT_VALUE,VALID_TYPE,SETTINGS,REMARKS,DEL_FLAG,HTML_INNER,IS_LIST,IS_QUERY,LIST_WIDTH,QUERY_WIDTH,IS_SORT) 
VALUES ('b72e399ce1fa400f83db4cb3f24f9eac',to_date('2016-04-08 10:58:28','yyyy-mm-dd hh24:mi:ss'),'system',to_date('2016-04-08 10:58:28','yyyy-mm-dd hh24:mi:ss'),null,'JOB_QUARTZ_CONF','JOB_GROUP','任务分组','VARCHAR2','100','N','Y','combobox','com_job',null,'DICT>0d71cae660dd4c76912a946cc83326ba',null,null,null,'Y','Y',null,null,'N');

INSERT INTO MOD_TABLE_COLUMN (ID,CREATE_DATE,CREATE_USER,UPDATE_DATE,UPDATE_USER,TABLE_NAME,NAME,COMMENTS,JDBC_TYPE,JDBC_LENGTH,IS_NULL,IS_EDIT,CATEGORY,DEFAULT_VALUE,VALID_TYPE,SETTINGS,REMARKS,DEL_FLAG,HTML_INNER,IS_LIST,IS_QUERY,LIST_WIDTH,QUERY_WIDTH,IS_SORT) 
VALUES ('ba5de47aaeb24cb79b1a5a1f552d519d',to_date('2016-04-08 11:09:50','yyyy-mm-dd hh24:mi:ss'),'system',to_date('2016-04-11 08:57:26','yyyy-mm-dd hh24:mi:ss'),'system','JOB_QUARTZ_CONF','STATUS','任务状态','VARCHAR2','100','Y','H','combobox',null,null,'DICT>43c35fe923dd4e80b060f247c780ab69',null,null,null,'Y','Y',null,null,'N');

INSERT INTO MOD_TABLE_COLUMN (ID,CREATE_DATE,CREATE_USER,UPDATE_DATE,UPDATE_USER,TABLE_NAME,NAME,COMMENTS,JDBC_TYPE,JDBC_LENGTH,IS_NULL,IS_EDIT,CATEGORY,DEFAULT_VALUE,VALID_TYPE,SETTINGS,REMARKS,DEL_FLAG,HTML_INNER,IS_LIST,IS_QUERY,LIST_WIDTH,QUERY_WIDTH,IS_SORT) 
VALUES ('e2f612bdbece4abdbf8f91175fea3617',to_date('2016-06-12 09:09:15','yyyy-mm-dd hh24:mi:ss'),'system',to_date('2016-06-12 09:09:15','yyyy-mm-dd hh24:mi:ss'),null,'BO_DEMO','USER_ICON','用户头像','VARCHAR2','1000','Y','H','textbox',null,null,'prompt:''''',null,null,null,'N','N',null,null,'N');

INSERT INTO MOD_TABLE_COLUMN (ID,CREATE_DATE,CREATE_USER,UPDATE_DATE,UPDATE_USER,TABLE_NAME,NAME,COMMENTS,JDBC_TYPE,JDBC_LENGTH,IS_NULL,IS_EDIT,CATEGORY,DEFAULT_VALUE,VALID_TYPE,SETTINGS,REMARKS,DEL_FLAG,HTML_INNER,IS_LIST,IS_QUERY,LIST_WIDTH,QUERY_WIDTH,IS_SORT) 
VALUES ('bcc3a4dbe79d47aa81d53e40457b3c81',to_date('2016-06-12 09:55:41','yyyy-mm-dd hh24:mi:ss'),null,to_date('2016-07-19 15:43:51','yyyy-mm-dd hh24:mi:ss'),'system','BO_DEMO','DEPARTMENT_ID','所在部门','CHAR',null,'Y','Y','combobox',null,null,null,null,null,null,'N','N',null,null,'N');

INSERT INTO MOD_TABLE_COLUMN (ID,CREATE_DATE,CREATE_USER,UPDATE_DATE,UPDATE_USER,TABLE_NAME,NAME,COMMENTS,JDBC_TYPE,JDBC_LENGTH,IS_NULL,IS_EDIT,CATEGORY,DEFAULT_VALUE,VALID_TYPE,SETTINGS,REMARKS,DEL_FLAG,HTML_INNER,IS_LIST,IS_QUERY,LIST_WIDTH,QUERY_WIDTH,IS_SORT) 
VALUES ('3519bed99b8942b2bc2be40a2de7217b',to_date('2016-06-12 09:56:28','yyyy-mm-dd hh24:mi:ss'),null,to_date('2016-07-19 15:43:10','yyyy-mm-dd hh24:mi:ss'),'system','BO_DEMO','MANAGER_ID','上级领导','CHAR',null,'Y','Y','combobox',null,null,null,null,null,null,'N','N',null,null,'N');

INSERT INTO MOD_TABLE_COLUMN (ID,CREATE_DATE,CREATE_USER,UPDATE_DATE,UPDATE_USER,TABLE_NAME,NAME,COMMENTS,JDBC_TYPE,JDBC_LENGTH,IS_NULL,IS_EDIT,CATEGORY,DEFAULT_VALUE,VALID_TYPE,SETTINGS,REMARKS,DEL_FLAG,HTML_INNER,IS_LIST,IS_QUERY,LIST_WIDTH,QUERY_WIDTH,IS_SORT) 
VALUES ('71f52f9233bf445dbd2721ffd675da30',to_date('2016-07-15 11:02:48','yyyy-mm-dd hh24:mi:ss'),'system',to_date('2016-07-15 16:23:15','yyyy-mm-dd hh24:mi:ss'),'system','CMS_SITE','DESCRIPTION','描述','VARCHAR2','1000','Y','Y','textarea',null,null,'multiline:true,prompt:''''',null,null,'style="height:100px;width:430px;"','Y','N',100,100,'N');

INSERT INTO MOD_TABLE_COLUMN (ID,CREATE_DATE,CREATE_USER,UPDATE_DATE,UPDATE_USER,TABLE_NAME,NAME,COMMENTS,JDBC_TYPE,JDBC_LENGTH,IS_NULL,IS_EDIT,CATEGORY,DEFAULT_VALUE,VALID_TYPE,SETTINGS,REMARKS,DEL_FLAG,HTML_INNER,IS_LIST,IS_QUERY,LIST_WIDTH,QUERY_WIDTH,IS_SORT) 
VALUES ('26eb3088c51d41f5938c8f6843ca96a9',to_date('2016-07-15 11:05:00','yyyy-mm-dd hh24:mi:ss'),'system',to_date('2016-07-15 16:23:01','yyyy-mm-dd hh24:mi:ss'),'system','CMS_SITE','COPYRIGHT','版权信息','VARCHAR2','1000','Y','Y','textbox',null,null,'prompt:''''',null,null,'style="width:430px;"','Y','N',100,100,'N');

INSERT INTO MOD_TABLE_COLUMN (ID,CREATE_DATE,CREATE_USER,UPDATE_DATE,UPDATE_USER,TABLE_NAME,NAME,COMMENTS,JDBC_TYPE,JDBC_LENGTH,IS_NULL,IS_EDIT,CATEGORY,DEFAULT_VALUE,VALID_TYPE,SETTINGS,REMARKS,DEL_FLAG,HTML_INNER,IS_LIST,IS_QUERY,LIST_WIDTH,QUERY_WIDTH,IS_SORT) 
VALUES ('21ca31f8afa34c9dab80382d561b1534',to_date('2016-07-15 11:06:32','yyyy-mm-dd hh24:mi:ss'),'system',to_date('2016-07-22 15:46:09','yyyy-mm-dd hh24:mi:ss'),null,'CMS_SITE','CUSTOM_VIEW','自定义首页视图','VARCHAR2','500','Y','H','textbox',null,null,'prompt:''''',null,null,'style="width:430px;"','N','N',100,100,'N');

INSERT INTO MOD_TABLE_COLUMN (ID,CREATE_DATE,CREATE_USER,UPDATE_DATE,UPDATE_USER,TABLE_NAME,NAME,COMMENTS,JDBC_TYPE,JDBC_LENGTH,IS_NULL,IS_EDIT,CATEGORY,DEFAULT_VALUE,VALID_TYPE,SETTINGS,REMARKS,DEL_FLAG,HTML_INNER,IS_LIST,IS_QUERY,LIST_WIDTH,QUERY_WIDTH,IS_SORT) 
VALUES ('5a531e2efeb0492db972c175a9018a60',to_date('2016-07-15 11:13:21','yyyy-mm-dd hh24:mi:ss'),'system',to_date('2016-07-19 16:24:02','yyyy-mm-dd hh24:mi:ss'),'system','CMS_CATEGORY','PARENT_ID','父级栏目','CHAR','32','N','Y','combotree',null,null,'URL>/cms/category/list/tree|id|name|parent_id',null,null,null,'N','N',100,100,'N');

INSERT INTO MOD_TABLE_COLUMN (ID,CREATE_DATE,CREATE_USER,UPDATE_DATE,UPDATE_USER,TABLE_NAME,NAME,COMMENTS,JDBC_TYPE,JDBC_LENGTH,IS_NULL,IS_EDIT,CATEGORY,DEFAULT_VALUE,VALID_TYPE,SETTINGS,REMARKS,DEL_FLAG,HTML_INNER,IS_LIST,IS_QUERY,LIST_WIDTH,QUERY_WIDTH,IS_SORT) 
VALUES ('91148fb3baae425d808bb3ae2a33e029',to_date('2016-07-15 13:32:22','yyyy-mm-dd hh24:mi:ss'),'system',to_date('2016-07-18 09:53:40','yyyy-mm-dd hh24:mi:ss'),'system','CMS_CATEGORY','DESCRIPTION','描述','VARCHAR2','500','Y','Y','textbox',null,null,'prompt:''''',null,null,'style="width:405px;"','N','N',100,100,'N');

INSERT INTO MOD_TABLE_COLUMN (ID,CREATE_DATE,CREATE_USER,UPDATE_DATE,UPDATE_USER,TABLE_NAME,NAME,COMMENTS,JDBC_TYPE,JDBC_LENGTH,IS_NULL,IS_EDIT,CATEGORY,DEFAULT_VALUE,VALID_TYPE,SETTINGS,REMARKS,DEL_FLAG,HTML_INNER,IS_LIST,IS_QUERY,LIST_WIDTH,QUERY_WIDTH,IS_SORT) 
VALUES ('1407231520fa43668fcb1fe9f1f9a824',to_date('2016-07-15 13:43:13','yyyy-mm-dd hh24:mi:ss'),'system',to_date('2016-07-18 09:24:21','yyyy-mm-dd hh24:mi:ss'),'system','CMS_CATEGORY','IS_AUDIT','是否需要审核','CHAR','1','Y','Y','combobox','Y',null,'DICT>0469a2108e854bbc83d5afa7b3367676',null,null,null,'Y','N',100,100,'N');

INSERT INTO MOD_TABLE_COLUMN (ID,CREATE_DATE,CREATE_USER,UPDATE_DATE,UPDATE_USER,TABLE_NAME,NAME,COMMENTS,JDBC_TYPE,JDBC_LENGTH,IS_NULL,IS_EDIT,CATEGORY,DEFAULT_VALUE,VALID_TYPE,SETTINGS,REMARKS,DEL_FLAG,HTML_INNER,IS_LIST,IS_QUERY,LIST_WIDTH,QUERY_WIDTH,IS_SORT) 
VALUES ('75126d924ef447f7be99c9946476ebc3',to_date('2016-07-15 13:44:57','yyyy-mm-dd hh24:mi:ss'),'system',to_date('2016-07-22 15:46:36','yyyy-mm-dd hh24:mi:ss'),null,'CMS_CATEGORY','CUSTOM_LIST_VIEW','列表视图','VARCHAR2','500','Y','H','textbox',null,null,'prompt:''''',null,null,'style="width:405px;"','N','N',100,100,'N');

INSERT INTO MOD_TABLE_COLUMN (ID,CREATE_DATE,CREATE_USER,UPDATE_DATE,UPDATE_USER,TABLE_NAME,NAME,COMMENTS,JDBC_TYPE,JDBC_LENGTH,IS_NULL,IS_EDIT,CATEGORY,DEFAULT_VALUE,VALID_TYPE,SETTINGS,REMARKS,DEL_FLAG,HTML_INNER,IS_LIST,IS_QUERY,LIST_WIDTH,QUERY_WIDTH,IS_SORT) 
VALUES ('62380c2b41f64caa8b2af05e8ee3d4cc',to_date('2016-07-15 13:45:31','yyyy-mm-dd hh24:mi:ss'),'system',to_date('2016-07-22 15:46:45','yyyy-mm-dd hh24:mi:ss'),null,'CMS_CATEGORY','CUSTOM_CONTENT_VIEW','内容视图','VARCHAR2','500','Y','H','textbox',null,null,'prompt:''''',null,null,'style="width:405px;"','N','N',100,100,'N');

INSERT INTO MOD_TABLE_COLUMN (ID,CREATE_DATE,CREATE_USER,UPDATE_DATE,UPDATE_USER,TABLE_NAME,NAME,COMMENTS,JDBC_TYPE,JDBC_LENGTH,IS_NULL,IS_EDIT,CATEGORY,DEFAULT_VALUE,VALID_TYPE,SETTINGS,REMARKS,DEL_FLAG,HTML_INNER,IS_LIST,IS_QUERY,LIST_WIDTH,QUERY_WIDTH,IS_SORT) 
VALUES ('b9af6e429fbe478ba73f4f336d240fad',to_date('2016-07-27 13:09:54','yyyy-mm-dd hh24:mi:ss'),'system',null,null,'CMS_TAGCLOUD','SITE_ID','站点','CHAR','32','N','N','combobox',null,null,'SQL>select id,name from cms_site|id|name',null,null,null,'N','N',100,100,'N');

INSERT INTO MOD_TABLE_COLUMN (ID,CREATE_DATE,CREATE_USER,UPDATE_DATE,UPDATE_USER,TABLE_NAME,NAME,COMMENTS,JDBC_TYPE,JDBC_LENGTH,IS_NULL,IS_EDIT,CATEGORY,DEFAULT_VALUE,VALID_TYPE,SETTINGS,REMARKS,DEL_FLAG,HTML_INNER,IS_LIST,IS_QUERY,LIST_WIDTH,QUERY_WIDTH,IS_SORT) 
VALUES ('071c890a03114bcba8fab53778e6f952',to_date('2016-07-15 13:51:28','yyyy-mm-dd hh24:mi:ss'),'system',to_date('2016-07-19 17:10:44','yyyy-mm-dd hh24:mi:ss'),'system','CMS_ARTICLE','TITLE','标题','VARCHAR2','100','N','Y','textbox',null,null,'prompt:''''',null,null,null,'Y','Y',100,100,'N');

INSERT INTO MOD_TABLE_COLUMN (ID,CREATE_DATE,CREATE_USER,UPDATE_DATE,UPDATE_USER,TABLE_NAME,NAME,COMMENTS,JDBC_TYPE,JDBC_LENGTH,IS_NULL,IS_EDIT,CATEGORY,DEFAULT_VALUE,VALID_TYPE,SETTINGS,REMARKS,DEL_FLAG,HTML_INNER,IS_LIST,IS_QUERY,LIST_WIDTH,QUERY_WIDTH,IS_SORT) 
VALUES ('dc2f5d994919485c9bbab8bf8d640fd3',to_date('2016-07-15 14:05:52','yyyy-mm-dd hh24:mi:ss'),'system',to_date('2016-07-22 15:45:26','yyyy-mm-dd hh24:mi:ss'),null,'CMS_ARTICLE','VIEW_CONFIG','视图配置','CLOB',null,'Y','H','textarea',null,null,'multiline:true,prompt:''''',null,null,'style="height:100px;width:405px;"','N','N',100,100,'N');

INSERT INTO MOD_TABLE_COLUMN (ID,CREATE_DATE,CREATE_USER,UPDATE_DATE,UPDATE_USER,TABLE_NAME,NAME,COMMENTS,JDBC_TYPE,JDBC_LENGTH,IS_NULL,IS_EDIT,CATEGORY,DEFAULT_VALUE,VALID_TYPE,SETTINGS,REMARKS,DEL_FLAG,HTML_INNER,IS_LIST,IS_QUERY,LIST_WIDTH,QUERY_WIDTH,IS_SORT) 
VALUES ('8d29ac8fd75a48c78b40680021dc649a',to_date('2016-07-15 14:07:56','yyyy-mm-dd hh24:mi:ss'),'system',to_date('2016-07-22 13:28:45','yyyy-mm-dd hh24:mi:ss'),'system','CMS_COLLECTIONS','SITE_ID','所属站点','CHAR','32','Y','H','textbox',null,null,'prompt:''''',null,null,null,'N','N',100,100,'N');

INSERT INTO MOD_TABLE_COLUMN (ID,CREATE_DATE,CREATE_USER,UPDATE_DATE,UPDATE_USER,TABLE_NAME,NAME,COMMENTS,JDBC_TYPE,JDBC_LENGTH,IS_NULL,IS_EDIT,CATEGORY,DEFAULT_VALUE,VALID_TYPE,SETTINGS,REMARKS,DEL_FLAG,HTML_INNER,IS_LIST,IS_QUERY,LIST_WIDTH,QUERY_WIDTH,IS_SORT) 
VALUES ('7ff3c0c6dfa44693a8c1cff8f7a26af5',to_date('2016-07-15 14:09:48','yyyy-mm-dd hh24:mi:ss'),'system',null,null,'CMS_COLLECTIONS','BASIC_ID','评论主体','CHAR','32','N','H','textbox',null,null,'prompt:''''',null,null,null,'N','N',100,100,'N');

INSERT INTO MOD_TABLE_COLUMN (ID,CREATE_DATE,CREATE_USER,UPDATE_DATE,UPDATE_USER,TABLE_NAME,NAME,COMMENTS,JDBC_TYPE,JDBC_LENGTH,IS_NULL,IS_EDIT,CATEGORY,DEFAULT_VALUE,VALID_TYPE,SETTINGS,REMARKS,DEL_FLAG,HTML_INNER,IS_LIST,IS_QUERY,LIST_WIDTH,QUERY_WIDTH,IS_SORT) 
VALUES ('f777b9b4d53040dfb47e767baf534028',to_date('2016-07-15 14:17:32','yyyy-mm-dd hh24:mi:ss'),'system',null,null,'CMS_COLLECTIONS','TYPE','类型','CHAR','1','Y','Y','combobox',null,null,'1:收藏|2:点赞',null,null,null,'Y','Y',100,100,'N');

INSERT INTO MOD_TABLE_COLUMN (ID,CREATE_DATE,CREATE_USER,UPDATE_DATE,UPDATE_USER,TABLE_NAME,NAME,COMMENTS,JDBC_TYPE,JDBC_LENGTH,IS_NULL,IS_EDIT,CATEGORY,DEFAULT_VALUE,VALID_TYPE,SETTINGS,REMARKS,DEL_FLAG,HTML_INNER,IS_LIST,IS_QUERY,LIST_WIDTH,QUERY_WIDTH,IS_SORT) 
VALUES ('cd13dc70da344a3985154ddfb1f132b6',to_date('2016-07-15 14:25:55','yyyy-mm-dd hh24:mi:ss'),'system',null,null,'CMS_COMMENT','BASIC_ID','所属主体','CHAR','32','N','H','textbox',null,null,'prompt:''''',null,null,null,'N','N',100,100,'N');

INSERT INTO MOD_TABLE_COLUMN (ID,CREATE_DATE,CREATE_USER,UPDATE_DATE,UPDATE_USER,TABLE_NAME,NAME,COMMENTS,JDBC_TYPE,JDBC_LENGTH,IS_NULL,IS_EDIT,CATEGORY,DEFAULT_VALUE,VALID_TYPE,SETTINGS,REMARKS,DEL_FLAG,HTML_INNER,IS_LIST,IS_QUERY,LIST_WIDTH,QUERY_WIDTH,IS_SORT) 
VALUES ('5ced7f720cde417397920ff2ede001f3',to_date('2016-07-15 14:28:43','yyyy-mm-dd hh24:mi:ss'),'system',null,null,'CMS_COMMENT','CONTENT','评价内容','VARCHAR2','500','Y','Y','textbox',null,null,'prompt:''''',null,null,null,'Y','Y',100,100,'N');

INSERT INTO MOD_TABLE_COLUMN (ID,CREATE_DATE,CREATE_USER,UPDATE_DATE,UPDATE_USER,TABLE_NAME,NAME,COMMENTS,JDBC_TYPE,JDBC_LENGTH,IS_NULL,IS_EDIT,CATEGORY,DEFAULT_VALUE,VALID_TYPE,SETTINGS,REMARKS,DEL_FLAG,HTML_INNER,IS_LIST,IS_QUERY,LIST_WIDTH,QUERY_WIDTH,IS_SORT) 
VALUES ('31e7cf26f1d448ce8a56e880646775d4',to_date('2016-07-15 14:29:48','yyyy-mm-dd hh24:mi:ss'),'system',to_date('2016-07-19 14:02:53','yyyy-mm-dd hh24:mi:ss'),'system','CMS_COMMENT','USER_NAME','评价人','VARCHAR2','100','Y','Y','textbox',null,null,'prompt:''''',null,null,null,'N','N',100,100,'N');

INSERT INTO MOD_TABLE_COLUMN (ID,CREATE_DATE,CREATE_USER,UPDATE_DATE,UPDATE_USER,TABLE_NAME,NAME,COMMENTS,JDBC_TYPE,JDBC_LENGTH,IS_NULL,IS_EDIT,CATEGORY,DEFAULT_VALUE,VALID_TYPE,SETTINGS,REMARKS,DEL_FLAG,HTML_INNER,IS_LIST,IS_QUERY,LIST_WIDTH,QUERY_WIDTH,IS_SORT) 
VALUES ('615d37f937a642a787da17408020a611',to_date('2016-07-15 14:33:48','yyyy-mm-dd hh24:mi:ss'),'system',to_date('2016-07-19 14:11:16','yyyy-mm-dd hh24:mi:ss'),'system','CMS_COMMENT','AUDIT_STATE','是否屏蔽','VARCHAR2','100','Y','N','combobox','F',null,'DICT>0469a2108e854bbc83d5afa7b3367676',null,null,null,'Y','Y',100,100,'N');

INSERT INTO MOD_TABLE_COLUMN (ID,CREATE_DATE,CREATE_USER,UPDATE_DATE,UPDATE_USER,TABLE_NAME,NAME,COMMENTS,JDBC_TYPE,JDBC_LENGTH,IS_NULL,IS_EDIT,CATEGORY,DEFAULT_VALUE,VALID_TYPE,SETTINGS,REMARKS,DEL_FLAG,HTML_INNER,IS_LIST,IS_QUERY,LIST_WIDTH,QUERY_WIDTH,IS_SORT) 
VALUES ('d758dc55a9754bf09ddba9f4ceafd1bd',to_date('2016-07-27 13:10:42','yyyy-mm-dd hh24:mi:ss'),'system',null,null,'CMS_TAGCLOUD','NAME','标签','VARCHAR2','100','Y','Y','textbox',null,null,'prompt:''''',null,null,null,'Y','Y',100,100,'Y');

INSERT INTO MOD_TABLE_COLUMN (ID,CREATE_DATE,CREATE_USER,UPDATE_DATE,UPDATE_USER,TABLE_NAME,NAME,COMMENTS,JDBC_TYPE,JDBC_LENGTH,IS_NULL,IS_EDIT,CATEGORY,DEFAULT_VALUE,VALID_TYPE,SETTINGS,REMARKS,DEL_FLAG,HTML_INNER,IS_LIST,IS_QUERY,LIST_WIDTH,QUERY_WIDTH,IS_SORT) 
VALUES ('c6d78d57ff0a45da8fe5480b22cd8337',to_date('2016-07-27 14:16:04','yyyy-mm-dd hh24:mi:ss'),'system',null,null,'CMS_ARTICLE','TAG_ID','标签','VARCHAR2','4000','Y','Y','checkbox',null,null,'SQL>select id,name from cms_tagcloud where id=''1''|id|name',null,null,null,'N','N',100,100,'N');

INSERT INTO MOD_TABLE_COLUMN (ID,CREATE_DATE,CREATE_USER,UPDATE_DATE,UPDATE_USER,TABLE_NAME,NAME,COMMENTS,JDBC_TYPE,JDBC_LENGTH,IS_NULL,IS_EDIT,CATEGORY,DEFAULT_VALUE,VALID_TYPE,SETTINGS,REMARKS,DEL_FLAG,HTML_INNER,IS_LIST,IS_QUERY,LIST_WIDTH,QUERY_WIDTH,IS_SORT) 
VALUES ('7abdff25cd9c4f3a8ed248aaa66b6510',to_date('2016-07-28 09:56:20','yyyy-mm-dd hh24:mi:ss'),'system',null,null,'CMS_CATEGORY','EXTENDS_INFO','扩展内容','VARCHAR2','100','Y','Y','textbox',null,null,'prompt:''''',null,null,null,'N','N',100,100,'N');

INSERT INTO MOD_TABLE_COLUMN (ID,CREATE_DATE,CREATE_USER,UPDATE_DATE,UPDATE_USER,TABLE_NAME,NAME,COMMENTS,JDBC_TYPE,JDBC_LENGTH,IS_NULL,IS_EDIT,CATEGORY,DEFAULT_VALUE,VALID_TYPE,SETTINGS,REMARKS,DEL_FLAG,HTML_INNER,IS_LIST,IS_QUERY,LIST_WIDTH,QUERY_WIDTH,IS_SORT) 
VALUES ('525c461573f14f1a9a20f3410d4c8286',to_date('2016-07-30 11:23:56','yyyy-mm-dd hh24:mi:ss'),'system',to_date('2016-07-30 15:21:07','yyyy-mm-dd hh24:mi:ss'),'system','CMS_GUESTBOOK','CONTENT','留言内容','VARCHAR2',null,'Y','N','textarea',null,null,null,null,null,'style="height:100px;width:405px;"','N','N',100,100,'N');

INSERT INTO MOD_TABLE_COLUMN (ID,CREATE_DATE,CREATE_USER,UPDATE_DATE,UPDATE_USER,TABLE_NAME,NAME,COMMENTS,JDBC_TYPE,JDBC_LENGTH,IS_NULL,IS_EDIT,CATEGORY,DEFAULT_VALUE,VALID_TYPE,SETTINGS,REMARKS,DEL_FLAG,HTML_INNER,IS_LIST,IS_QUERY,LIST_WIDTH,QUERY_WIDTH,IS_SORT) 
VALUES ('bcc3eb63dab9420e90c6d0bf18ff8eb8',to_date('2016-07-30 11:29:06','yyyy-mm-dd hh24:mi:ss'),'system',to_date('2016-07-30 15:18:52','yyyy-mm-dd hh24:mi:ss'),'system','CMS_GUESTBOOK','NAME','姓名','VARCHAR2',null,'Y','N','textbox',null,null,null,null,null,null,'Y','Y',100,100,'Y');

INSERT INTO MOD_TABLE_COLUMN (ID,CREATE_DATE,CREATE_USER,UPDATE_DATE,UPDATE_USER,TABLE_NAME,NAME,COMMENTS,JDBC_TYPE,JDBC_LENGTH,IS_NULL,IS_EDIT,CATEGORY,DEFAULT_VALUE,VALID_TYPE,SETTINGS,REMARKS,DEL_FLAG,HTML_INNER,IS_LIST,IS_QUERY,LIST_WIDTH,QUERY_WIDTH,IS_SORT) 
VALUES ('23a9f019815c45b498d4dbc29dd53323',to_date('2016-07-30 11:29:28','yyyy-mm-dd hh24:mi:ss'),'system',to_date('2016-07-30 15:18:53','yyyy-mm-dd hh24:mi:ss'),'system','CMS_GUESTBOOK','EMAIL','邮箱','VARCHAR2',null,'Y','N','textbox',null,null,null,null,null,null,'Y','Y',100,100,'Y');

INSERT INTO MOD_TABLE_COLUMN (ID,CREATE_DATE,CREATE_USER,UPDATE_DATE,UPDATE_USER,TABLE_NAME,NAME,COMMENTS,JDBC_TYPE,JDBC_LENGTH,IS_NULL,IS_EDIT,CATEGORY,DEFAULT_VALUE,VALID_TYPE,SETTINGS,REMARKS,DEL_FLAG,HTML_INNER,IS_LIST,IS_QUERY,LIST_WIDTH,QUERY_WIDTH,IS_SORT) 
VALUES ('c9dba233b77445158e4458a34e535a97',to_date('2016-07-30 11:29:48','yyyy-mm-dd hh24:mi:ss'),'system',to_date('2016-07-30 15:18:55','yyyy-mm-dd hh24:mi:ss'),'system','CMS_GUESTBOOK','PHONE','电话','VARCHAR2',null,'Y','N','textbox',null,null,null,null,null,null,'Y','Y',100,100,'N');

INSERT INTO MOD_TABLE_COLUMN (ID,CREATE_DATE,CREATE_USER,UPDATE_DATE,UPDATE_USER,TABLE_NAME,NAME,COMMENTS,JDBC_TYPE,JDBC_LENGTH,IS_NULL,IS_EDIT,CATEGORY,DEFAULT_VALUE,VALID_TYPE,SETTINGS,REMARKS,DEL_FLAG,HTML_INNER,IS_LIST,IS_QUERY,LIST_WIDTH,QUERY_WIDTH,IS_SORT) 
VALUES ('4036a3cc1e55447e9af9e306e72fe28d',to_date('2016-07-30 11:30:14','yyyy-mm-dd hh24:mi:ss'),'system',to_date('2016-07-30 15:22:20','yyyy-mm-dd hh24:mi:ss'),'system','CMS_GUESTBOOK','WORKUNIT','单位','VARCHAR2',null,'Y','N','textbox',null,null,null,null,null,'style="width:405px;"','Y','Y',100,100,'N');

INSERT INTO MOD_TABLE_COLUMN (ID,CREATE_DATE,CREATE_USER,UPDATE_DATE,UPDATE_USER,TABLE_NAME,NAME,COMMENTS,JDBC_TYPE,JDBC_LENGTH,IS_NULL,IS_EDIT,CATEGORY,DEFAULT_VALUE,VALID_TYPE,SETTINGS,REMARKS,DEL_FLAG,HTML_INNER,IS_LIST,IS_QUERY,LIST_WIDTH,QUERY_WIDTH,IS_SORT) 
VALUES ('c431d7debb59416f8141c2a357882f15',to_date('2016-07-30 11:30:40','yyyy-mm-dd hh24:mi:ss'),'system',to_date('2016-07-30 15:19:08','yyyy-mm-dd hh24:mi:ss'),'system','CMS_GUESTBOOK','IP','IP','VARCHAR2','100','Y','H','textbox',null,null,'prompt:''''',null,null,null,'Y','N',100,100,'Y');

INSERT INTO MOD_TABLE_COLUMN (ID,CREATE_DATE,CREATE_USER,UPDATE_DATE,UPDATE_USER,TABLE_NAME,NAME,COMMENTS,JDBC_TYPE,JDBC_LENGTH,IS_NULL,IS_EDIT,CATEGORY,DEFAULT_VALUE,VALID_TYPE,SETTINGS,REMARKS,DEL_FLAG,HTML_INNER,IS_LIST,IS_QUERY,LIST_WIDTH,QUERY_WIDTH,IS_SORT) 
VALUES ('b3fc6c1a8edc433f9d85666c340753ec',to_date('2016-07-30 11:31:49','yyyy-mm-dd hh24:mi:ss'),'system',to_date('2016-07-30 15:34:46','yyyy-mm-dd hh24:mi:ss'),'system','CMS_GUESTBOOK','REUSERID','回复人','CHAR',null,'Y','N','combobox','@userId',null,'SQL>select id,name from sys_user|id|name',null,null,null,'Y','N',100,100,'N');

INSERT INTO MOD_TABLE_COLUMN (ID,CREATE_DATE,CREATE_USER,UPDATE_DATE,UPDATE_USER,TABLE_NAME,NAME,COMMENTS,JDBC_TYPE,JDBC_LENGTH,IS_NULL,IS_EDIT,CATEGORY,DEFAULT_VALUE,VALID_TYPE,SETTINGS,REMARKS,DEL_FLAG,HTML_INNER,IS_LIST,IS_QUERY,LIST_WIDTH,QUERY_WIDTH,IS_SORT) 
VALUES ('e4a76bbed5064e949b528617a95f5c1e',to_date('2016-07-30 11:33:13','yyyy-mm-dd hh24:mi:ss'),'system',to_date('2016-07-30 15:19:48','yyyy-mm-dd hh24:mi:ss'),'system','CMS_GUESTBOOK','RECONTENT','回复内容','VARCHAR2','4000','Y','Y','textarea',null,null,'multiline:true,prompt:''''',null,null,'style="height:100px;width:405px;"','N','N',100,100,'N');

INSERT INTO MOD_TABLE_COLUMN (ID,CREATE_DATE,CREATE_USER,UPDATE_DATE,UPDATE_USER,TABLE_NAME,NAME,COMMENTS,JDBC_TYPE,JDBC_LENGTH,IS_NULL,IS_EDIT,CATEGORY,DEFAULT_VALUE,VALID_TYPE,SETTINGS,REMARKS,DEL_FLAG,HTML_INNER,IS_LIST,IS_QUERY,LIST_WIDTH,QUERY_WIDTH,IS_SORT) 
VALUES ('3877ac3f482a4b62b8be5834e039bb1f',to_date('2016-07-15 11:00:13','yyyy-mm-dd hh24:mi:ss'),'system',to_date('2016-07-19 15:51:21','yyyy-mm-dd hh24:mi:ss'),'system','CMS_SITE','NAME','站点名称','VARCHAR2',null,'N','Y','textbox',null,null,null,null,null,null,'Y','Y',100,100,'N');

INSERT INTO MOD_TABLE_COLUMN (ID,CREATE_DATE,CREATE_USER,UPDATE_DATE,UPDATE_USER,TABLE_NAME,NAME,COMMENTS,JDBC_TYPE,JDBC_LENGTH,IS_NULL,IS_EDIT,CATEGORY,DEFAULT_VALUE,VALID_TYPE,SETTINGS,REMARKS,DEL_FLAG,HTML_INNER,IS_LIST,IS_QUERY,LIST_WIDTH,QUERY_WIDTH,IS_SORT) 
VALUES ('d7e451e51a4747e4af67c1d717dc8f2a',to_date('2016-07-15 11:00:44','yyyy-mm-dd hh24:mi:ss'),'system',null,null,'CMS_SITE','TITLE','站点标题','VARCHAR2','100','N','Y','textbox',null,null,'prompt:''''',null,null,null,'Y','Y',100,100,'N');

INSERT INTO MOD_TABLE_COLUMN (ID,CREATE_DATE,CREATE_USER,UPDATE_DATE,UPDATE_USER,TABLE_NAME,NAME,COMMENTS,JDBC_TYPE,JDBC_LENGTH,IS_NULL,IS_EDIT,CATEGORY,DEFAULT_VALUE,VALID_TYPE,SETTINGS,REMARKS,DEL_FLAG,HTML_INNER,IS_LIST,IS_QUERY,LIST_WIDTH,QUERY_WIDTH,IS_SORT) 
VALUES ('621c2e763fc94876957f02826b67c79f',to_date('2016-07-15 11:01:56','yyyy-mm-dd hh24:mi:ss'),'system',to_date('2016-07-20 10:14:36','yyyy-mm-dd hh24:mi:ss'),'system','CMS_SITE','DOMAIN','站点域名','VARCHAR2','100','N','Y','textbox',null,null,'prompt:''''',null,null,null,'Y','Y',100,100,'N');

INSERT INTO MOD_TABLE_COLUMN (ID,CREATE_DATE,CREATE_USER,UPDATE_DATE,UPDATE_USER,TABLE_NAME,NAME,COMMENTS,JDBC_TYPE,JDBC_LENGTH,IS_NULL,IS_EDIT,CATEGORY,DEFAULT_VALUE,VALID_TYPE,SETTINGS,REMARKS,DEL_FLAG,HTML_INNER,IS_LIST,IS_QUERY,LIST_WIDTH,QUERY_WIDTH,IS_SORT) 
VALUES ('887670a0d3424d16a6fb1b5fdb55b674',to_date('2016-07-15 11:03:26','yyyy-mm-dd hh24:mi:ss'),'system',to_date('2016-07-15 16:23:09','yyyy-mm-dd hh24:mi:ss'),'system','CMS_SITE','KEYWORDS','关键字','VARCHAR2','500','Y','Y','textbox',null,null,'prompt:''''',null,null,'style="width:430px;"','Y','Y',100,100,'N');

INSERT INTO MOD_TABLE_COLUMN (ID,CREATE_DATE,CREATE_USER,UPDATE_DATE,UPDATE_USER,TABLE_NAME,NAME,COMMENTS,JDBC_TYPE,JDBC_LENGTH,IS_NULL,IS_EDIT,CATEGORY,DEFAULT_VALUE,VALID_TYPE,SETTINGS,REMARKS,DEL_FLAG,HTML_INNER,IS_LIST,IS_QUERY,LIST_WIDTH,QUERY_WIDTH,IS_SORT) 
VALUES ('cd7ca48a6d3c4c92baf3de7376e52831',to_date('2016-07-15 11:09:02','yyyy-mm-dd hh24:mi:ss'),'system',to_date('2016-07-18 17:14:38','yyyy-mm-dd hh24:mi:ss'),'system','CMS_CATEGORY','SITE_ID','站点','CHAR','32','N','N','combobox',null,null,'SQL>select id,name from cms_site|id|name',null,null,null,'N','N',100,100,'N');

INSERT INTO MOD_TABLE_COLUMN (ID,CREATE_DATE,CREATE_USER,UPDATE_DATE,UPDATE_USER,TABLE_NAME,NAME,COMMENTS,JDBC_TYPE,JDBC_LENGTH,IS_NULL,IS_EDIT,CATEGORY,DEFAULT_VALUE,VALID_TYPE,SETTINGS,REMARKS,DEL_FLAG,HTML_INNER,IS_LIST,IS_QUERY,LIST_WIDTH,QUERY_WIDTH,IS_SORT) 
VALUES ('c14d50e26d564b9990941ecaff1d16e7',to_date('2016-07-15 11:11:51','yyyy-mm-dd hh24:mi:ss'),'system',null,null,'CMS_CATEGORY','MODULE','栏目模块','VARCHAR2','100','Y','Y','combobox',null,null,'PT:普通栏目|CD:菜单栏目|BT:标题栏目|XN:虚拟栏目',null,null,null,'Y','Y',100,100,'N');

INSERT INTO MOD_TABLE_COLUMN (ID,CREATE_DATE,CREATE_USER,UPDATE_DATE,UPDATE_USER,TABLE_NAME,NAME,COMMENTS,JDBC_TYPE,JDBC_LENGTH,IS_NULL,IS_EDIT,CATEGORY,DEFAULT_VALUE,VALID_TYPE,SETTINGS,REMARKS,DEL_FLAG,HTML_INNER,IS_LIST,IS_QUERY,LIST_WIDTH,QUERY_WIDTH,IS_SORT) 
VALUES ('417331e76b1742bc88f61642f8148bb0',to_date('2016-07-15 11:12:21','yyyy-mm-dd hh24:mi:ss'),'system',null,null,'CMS_CATEGORY','NAME','栏目名称','VARCHAR2','100','N','Y','textbox',null,null,'prompt:''''',null,null,null,'Y','Y',100,100,'N');

INSERT INTO MOD_TABLE_COLUMN (ID,CREATE_DATE,CREATE_USER,UPDATE_DATE,UPDATE_USER,TABLE_NAME,NAME,COMMENTS,JDBC_TYPE,JDBC_LENGTH,IS_NULL,IS_EDIT,CATEGORY,DEFAULT_VALUE,VALID_TYPE,SETTINGS,REMARKS,DEL_FLAG,HTML_INNER,IS_LIST,IS_QUERY,LIST_WIDTH,QUERY_WIDTH,IS_SORT) 
VALUES ('4f7153fb643a4bbe9257c2166aa742a5',to_date('2016-07-15 13:21:25','yyyy-mm-dd hh24:mi:ss'),'system',null,null,'CMS_CATEGORY','HREF','链接','VARCHAR2','500','Y','Y','textbox',null,null,'prompt:''''',null,null,null,'N','N',100,100,'N');

INSERT INTO MOD_TABLE_COLUMN (ID,CREATE_DATE,CREATE_USER,UPDATE_DATE,UPDATE_USER,TABLE_NAME,NAME,COMMENTS,JDBC_TYPE,JDBC_LENGTH,IS_NULL,IS_EDIT,CATEGORY,DEFAULT_VALUE,VALID_TYPE,SETTINGS,REMARKS,DEL_FLAG,HTML_INNER,IS_LIST,IS_QUERY,LIST_WIDTH,QUERY_WIDTH,IS_SORT) 
VALUES ('7b02aa5a310c43638f8ac7205608e215',to_date('2016-07-15 14:30:30','yyyy-mm-dd hh24:mi:ss'),'system',to_date('2016-07-19 14:46:48','yyyy-mm-dd hh24:mi:ss'),'system','CMS_COMMENT','IP','IP','VARCHAR2','100','Y','Y','textbox',null,null,'prompt:''''',null,null,null,'Y','N',100,100,'N');

INSERT INTO MOD_TABLE_COLUMN (ID,CREATE_DATE,CREATE_USER,UPDATE_DATE,UPDATE_USER,TABLE_NAME,NAME,COMMENTS,JDBC_TYPE,JDBC_LENGTH,IS_NULL,IS_EDIT,CATEGORY,DEFAULT_VALUE,VALID_TYPE,SETTINGS,REMARKS,DEL_FLAG,HTML_INNER,IS_LIST,IS_QUERY,LIST_WIDTH,QUERY_WIDTH,IS_SORT) 
VALUES ('96492d6ed5e54815af2a3d152a992e7a',to_date('2016-07-15 14:31:15','yyyy-mm-dd hh24:mi:ss'),'system',null,null,'CMS_COMMENT','AUDIT_USER_ID','审核用户ID','CHAR','32','Y','H','textbox',null,null,'prompt:''''',null,null,null,'N','N',100,100,'N');

INSERT INTO MOD_TABLE_COLUMN (ID,CREATE_DATE,CREATE_USER,UPDATE_DATE,UPDATE_USER,TABLE_NAME,NAME,COMMENTS,JDBC_TYPE,JDBC_LENGTH,IS_NULL,IS_EDIT,CATEGORY,DEFAULT_VALUE,VALID_TYPE,SETTINGS,REMARKS,DEL_FLAG,HTML_INNER,IS_LIST,IS_QUERY,LIST_WIDTH,QUERY_WIDTH,IS_SORT) 
VALUES ('e792125246b8481789935b073b65a981',to_date('2016-07-30 11:22:48','yyyy-mm-dd hh24:mi:ss'),'system',to_date('2016-07-30 15:54:37','yyyy-mm-dd hh24:mi:ss'),null,'CMS_GUESTBOOK','TYPE','留言分类','VARCHAR2','100','Y','H','combobox',null,null,'PT:普通|JY:建议',null,null,null,'N','N',100,100,'N');

INSERT INTO MOD_TABLE_COLUMN (ID,CREATE_DATE,CREATE_USER,UPDATE_DATE,UPDATE_USER,TABLE_NAME,NAME,COMMENTS,JDBC_TYPE,JDBC_LENGTH,IS_NULL,IS_EDIT,CATEGORY,DEFAULT_VALUE,VALID_TYPE,SETTINGS,REMARKS,DEL_FLAG,HTML_INNER,IS_LIST,IS_QUERY,LIST_WIDTH,QUERY_WIDTH,IS_SORT) 
VALUES ('f2fc1d34da4f48cca2f8505920298541',to_date('2016-07-30 11:32:26','yyyy-mm-dd hh24:mi:ss'),'system',to_date('2016-07-30 16:29:11','yyyy-mm-dd hh24:mi:ss'),'system','CMS_GUESTBOOK','REDATE','回复时间','DATE',null,'Y','N','datebox','@date',null,null,null,null,null,'N','N',100,100,'N');

INSERT INTO SYS_DEPARTMENT (ID,PARENT_ID,SEQUENCE,NAME,CODE) 
VALUES ('dad8faf2f3eb4d279ef04decb91ca4c0','00000000000000000000000000000000',0,'超级系统管理员','001');

INSERT INTO SYS_DEPARTMENT (ID,PARENT_ID,SEQUENCE,NAME,CODE) 
VALUES ('00000000000000000000000000000000','ffffffffffffffffffffffffffffffff',0,'系统部门','dept');

INSERT INTO SYS_DEPARTMENT (ID,PARENT_ID,SEQUENCE,NAME,CODE) 
VALUES ('e51ba1c688204117bd08b8ce2393e756','00000000000000000000000000000000',1,'研发部','YFB001');

INSERT INTO SYS_DICT (ID,VALUE,LABEL,CATEGORY,DESCRIPTION,SEQUENCE,PARENT_ID) 
VALUES ('7497754e347b472e97fe4264f48fae08','normal','正常','plan_project_status','正常',0,'ed8d0e6d0eb74b8e9ca809990ec8422f');

INSERT INTO SYS_DICT (ID,VALUE,LABEL,CATEGORY,DESCRIPTION,SEQUENCE,PARENT_ID) 
VALUES ('ee231ded20454df7a435f43f61870693','finish','完成','plan_project_status','完成',5,'ed8d0e6d0eb74b8e9ca809990ec8422f');

INSERT INTO SYS_DICT (ID,VALUE,LABEL,CATEGORY,DESCRIPTION,SEQUENCE,PARENT_ID) 
VALUES ('c4797c1e88c04087b10c0451c7ef8b72','finish','正常完成','plan_task_status','完成',0,'0899e95e60514077b73c59a3164411ab');

INSERT INTO SYS_DICT (ID,VALUE,LABEL,CATEGORY,DESCRIPTION,SEQUENCE,PARENT_ID) 
VALUES ('3088229ba0824493a1b18fd2e39e2762','plan_task_seq','计划任务优先级','root','计划任务优先级',20,'00000000000000000000000000000000');

INSERT INTO SYS_DICT (ID,VALUE,LABEL,CATEGORY,DESCRIPTION,SEQUENCE,PARENT_ID) 
VALUES ('c0af8da9677e4416985fb4634ced8b80','0','立刻做','plan_task_seq','立刻做',0,'3088229ba0824493a1b18fd2e39e2762');

INSERT INTO SYS_DICT (ID,VALUE,LABEL,CATEGORY,DESCRIPTION,SEQUENCE,PARENT_ID) 
VALUES ('554c5d58c546493f86a03e6b384732b2','1','很高','plan_task_seq','很高',5,'3088229ba0824493a1b18fd2e39e2762');

INSERT INTO SYS_DICT (ID,VALUE,LABEL,CATEGORY,DESCRIPTION,SEQUENCE,PARENT_ID) 
VALUES ('4334df3db424406f8542f3a96707a2ee','2','一般般','plan_task_seq','一般般',10,'3088229ba0824493a1b18fd2e39e2762');

INSERT INTO SYS_DICT (ID,VALUE,LABEL,CATEGORY,DESCRIPTION,SEQUENCE,PARENT_ID) 
VALUES ('2497d55857124092b4f3ab859724ab7b','3','抽时间做','plan_task_seq','抽时间做',15,'3088229ba0824493a1b18fd2e39e2762');

INSERT INTO SYS_DICT (ID,VALUE,LABEL,CATEGORY,DESCRIPTION,SEQUENCE,PARENT_ID) 
VALUES ('07e97908cbff4c18a16367a7870be980','normal','正常进行','plan_task_status','进行中',10,'0899e95e60514077b73c59a3164411ab');

INSERT INTO SYS_DICT (ID,VALUE,LABEL,CATEGORY,DESCRIPTION,SEQUENCE,PARENT_ID) 
VALUES ('344f3530a46d4c8a839cf4de8312b894','delay','延期进行','plan_task_status','延期',15,'0899e95e60514077b73c59a3164411ab');

INSERT INTO SYS_DICT (ID,VALUE,LABEL,CATEGORY,DESCRIPTION,SEQUENCE,PARENT_ID) 
VALUES ('e4f92642033f404db6e46b6a5beeaf9e','NORMAL','正常','quartz_state','正常状态',0,'43c35fe923dd4e80b060f247c780ab69');

INSERT INTO SYS_DICT (ID,VALUE,LABEL,CATEGORY,DESCRIPTION,SEQUENCE,PARENT_ID) 
VALUES ('dff080312e81483594766b6b5459093e','PAUSED','暂停','quartz_state','暂停状态',5,'43c35fe923dd4e80b060f247c780ab69');

INSERT INTO SYS_DICT (ID,VALUE,LABEL,CATEGORY,DESCRIPTION,SEQUENCE,PARENT_ID) 
VALUES ('31e95a234cd34472b48a6d709d84d221','BLOCKED','阻塞','quartz_state','线程阻塞状态',15,'43c35fe923dd4e80b060f247c780ab69');

INSERT INTO SYS_DICT (ID,VALUE,LABEL,CATEGORY,DESCRIPTION,SEQUENCE,PARENT_ID) 
VALUES ('eb5a53d4bf35499781ba27ad5ebe9ecc','ERROR','错误','quartz_state','出现错误',20,'43c35fe923dd4e80b060f247c780ab69');

INSERT INTO SYS_DICT (ID,VALUE,LABEL,CATEGORY,DESCRIPTION,SEQUENCE,PARENT_ID) 
VALUES ('ed8d0e6d0eb74b8e9ca809990ec8422f','plan_project_status','计划项目状态','root','计划项目状态',10,'00000000000000000000000000000000');

INSERT INTO SYS_DICT (ID,VALUE,LABEL,CATEGORY,DESCRIPTION,SEQUENCE,PARENT_ID) 
VALUES ('0899e95e60514077b73c59a3164411ab','plan_task_status','计划任务状态','root','计划任务状态',15,'00000000000000000000000000000000');

INSERT INTO SYS_DICT (ID,VALUE,LABEL,CATEGORY,DESCRIPTION,SEQUENCE,PARENT_ID) 
VALUES ('0d71cae660dd4c76912a946cc83326ba','quartz_category','任务类别','root','定时任务计划',8,'00000000000000000000000000000000');

INSERT INTO SYS_DICT (ID,VALUE,LABEL,CATEGORY,DESCRIPTION,SEQUENCE,PARENT_ID) 
VALUES ('3a1c71bad8384bc58559c3003babf752','com_job','普通任务','quartz_category','普通任务计划',5,'0d71cae660dd4c76912a946cc83326ba');

INSERT INTO SYS_DICT (ID,VALUE,LABEL,CATEGORY,DESCRIPTION,SEQUENCE,PARENT_ID) 
VALUES ('43c35fe923dd4e80b060f247c780ab69','quartz_state','任务状态','root','定时任务计划',9,'00000000000000000000000000000000');

INSERT INTO SYS_DICT (ID,VALUE,LABEL,CATEGORY,DESCRIPTION,SEQUENCE,PARENT_ID) 
VALUES ('006dd9700c6343a996fffdb837d4df02','sort','排序方式','root','排序方式字典',2,'00000000000000000000000000000000');

INSERT INTO SYS_DICT (ID,VALUE,LABEL,CATEGORY,DESCRIPTION,SEQUENCE,PARENT_ID) 
VALUES ('3ef666c12386464b8bb72919bfedf095','asc','升序','sort','排序方式升序',1,'006dd9700c6343a996fffdb837d4df02');

INSERT INTO SYS_DICT (ID,VALUE,LABEL,CATEGORY,DESCRIPTION,SEQUENCE,PARENT_ID) 
VALUES ('abec26fffaa142bf8fddbba148cb4fb1','desc','降序','sort','排序方式降序',5,'006dd9700c6343a996fffdb837d4df02');

INSERT INTO SYS_DICT (ID,VALUE,LABEL,CATEGORY,DESCRIPTION,SEQUENCE,PARENT_ID) 
VALUES ('425c2bb98782417aa0e398c3a120504e','=','等于','query','排序方式等于',1,'b23f0094a5c54035aac65c3a6e8bbc13');

INSERT INTO SYS_DICT (ID,VALUE,LABEL,CATEGORY,DESCRIPTION,SEQUENCE,PARENT_ID) 
VALUES ('e947732a62164859bc573208bc1c1ea3','like','LIKE','query','排序方式LIKE',25,'b23f0094a5c54035aac65c3a6e8bbc13');

INSERT INTO SYS_DICT (ID,VALUE,LABEL,CATEGORY,DESCRIPTION,SEQUENCE,PARENT_ID) 
VALUES ('a71be6d72bc9496c97444dd174681255','valid','校验类型','root','表单数据校验类型',4,'00000000000000000000000000000000');

INSERT INTO SYS_DICT (ID,VALUE,LABEL,CATEGORY,DESCRIPTION,SEQUENCE,PARENT_ID) 
VALUES ('93a5e915621c415ba833415d16550043','editable','是否可编辑','root','是否可编辑',7,'00000000000000000000000000000000');

INSERT INTO SYS_DICT (ID,VALUE,LABEL,CATEGORY,DESCRIPTION,SEQUENCE,PARENT_ID) 
VALUES ('46d0f15b58d74d0fae3a14d0449c6a33','Y','是','editable','是',5,'93a5e915621c415ba833415d16550043');

INSERT INTO SYS_DICT (ID,VALUE,LABEL,CATEGORY,DESCRIPTION,SEQUENCE,PARENT_ID) 
VALUES ('285e75fb2c214e14965b8f6a0647d2a1','N','否','editable','否',10,'93a5e915621c415ba833415d16550043');

INSERT INTO SYS_DICT (ID,VALUE,LABEL,CATEGORY,DESCRIPTION,SEQUENCE,PARENT_ID) 
VALUES ('b58d8337fde44cc6931f9a317c1ec461','D','禁用','editable','禁用',15,'93a5e915621c415ba833415d16550043');

INSERT INTO SYS_DICT (ID,VALUE,LABEL,CATEGORY,DESCRIPTION,SEQUENCE,PARENT_ID) 
VALUES ('bfc0b1a8cfe143b0a244679851d08a99','H','隐藏','editable','隐藏',20,'93a5e915621c415ba833415d16550043');

INSERT INTO SYS_DICT (ID,VALUE,LABEL,CATEGORY,DESCRIPTION,SEQUENCE,PARENT_ID) 
VALUES ('be8704e7e9c44e4e8eb526a9bfd51f45','combotree','下拉树','columnCategory','下拉树',38,'8bffb44c5100487f93c01c9619448680');

INSERT INTO SYS_DICT (ID,VALUE,LABEL,CATEGORY,DESCRIPTION,SEQUENCE,PARENT_ID) 
VALUES ('86910beecfa144139c0cb37a44bfe832','D','禁用','yes_no_hidden','disable',13,'05da54f04ce0408e89c839402f83b3f8');

INSERT INTO SYS_DICT (ID,VALUE,LABEL,CATEGORY,DESCRIPTION,SEQUENCE,PARENT_ID) 
VALUES ('05da54f04ce0408e89c839402f83b3f8','yes_no_hidden','表单字段编辑权限','root','表单是否编辑或隐藏',2,'00000000000000000000000000000000');

INSERT INTO SYS_DICT (ID,VALUE,LABEL,CATEGORY,DESCRIPTION,SEQUENCE,PARENT_ID) 
VALUES ('bad1cc7d03c4456ab08347f98297aace','N','否','yes_no_hidden','否',10,'05da54f04ce0408e89c839402f83b3f8');

INSERT INTO SYS_DICT (ID,VALUE,LABEL,CATEGORY,DESCRIPTION,SEQUENCE,PARENT_ID) 
VALUES ('27b2f554dc474ddc81840b53dab6e4e0','Y','是','yes_no_hidden','是',5,'05da54f04ce0408e89c839402f83b3f8');

INSERT INTO SYS_DICT (ID,VALUE,LABEL,CATEGORY,DESCRIPTION,SEQUENCE,PARENT_ID) 
VALUES ('069c81108d6c4fa4a8ea3f60cd6da37f','H','隐藏','yes_no_hidden','隐藏',15,'05da54f04ce0408e89c839402f83b3f8');

INSERT INTO SYS_DICT (ID,VALUE,LABEL,CATEGORY,DESCRIPTION,SEQUENCE,PARENT_ID) 
VALUES ('44710a4cec6443888a65ba7137991f0c','loginName','帐号','valid','帐号，登录名',1,'a71be6d72bc9496c97444dd174681255');

INSERT INTO SYS_DICT (ID,VALUE,LABEL,CATEGORY,DESCRIPTION,SEQUENCE,PARENT_ID) 
VALUES ('25f2253e48c142b9bff112b0500c9bca','url','URL','valid','URL格式校验',3,'a71be6d72bc9496c97444dd174681255');

INSERT INTO SYS_DICT (ID,VALUE,LABEL,CATEGORY,DESCRIPTION,SEQUENCE,PARENT_ID) 
VALUES ('440b144690734530bda8aeff6249647a','email','邮箱','valid','邮箱格式校验',5,'a71be6d72bc9496c97444dd174681255');

INSERT INTO SYS_DICT (ID,VALUE,LABEL,CATEGORY,DESCRIPTION,SEQUENCE,PARENT_ID) 
VALUES ('40e677c9691f42acad06797e3168856f','CHS','汉字','valid','汉字',8,'a71be6d72bc9496c97444dd174681255');

INSERT INTO SYS_DICT (ID,VALUE,LABEL,CATEGORY,DESCRIPTION,SEQUENCE,PARENT_ID) 
VALUES ('d2062ed8cf4448e8927b920b8c54e4d5','english','英语','valid','英语',11,'a71be6d72bc9496c97444dd174681255');

INSERT INTO SYS_DICT (ID,VALUE,LABEL,CATEGORY,DESCRIPTION,SEQUENCE,PARENT_ID) 
VALUES ('f3511a51bfa347dd9c75518f3870e8c2','ChEn','中英文','valid','中英文',14,'a71be6d72bc9496c97444dd174681255');

INSERT INTO SYS_DICT (ID,VALUE,LABEL,CATEGORY,DESCRIPTION,SEQUENCE,PARENT_ID) 
VALUES ('ae05d12ae8434f15817a9d70f5e77c41','money','金额','valid','钱',16,'a71be6d72bc9496c97444dd174681255');

INSERT INTO SYS_DICT (ID,VALUE,LABEL,CATEGORY,DESCRIPTION,SEQUENCE,PARENT_ID) 
VALUES ('85fa7c92066048f6b312ed5657a3ab91','ip','IPV4','valid','IPV4',17,'a71be6d72bc9496c97444dd174681255');

INSERT INTO SYS_DICT (ID,VALUE,LABEL,CATEGORY,DESCRIPTION,SEQUENCE,PARENT_ID) 
VALUES ('ba743fd63cf1437794bd82310ae6000a','ZIP','邮政编码','valid','邮政编码',20,'a71be6d72bc9496c97444dd174681255');

INSERT INTO SYS_DICT (ID,VALUE,LABEL,CATEGORY,DESCRIPTION,SEQUENCE,PARENT_ID) 
VALUES ('96a8c120cb1c4673b7013baeebe3cc19','QQ','QQ','valid','QQ',23,'a71be6d72bc9496c97444dd174681255');

INSERT INTO SYS_DICT (ID,VALUE,LABEL,CATEGORY,DESCRIPTION,SEQUENCE,PARENT_ID) 
VALUES ('a0ab84edbe73465a97eb8dd70dfff6b0','mobile','手机号','valid','手机号',26,'a71be6d72bc9496c97444dd174681255');

INSERT INTO SYS_DICT (ID,VALUE,LABEL,CATEGORY,DESCRIPTION,SEQUENCE,PARENT_ID) 
VALUES ('105a550d0fa54d7fa3abcc8cbf5371a3','tel','电话','valid','电话',29,'a71be6d72bc9496c97444dd174681255');

INSERT INTO SYS_DICT (ID,VALUE,LABEL,CATEGORY,DESCRIPTION,SEQUENCE,PARENT_ID) 
VALUES ('dbb54a0a6d844b0ab2bff2f368e065a8','mobileAndTel','手机电话','valid','手机电话',32,'a71be6d72bc9496c97444dd174681255');

INSERT INTO SYS_DICT (ID,VALUE,LABEL,CATEGORY,DESCRIPTION,SEQUENCE,PARENT_ID) 
VALUES ('47f827e12b1e48938387c9f32744418c','idCode','身份证号','valid','身份证号',35,'a71be6d72bc9496c97444dd174681255');

INSERT INTO SYS_DICT (ID,VALUE,LABEL,CATEGORY,DESCRIPTION,SEQUENCE,PARENT_ID) 
VALUES ('b3a442f4b2b848a2a72a3ae6de3b7306','englishOrNum','英文或数字','valid','英文数字',38,'a71be6d72bc9496c97444dd174681255');

INSERT INTO SYS_DICT (ID,VALUE,LABEL,CATEGORY,DESCRIPTION,SEQUENCE,PARENT_ID) 
VALUES ('5b613d3461e54e639397ca36ca96348a','integer','正整数','valid','正整数',40,'a71be6d72bc9496c97444dd174681255');

INSERT INTO SYS_DICT (ID,VALUE,LABEL,CATEGORY,DESCRIPTION,SEQUENCE,PARENT_ID) 
VALUES ('d7e56b07528e4d0a940479bf415ebe17','integ','0和正整数','valid','正整数最小为0',41,'a71be6d72bc9496c97444dd174681255');

INSERT INTO SYS_DICT (ID,VALUE,LABEL,CATEGORY,DESCRIPTION,SEQUENCE,PARENT_ID) 
VALUES ('6ee7ceda158a402985d674361675fc32','xiaoshu','两位小数','valid','两位小数',44,'a71be6d72bc9496c97444dd174681255');

INSERT INTO SYS_DICT (ID,VALUE,LABEL,CATEGORY,DESCRIPTION,SEQUENCE,PARENT_ID) 
VALUES ('1631194214b64ae991366cdb01cab0af','M','男','sex','性别',1,'f5814ca746a145bc844669a70d984a9c');

INSERT INTO SYS_DICT (ID,VALUE,LABEL,CATEGORY,DESCRIPTION,SEQUENCE,PARENT_ID) 
VALUES ('4088a75a965f4a11acce875fe864623b','F','女','sex','性别',2,'f5814ca746a145bc844669a70d984a9c');

INSERT INTO SYS_DICT (ID,VALUE,LABEL,CATEGORY,DESCRIPTION,SEQUENCE,PARENT_ID) 
VALUES ('1125e32a6aa442e881d899574ed29c9f','Y','是','yes_no','是',0,'0469a2108e854bbc83d5afa7b3367676');

INSERT INTO SYS_DICT (ID,VALUE,LABEL,CATEGORY,DESCRIPTION,SEQUENCE,PARENT_ID) 
VALUES ('9a8e72198a7a48b0a0c1b95395b19ef3','N','否','yes_no','否',1,'0469a2108e854bbc83d5afa7b3367676');

INSERT INTO SYS_DICT (ID,VALUE,LABEL,CATEGORY,DESCRIPTION,SEQUENCE,PARENT_ID) 
VALUES ('b23f0094a5c54035aac65c3a6e8bbc13','query','查询方式','root','数据库字段查询方式',3,'00000000000000000000000000000000');

INSERT INTO SYS_DICT (ID,VALUE,LABEL,CATEGORY,DESCRIPTION,SEQUENCE,PARENT_ID) 
VALUES ('238c813e6157415bad169b28ec939346','<','小于','query','排序方式小于',5,'b23f0094a5c54035aac65c3a6e8bbc13');

INSERT INTO SYS_DICT (ID,VALUE,LABEL,CATEGORY,DESCRIPTION,SEQUENCE,PARENT_ID) 
VALUES ('c306c0753a51406ea7ae2777899fc71c','>','大于','query','排序方式大于',10,'b23f0094a5c54035aac65c3a6e8bbc13');

INSERT INTO SYS_DICT (ID,VALUE,LABEL,CATEGORY,DESCRIPTION,SEQUENCE,PARENT_ID) 
VALUES ('a5b17303fda549909992510c027eccb7','>=','大于等于','query','排序方式大于等于',20,'b23f0094a5c54035aac65c3a6e8bbc13');

INSERT INTO SYS_DICT (ID,VALUE,LABEL,CATEGORY,DESCRIPTION,SEQUENCE,PARENT_ID) 
VALUES ('0469a2108e854bbc83d5afa7b3367676','yes_no','是否','root','是否字典',1,'00000000000000000000000000000000');

INSERT INTO SYS_DICT (ID,VALUE,LABEL,CATEGORY,DESCRIPTION,SEQUENCE,PARENT_ID) 
VALUES ('8f34b07686d543f98af15332b1b2484e','combobox','列表','columnCategory','下拉框',15,'8bffb44c5100487f93c01c9619448680');

INSERT INTO SYS_DICT (ID,VALUE,LABEL,CATEGORY,DESCRIPTION,SEQUENCE,PARENT_ID) 
VALUES ('276695a7bf264d409f95290992a13044','radiobox','单选','columnCategory','单选按钮组',20,'8bffb44c5100487f93c01c9619448680');

INSERT INTO SYS_DICT (ID,VALUE,LABEL,CATEGORY,DESCRIPTION,SEQUENCE,PARENT_ID) 
VALUES ('4f69dcc49059453ea7d3f24df8dce31a','checkbox','复选','columnCategory','复选框',25,'8bffb44c5100487f93c01c9619448680');

INSERT INTO SYS_DICT (ID,VALUE,LABEL,CATEGORY,DESCRIPTION,SEQUENCE,PARENT_ID) 
VALUES ('b9b948f3b6834e0583b2de6e74700e62','datebox','日期','columnCategory','日期',30,'8bffb44c5100487f93c01c9619448680');

INSERT INTO SYS_DICT (ID,VALUE,LABEL,CATEGORY,DESCRIPTION,SEQUENCE,PARENT_ID) 
VALUES ('36962a4c19ea402782a21e427ee8d2f5','htmldesign','HTML','columnCategory','UEditor',40,'8bffb44c5100487f93c01c9619448680');

INSERT INTO SYS_DICT (ID,VALUE,LABEL,CATEGORY,DESCRIPTION,SEQUENCE,PARENT_ID) 
VALUES ('f5814ca746a145bc844669a70d984a9c','sex','性别','root','性别字典',0,'00000000000000000000000000000000');

INSERT INTO SYS_DICT (ID,VALUE,LABEL,CATEGORY,DESCRIPTION,SEQUENCE,PARENT_ID) 
VALUES ('8bffb44c5100487f93c01c9619448680','columnCategory','字段生成规则','root','字段自动生成',5,'00000000000000000000000000000000');

INSERT INTO SYS_DICT (ID,VALUE,LABEL,CATEGORY,DESCRIPTION,SEQUENCE,PARENT_ID) 
VALUES ('1fc867dcf4e4404ca8127a85f6d215b2','textbox','单行','columnCategory','单行输入框',5,'8bffb44c5100487f93c01c9619448680');

INSERT INTO SYS_DICT (ID,VALUE,LABEL,CATEGORY,DESCRIPTION,SEQUENCE,PARENT_ID) 
VALUES ('8473a29b4c7c480cbd4faaf6f8d3726b','numberbox','数值','columnCategory','数字',10,'8bffb44c5100487f93c01c9619448680');

INSERT INTO SYS_DICT (ID,VALUE,LABEL,CATEGORY,DESCRIPTION,SEQUENCE,PARENT_ID) 
VALUES ('40140cf333554cfbbb1edc3486392c8e','textarea','多行','columnCategory','多行文本框',35,'8bffb44c5100487f93c01c9619448680');

INSERT INTO SYS_DICT (ID,VALUE,LABEL,CATEGORY,DESCRIPTION,SEQUENCE,PARENT_ID) 
VALUES ('838ebfaff94a42c5abd718e811f4da5f','jdbcType','数据库字段类型','root','数据库字段类型',6,'00000000000000000000000000000000');

INSERT INTO SYS_DICT (ID,VALUE,LABEL,CATEGORY,DESCRIPTION,SEQUENCE,PARENT_ID) 
VALUES ('707e7b2585cd468484094fdf94d9e3be','CHAR','CHAR','jdbcType','CHAR',1,'838ebfaff94a42c5abd718e811f4da5f');

INSERT INTO SYS_DICT (ID,VALUE,LABEL,CATEGORY,DESCRIPTION,SEQUENCE,PARENT_ID) 
VALUES ('286369a2800540d38d0a39c72b5d209a','VARCHAR2','VARCHAR2','jdbcType','VARCHAR2',5,'838ebfaff94a42c5abd718e811f4da5f');

INSERT INTO SYS_DICT (ID,VALUE,LABEL,CATEGORY,DESCRIPTION,SEQUENCE,PARENT_ID) 
VALUES ('5e24d786442940c7b164fae2d8264821','NUMBER','NUMBER','jdbcType','NUMBER',10,'838ebfaff94a42c5abd718e811f4da5f');

INSERT INTO SYS_DICT (ID,VALUE,LABEL,CATEGORY,DESCRIPTION,SEQUENCE,PARENT_ID) 
VALUES ('13956f4e6bca40a2a45670e9593904ba','DATE','DATE','jdbcType','DATE',15,'838ebfaff94a42c5abd718e811f4da5f');

INSERT INTO SYS_DICT (ID,VALUE,LABEL,CATEGORY,DESCRIPTION,SEQUENCE,PARENT_ID) 
VALUES ('d9a81aa07d14446d8a2b3aee1db88f80','CLOB','CLOB','jdbcType','CLOB',20,'838ebfaff94a42c5abd718e811f4da5f');

INSERT INTO SYS_DICT (ID,VALUE,LABEL,CATEGORY,DESCRIPTION,SEQUENCE,PARENT_ID) 
VALUES ('0b36e6e0de4d40bea6bb078a38bbed22','<=','小于等于','query','排序方式小于等于',15,'b23f0094a5c54035aac65c3a6e8bbc13');

INSERT INTO SYS_DICT (ID,VALUE,LABEL,CATEGORY,DESCRIPTION,SEQUENCE,PARENT_ID) 
VALUES ('5da5691ce03240b0a2fcaba6b70227fb','not like','NOT LIKE','query','排序方式NOTLIKE',30,'b23f0094a5c54035aac65c3a6e8bbc13');

INSERT INTO SYS_DICT (ID,VALUE,LABEL,CATEGORY,DESCRIPTION,SEQUENCE,PARENT_ID) 
VALUES ('b56c8a3b28ce496c84668ac05991e1ed','delay_finish','延期完成','plan_task_status','延期完成',5,'0899e95e60514077b73c59a3164411ab');

INSERT INTO SYS_DICT (ID,VALUE,LABEL,CATEGORY,DESCRIPTION,SEQUENCE,PARENT_ID) 
VALUES ('6a12255ab2ce4f168e23096040eec120','sys_job','系统任务','quartz_category','系统任务计划',0,'0d71cae660dd4c76912a946cc83326ba');

INSERT INTO SYS_MENU (ID,PARENT_ID,NAME,URL,SEQUENCE,ICON,TARGET) 
VALUES ('3fb5c9ba43654841889c278e9beca6b6','d63fb68c3af44a5a9bc93afc3edba378','演示','/bussiness/demo/list',999,'fa fa-file-o','_blank');

INSERT INTO SYS_MENU (ID,PARENT_ID,NAME,URL,SEQUENCE,ICON,TARGET) 
VALUES ('b3d67c1d94d7408f878d9c0726d9f09c','c617ec2d6eee475ea05fbe779ab3b7c8','权限管理','/sysPermission/list',7,'fa fa-tags','_blank');

INSERT INTO SYS_MENU (ID,PARENT_ID,NAME,URL,SEQUENCE,ICON,TARGET) 
VALUES ('e293c0ce48354d1896934700e1f0282c','c617ec2d6eee475ea05fbe779ab3b7c8','模块管理','/sysModule/list',3,'fa fa-cubes','_blank');

INSERT INTO SYS_MENU (ID,PARENT_ID,NAME,URL,SEQUENCE,ICON,TARGET) 
VALUES ('00000000000000000000000000000000','ffffffffffffffffffffffffffffffff','导航菜单','/',1,'/',null);

INSERT INTO SYS_MENU (ID,PARENT_ID,NAME,URL,SEQUENCE,ICON,TARGET) 
VALUES ('08e27f9288d04c7a8839dc65f6cbd1fa','c617ec2d6eee475ea05fbe779ab3b7c8','用户管理','/sysUser/list',10,'fa fa-user','_blank');

INSERT INTO SYS_MENU (ID,PARENT_ID,NAME,URL,SEQUENCE,ICON,TARGET) 
VALUES ('0a0bf010a2e54ee5a82d0d2fe3708d2f','c617ec2d6eee475ea05fbe779ab3b7c8','部门管理','/sysDepartment/list',8,'fa fa-sitemap','_blank');

INSERT INTO SYS_MENU (ID,PARENT_ID,NAME,URL,SEQUENCE,ICON,TARGET) 
VALUES ('8bf056fec564462e9f6dd02d89630b9d','c617ec2d6eee475ea05fbe779ab3b7c8','菜单管理','/sysMenu/list',1,'fa fa-th-list','_blank');

INSERT INTO SYS_MENU (ID,PARENT_ID,NAME,URL,SEQUENCE,ICON,TARGET) 
VALUES ('935acd7355634b278549b0ebbba01876','c617ec2d6eee475ea05fbe779ab3b7c8','角色管理','/sysRole/list',5,'fa fa-user-md','_blank');

INSERT INTO SYS_MENU (ID,PARENT_ID,NAME,URL,SEQUENCE,ICON,TARGET) 
VALUES ('c617ec2d6eee475ea05fbe779ab3b7c8','00000000000000000000000000000000','系统管理','/',99,'fa fa-th','_blank');

INSERT INTO SYS_MENU (ID,PARENT_ID,NAME,URL,SEQUENCE,ICON,TARGET) 
VALUES ('d63fb68c3af44a5a9bc93afc3edba378','00000000000000000000000000000000','内容发布','/',66,'fa fa-file-text-o','_blank');

INSERT INTO SYS_MENU (ID,PARENT_ID,NAME,URL,SEQUENCE,ICON,TARGET) 
VALUES ('95fee483e011455a822f9a9e6a483fce','c617ec2d6eee475ea05fbe779ab3b7c8','系统字典','/sys/dict/list',99,'fa fa-indent','_blank');

INSERT INTO SYS_MENU (ID,PARENT_ID,NAME,URL,SEQUENCE,ICON,TARGET) 
VALUES ('f9253401654549a7ab86d53edf2c0d5b','c617ec2d6eee475ea05fbe779ab3b7c8','系统皮肤','/sys/skins/list',88,'fa fa-gift','_blank');

INSERT INTO SYS_MENU (ID,PARENT_ID,NAME,URL,SEQUENCE,ICON,TARGET) 
VALUES ('bf7b7fb56f574cda8355fe5aa6e7735c','c617ec2d6eee475ea05fbe779ab3b7c8','数据库字典','/sys/db/list',90,'fa fa-list','_blank');

INSERT INTO SYS_MENU (ID,PARENT_ID,NAME,URL,SEQUENCE,ICON,TARGET) 
VALUES ('62e818ed15e647bdad4bee8f199ba21f','b48d762c01c54dce95c31fb42204d126','业务表建模','/sys/mod/db/list',11,'fa fa-database','_blank');

INSERT INTO SYS_MENU (ID,PARENT_ID,NAME,URL,SEQUENCE,ICON,TARGET) 
VALUES ('2db887eb47aa458d9d04d54489b0684f','c617ec2d6eee475ea05fbe779ab3b7c8','DruidMonitor','/druid/index.html',999,'fa fa-eye','_blank');

INSERT INTO SYS_MENU (ID,PARENT_ID,NAME,URL,SEQUENCE,ICON,TARGET) 
VALUES ('b48d762c01c54dce95c31fb42204d126','00000000000000000000000000000000','系统建模','/',88,'fa fa-medium','_blank');

INSERT INTO SYS_MENU (ID,PARENT_ID,NAME,URL,SEQUENCE,ICON,TARGET) 
VALUES ('8fb68d4012d34b6393c3d999dde478ad','c617ec2d6eee475ea05fbe779ab3b7c8','定时任务计划','/quartz/quartzConf/list',888,'fa fa-hospital-o','_blank');

INSERT INTO SYS_MENU (ID,PARENT_ID,NAME,URL,SEQUENCE,ICON,TARGET) 
VALUES ('1b57266d05aa492b858aa43efbd3ae60','d63fb68c3af44a5a9bc93afc3edba378','栏目','/cms/category/list',10,'fa fa-th-list','_blank');

INSERT INTO SYS_MENU (ID,PARENT_ID,NAME,URL,SEQUENCE,ICON,TARGET) 
VALUES ('3def9af46fe44b499df7b14ff3ab2079','d63fb68c3af44a5a9bc93afc3edba378','站点','/cms/site/list',5,'fa fa-star-o','_blank');

INSERT INTO SYS_MENU (ID,PARENT_ID,NAME,URL,SEQUENCE,ICON,TARGET) 
VALUES ('afa54364390c4675b4c97a28663a28b7','d63fb68c3af44a5a9bc93afc3edba378','文章','/cms/article/list',15,'fa fa-file-o','_blank');

INSERT INTO SYS_MENU (ID,PARENT_ID,NAME,URL,SEQUENCE,ICON,TARGET) 
VALUES ('09d5b978a1c64a45b69097219d28fdcf','d63fb68c3af44a5a9bc93afc3edba378','评价','/cms/comment/list',20,'fa fa-heartbeat','_blank');

INSERT INTO SYS_MENU (ID,PARENT_ID,NAME,URL,SEQUENCE,ICON,TARGET) 
VALUES ('2a2a2bb7d0134d378efb4ad675d0b99d','d63fb68c3af44a5a9bc93afc3edba378','标签云','/cms/tagcloud/list',25,'fa fa-bookmark','_blank');

INSERT INTO SYS_MENU (ID,PARENT_ID,NAME,URL,SEQUENCE,ICON,TARGET) 
VALUES ('063f50746a034e9b853677d9b91a490a','d63fb68c3af44a5a9bc93afc3edba378','留言板','/cms/guestbook/list',30,'fa fa-comments','_blank');

INSERT INTO SYS_MODULE (ID,NAME,SHIRO) 
VALUES ('d94881a8dc854298bfac029147b38e26','系统皮肤','skins');

INSERT INTO SYS_MODULE (ID,NAME,SHIRO) 
VALUES ('7466722e008349cfb7ed1d034b856bad','系统角色菜单','sysRoleMenu');

INSERT INTO SYS_MODULE (ID,NAME,SHIRO) 
VALUES ('0cc19fd4409a4d8b832a02584b15e45f','系统角色模块','sysRoleModule');

INSERT INTO SYS_MODULE (ID,NAME,SHIRO) 
VALUES ('3570d90302404b769704bd810ea3696a','系统用户角色','sysUserRole');

INSERT INTO SYS_MODULE (ID,NAME,SHIRO) 
VALUES ('ddc3b32e4fae473e82a69a28c41a6b48','系统模块权限','sysModulePermission');

INSERT INTO SYS_MODULE (ID,NAME,SHIRO) 
VALUES ('7d741c551b984b7bb776e742090d076f','系统角色','sysRole');

INSERT INTO SYS_MODULE (ID,NAME,SHIRO) 
VALUES ('2b5d24bdb8b6413e9a1b2fb2e12437a6','系统权限','sysPermission');

INSERT INTO SYS_MODULE (ID,NAME,SHIRO) 
VALUES ('8996fada7b6542779535357d7eee8197','系统用户','sysUser');

INSERT INTO SYS_MODULE (ID,NAME,SHIRO) 
VALUES ('bce58ffd35774b91a6ffc6c690d22d34','系统菜单','sysMenu');

INSERT INTO SYS_MODULE (ID,NAME,SHIRO) 
VALUES ('8b92453ba86642478dca3aa7ee9106c2','系统部门','sysDepartment');

INSERT INTO SYS_MODULE (ID,NAME,SHIRO) 
VALUES ('6267cc893dcf47c2b41279e52bc5fa73','系统模块','sysModule');

INSERT INTO SYS_MODULE (ID,NAME,SHIRO) 
VALUES ('a59afc9f487f4a6fa5dcae9e195bf499','系统字典','dict');

INSERT INTO SYS_MODULE (ID,NAME,SHIRO) 
VALUES ('80f11f6553a74d34bb750255ba3308e7','业务表字段建模','sys:tableColumn');

INSERT INTO SYS_MODULE (ID,NAME,SHIRO) 
VALUES ('6d82509cc687416f8c1ad01f49efb54b','业务表建模','sys:table');

INSERT INTO SYS_MODULE (ID,NAME,SHIRO) 
VALUES ('7fe102f7b2424128bd7828d9e1d2d790','数据字典-表','sys:userTables');

INSERT INTO SYS_MODULE (ID,NAME,SHIRO) 
VALUES ('349ed3e79dbe406b9034ef73bb8056d3','数据字典-列','sys:userTabColumns');

INSERT INTO SYS_MODULE (ID,NAME,SHIRO) 
VALUES ('3019e17df75c4ec28ac613472fb6b79f','系统数据库建模','sys:db');

INSERT INTO SYS_MODULE_PERMISSION (MODULE_ID,PERMISSION_ID) 
VALUES ('0cc19fd4409a4d8b832a02584b15e45f','build');

INSERT INTO SYS_MODULE_PERMISSION (MODULE_ID,PERMISSION_ID) 
VALUES ('0cc19fd4409a4d8b832a02584b15e45f','create');

INSERT INTO SYS_MODULE_PERMISSION (MODULE_ID,PERMISSION_ID) 
VALUES ('0cc19fd4409a4d8b832a02584b15e45f','delete');

INSERT INTO SYS_MODULE_PERMISSION (MODULE_ID,PERMISSION_ID) 
VALUES ('0cc19fd4409a4d8b832a02584b15e45f','deploy');

INSERT INTO SYS_MODULE_PERMISSION (MODULE_ID,PERMISSION_ID) 
VALUES ('0cc19fd4409a4d8b832a02584b15e45f','download');

INSERT INTO SYS_MODULE_PERMISSION (MODULE_ID,PERMISSION_ID) 
VALUES ('0cc19fd4409a4d8b832a02584b15e45f','drop');

INSERT INTO SYS_MODULE_PERMISSION (MODULE_ID,PERMISSION_ID) 
VALUES ('0cc19fd4409a4d8b832a02584b15e45f','export');

INSERT INTO SYS_MODULE_PERMISSION (MODULE_ID,PERMISSION_ID) 
VALUES ('0cc19fd4409a4d8b832a02584b15e45f','import');

INSERT INTO SYS_MODULE_PERMISSION (MODULE_ID,PERMISSION_ID) 
VALUES ('0cc19fd4409a4d8b832a02584b15e45f','insert');

INSERT INTO SYS_MODULE_PERMISSION (MODULE_ID,PERMISSION_ID) 
VALUES ('0cc19fd4409a4d8b832a02584b15e45f','print');

INSERT INTO SYS_MODULE_PERMISSION (MODULE_ID,PERMISSION_ID) 
VALUES ('0cc19fd4409a4d8b832a02584b15e45f','select');

INSERT INTO SYS_MODULE_PERMISSION (MODULE_ID,PERMISSION_ID) 
VALUES ('0cc19fd4409a4d8b832a02584b15e45f','update');

INSERT INTO SYS_MODULE_PERMISSION (MODULE_ID,PERMISSION_ID) 
VALUES ('0cc19fd4409a4d8b832a02584b15e45f','upload');

INSERT INTO SYS_MODULE_PERMISSION (MODULE_ID,PERMISSION_ID) 
VALUES ('0cc19fd4409a4d8b832a02584b15e45f','view');

INSERT INTO SYS_MODULE_PERMISSION (MODULE_ID,PERMISSION_ID) 
VALUES ('2b5d24bdb8b6413e9a1b2fb2e12437a6','build');

INSERT INTO SYS_MODULE_PERMISSION (MODULE_ID,PERMISSION_ID) 
VALUES ('2b5d24bdb8b6413e9a1b2fb2e12437a6','create');

INSERT INTO SYS_MODULE_PERMISSION (MODULE_ID,PERMISSION_ID) 
VALUES ('2b5d24bdb8b6413e9a1b2fb2e12437a6','delete');

INSERT INTO SYS_MODULE_PERMISSION (MODULE_ID,PERMISSION_ID) 
VALUES ('2b5d24bdb8b6413e9a1b2fb2e12437a6','deploy');

INSERT INTO SYS_MODULE_PERMISSION (MODULE_ID,PERMISSION_ID) 
VALUES ('2b5d24bdb8b6413e9a1b2fb2e12437a6','download');

INSERT INTO SYS_MODULE_PERMISSION (MODULE_ID,PERMISSION_ID) 
VALUES ('2b5d24bdb8b6413e9a1b2fb2e12437a6','drop');

INSERT INTO SYS_MODULE_PERMISSION (MODULE_ID,PERMISSION_ID) 
VALUES ('2b5d24bdb8b6413e9a1b2fb2e12437a6','export');

INSERT INTO SYS_MODULE_PERMISSION (MODULE_ID,PERMISSION_ID) 
VALUES ('2b5d24bdb8b6413e9a1b2fb2e12437a6','import');

INSERT INTO SYS_MODULE_PERMISSION (MODULE_ID,PERMISSION_ID) 
VALUES ('2b5d24bdb8b6413e9a1b2fb2e12437a6','insert');

INSERT INTO SYS_MODULE_PERMISSION (MODULE_ID,PERMISSION_ID) 
VALUES ('2b5d24bdb8b6413e9a1b2fb2e12437a6','print');

INSERT INTO SYS_MODULE_PERMISSION (MODULE_ID,PERMISSION_ID) 
VALUES ('2b5d24bdb8b6413e9a1b2fb2e12437a6','select');

INSERT INTO SYS_MODULE_PERMISSION (MODULE_ID,PERMISSION_ID) 
VALUES ('2b5d24bdb8b6413e9a1b2fb2e12437a6','update');

INSERT INTO SYS_MODULE_PERMISSION (MODULE_ID,PERMISSION_ID) 
VALUES ('2b5d24bdb8b6413e9a1b2fb2e12437a6','upload');

INSERT INTO SYS_MODULE_PERMISSION (MODULE_ID,PERMISSION_ID) 
VALUES ('2b5d24bdb8b6413e9a1b2fb2e12437a6','view');

INSERT INTO SYS_MODULE_PERMISSION (MODULE_ID,PERMISSION_ID) 
VALUES ('3019e17df75c4ec28ac613472fb6b79f','view');

INSERT INTO SYS_MODULE_PERMISSION (MODULE_ID,PERMISSION_ID) 
VALUES ('349ed3e79dbe406b9034ef73bb8056d3','export');

INSERT INTO SYS_MODULE_PERMISSION (MODULE_ID,PERMISSION_ID) 
VALUES ('349ed3e79dbe406b9034ef73bb8056d3','select');

INSERT INTO SYS_MODULE_PERMISSION (MODULE_ID,PERMISSION_ID) 
VALUES ('349ed3e79dbe406b9034ef73bb8056d3','view');

INSERT INTO SYS_MODULE_PERMISSION (MODULE_ID,PERMISSION_ID) 
VALUES ('3570d90302404b769704bd810ea3696a','build');

INSERT INTO SYS_MODULE_PERMISSION (MODULE_ID,PERMISSION_ID) 
VALUES ('3570d90302404b769704bd810ea3696a','create');

INSERT INTO SYS_MODULE_PERMISSION (MODULE_ID,PERMISSION_ID) 
VALUES ('3570d90302404b769704bd810ea3696a','delete');

INSERT INTO SYS_MODULE_PERMISSION (MODULE_ID,PERMISSION_ID) 
VALUES ('3570d90302404b769704bd810ea3696a','deploy');

INSERT INTO SYS_MODULE_PERMISSION (MODULE_ID,PERMISSION_ID) 
VALUES ('3570d90302404b769704bd810ea3696a','download');

INSERT INTO SYS_MODULE_PERMISSION (MODULE_ID,PERMISSION_ID) 
VALUES ('3570d90302404b769704bd810ea3696a','drop');

INSERT INTO SYS_MODULE_PERMISSION (MODULE_ID,PERMISSION_ID) 
VALUES ('3570d90302404b769704bd810ea3696a','export');

INSERT INTO SYS_MODULE_PERMISSION (MODULE_ID,PERMISSION_ID) 
VALUES ('3570d90302404b769704bd810ea3696a','import');

INSERT INTO SYS_MODULE_PERMISSION (MODULE_ID,PERMISSION_ID) 
VALUES ('3570d90302404b769704bd810ea3696a','insert');

INSERT INTO SYS_MODULE_PERMISSION (MODULE_ID,PERMISSION_ID) 
VALUES ('3570d90302404b769704bd810ea3696a','print');

INSERT INTO SYS_MODULE_PERMISSION (MODULE_ID,PERMISSION_ID) 
VALUES ('3570d90302404b769704bd810ea3696a','select');

INSERT INTO SYS_MODULE_PERMISSION (MODULE_ID,PERMISSION_ID) 
VALUES ('3570d90302404b769704bd810ea3696a','update');

INSERT INTO SYS_MODULE_PERMISSION (MODULE_ID,PERMISSION_ID) 
VALUES ('3570d90302404b769704bd810ea3696a','upload');

INSERT INTO SYS_MODULE_PERMISSION (MODULE_ID,PERMISSION_ID) 
VALUES ('3570d90302404b769704bd810ea3696a','view');

INSERT INTO SYS_MODULE_PERMISSION (MODULE_ID,PERMISSION_ID) 
VALUES ('6267cc893dcf47c2b41279e52bc5fa73','build');

INSERT INTO SYS_MODULE_PERMISSION (MODULE_ID,PERMISSION_ID) 
VALUES ('6267cc893dcf47c2b41279e52bc5fa73','create');

INSERT INTO SYS_MODULE_PERMISSION (MODULE_ID,PERMISSION_ID) 
VALUES ('6267cc893dcf47c2b41279e52bc5fa73','delete');

INSERT INTO SYS_MODULE_PERMISSION (MODULE_ID,PERMISSION_ID) 
VALUES ('6267cc893dcf47c2b41279e52bc5fa73','deploy');

INSERT INTO SYS_MODULE_PERMISSION (MODULE_ID,PERMISSION_ID) 
VALUES ('6267cc893dcf47c2b41279e52bc5fa73','download');

INSERT INTO SYS_MODULE_PERMISSION (MODULE_ID,PERMISSION_ID) 
VALUES ('6267cc893dcf47c2b41279e52bc5fa73','drop');

INSERT INTO SYS_MODULE_PERMISSION (MODULE_ID,PERMISSION_ID) 
VALUES ('6267cc893dcf47c2b41279e52bc5fa73','export');

INSERT INTO SYS_MODULE_PERMISSION (MODULE_ID,PERMISSION_ID) 
VALUES ('6267cc893dcf47c2b41279e52bc5fa73','import');

INSERT INTO SYS_MODULE_PERMISSION (MODULE_ID,PERMISSION_ID) 
VALUES ('6267cc893dcf47c2b41279e52bc5fa73','insert');

INSERT INTO SYS_MODULE_PERMISSION (MODULE_ID,PERMISSION_ID) 
VALUES ('6267cc893dcf47c2b41279e52bc5fa73','print');

INSERT INTO SYS_MODULE_PERMISSION (MODULE_ID,PERMISSION_ID) 
VALUES ('6267cc893dcf47c2b41279e52bc5fa73','select');

INSERT INTO SYS_MODULE_PERMISSION (MODULE_ID,PERMISSION_ID) 
VALUES ('6267cc893dcf47c2b41279e52bc5fa73','update');

INSERT INTO SYS_MODULE_PERMISSION (MODULE_ID,PERMISSION_ID) 
VALUES ('6267cc893dcf47c2b41279e52bc5fa73','upload');

INSERT INTO SYS_MODULE_PERMISSION (MODULE_ID,PERMISSION_ID) 
VALUES ('6267cc893dcf47c2b41279e52bc5fa73','view');

INSERT INTO SYS_MODULE_PERMISSION (MODULE_ID,PERMISSION_ID) 
VALUES ('6d82509cc687416f8c1ad01f49efb54b','delete');

INSERT INTO SYS_MODULE_PERMISSION (MODULE_ID,PERMISSION_ID) 
VALUES ('6d82509cc687416f8c1ad01f49efb54b','insert');

INSERT INTO SYS_MODULE_PERMISSION (MODULE_ID,PERMISSION_ID) 
VALUES ('6d82509cc687416f8c1ad01f49efb54b','select');

INSERT INTO SYS_MODULE_PERMISSION (MODULE_ID,PERMISSION_ID) 
VALUES ('6d82509cc687416f8c1ad01f49efb54b','update');

INSERT INTO SYS_MODULE_PERMISSION (MODULE_ID,PERMISSION_ID) 
VALUES ('6d82509cc687416f8c1ad01f49efb54b','view');

INSERT INTO SYS_MODULE_PERMISSION (MODULE_ID,PERMISSION_ID) 
VALUES ('7466722e008349cfb7ed1d034b856bad','build');

INSERT INTO SYS_MODULE_PERMISSION (MODULE_ID,PERMISSION_ID) 
VALUES ('7466722e008349cfb7ed1d034b856bad','create');

INSERT INTO SYS_MODULE_PERMISSION (MODULE_ID,PERMISSION_ID) 
VALUES ('7466722e008349cfb7ed1d034b856bad','delete');

INSERT INTO SYS_MODULE_PERMISSION (MODULE_ID,PERMISSION_ID) 
VALUES ('7466722e008349cfb7ed1d034b856bad','deploy');

INSERT INTO SYS_MODULE_PERMISSION (MODULE_ID,PERMISSION_ID) 
VALUES ('7466722e008349cfb7ed1d034b856bad','download');

INSERT INTO SYS_MODULE_PERMISSION (MODULE_ID,PERMISSION_ID) 
VALUES ('7466722e008349cfb7ed1d034b856bad','drop');

INSERT INTO SYS_MODULE_PERMISSION (MODULE_ID,PERMISSION_ID) 
VALUES ('7466722e008349cfb7ed1d034b856bad','export');

INSERT INTO SYS_MODULE_PERMISSION (MODULE_ID,PERMISSION_ID) 
VALUES ('7466722e008349cfb7ed1d034b856bad','import');

INSERT INTO SYS_MODULE_PERMISSION (MODULE_ID,PERMISSION_ID) 
VALUES ('7466722e008349cfb7ed1d034b856bad','insert');

INSERT INTO SYS_MODULE_PERMISSION (MODULE_ID,PERMISSION_ID) 
VALUES ('7466722e008349cfb7ed1d034b856bad','print');

INSERT INTO SYS_MODULE_PERMISSION (MODULE_ID,PERMISSION_ID) 
VALUES ('7466722e008349cfb7ed1d034b856bad','select');

INSERT INTO SYS_MODULE_PERMISSION (MODULE_ID,PERMISSION_ID) 
VALUES ('7466722e008349cfb7ed1d034b856bad','update');

INSERT INTO SYS_MODULE_PERMISSION (MODULE_ID,PERMISSION_ID) 
VALUES ('7466722e008349cfb7ed1d034b856bad','upload');

INSERT INTO SYS_MODULE_PERMISSION (MODULE_ID,PERMISSION_ID) 
VALUES ('7466722e008349cfb7ed1d034b856bad','view');

INSERT INTO SYS_MODULE_PERMISSION (MODULE_ID,PERMISSION_ID) 
VALUES ('7d741c551b984b7bb776e742090d076f','build');

INSERT INTO SYS_MODULE_PERMISSION (MODULE_ID,PERMISSION_ID) 
VALUES ('7d741c551b984b7bb776e742090d076f','create');

INSERT INTO SYS_MODULE_PERMISSION (MODULE_ID,PERMISSION_ID) 
VALUES ('7d741c551b984b7bb776e742090d076f','delete');

INSERT INTO SYS_MODULE_PERMISSION (MODULE_ID,PERMISSION_ID) 
VALUES ('7d741c551b984b7bb776e742090d076f','deploy');

INSERT INTO SYS_MODULE_PERMISSION (MODULE_ID,PERMISSION_ID) 
VALUES ('7d741c551b984b7bb776e742090d076f','download');

INSERT INTO SYS_MODULE_PERMISSION (MODULE_ID,PERMISSION_ID) 
VALUES ('7d741c551b984b7bb776e742090d076f','drop');

INSERT INTO SYS_MODULE_PERMISSION (MODULE_ID,PERMISSION_ID) 
VALUES ('7d741c551b984b7bb776e742090d076f','export');

INSERT INTO SYS_MODULE_PERMISSION (MODULE_ID,PERMISSION_ID) 
VALUES ('7d741c551b984b7bb776e742090d076f','import');

INSERT INTO SYS_MODULE_PERMISSION (MODULE_ID,PERMISSION_ID) 
VALUES ('7d741c551b984b7bb776e742090d076f','insert');

INSERT INTO SYS_MODULE_PERMISSION (MODULE_ID,PERMISSION_ID) 
VALUES ('7d741c551b984b7bb776e742090d076f','print');

INSERT INTO SYS_MODULE_PERMISSION (MODULE_ID,PERMISSION_ID) 
VALUES ('7d741c551b984b7bb776e742090d076f','select');

INSERT INTO SYS_MODULE_PERMISSION (MODULE_ID,PERMISSION_ID) 
VALUES ('7d741c551b984b7bb776e742090d076f','update');

INSERT INTO SYS_MODULE_PERMISSION (MODULE_ID,PERMISSION_ID) 
VALUES ('7d741c551b984b7bb776e742090d076f','upload');

INSERT INTO SYS_MODULE_PERMISSION (MODULE_ID,PERMISSION_ID) 
VALUES ('7d741c551b984b7bb776e742090d076f','view');

INSERT INTO SYS_MODULE_PERMISSION (MODULE_ID,PERMISSION_ID) 
VALUES ('7fe102f7b2424128bd7828d9e1d2d790','export');

INSERT INTO SYS_MODULE_PERMISSION (MODULE_ID,PERMISSION_ID) 
VALUES ('7fe102f7b2424128bd7828d9e1d2d790','select');

INSERT INTO SYS_MODULE_PERMISSION (MODULE_ID,PERMISSION_ID) 
VALUES ('7fe102f7b2424128bd7828d9e1d2d790','view');

INSERT INTO SYS_MODULE_PERMISSION (MODULE_ID,PERMISSION_ID) 
VALUES ('80f11f6553a74d34bb750255ba3308e7','delete');

INSERT INTO SYS_MODULE_PERMISSION (MODULE_ID,PERMISSION_ID) 
VALUES ('80f11f6553a74d34bb750255ba3308e7','export');

INSERT INTO SYS_MODULE_PERMISSION (MODULE_ID,PERMISSION_ID) 
VALUES ('80f11f6553a74d34bb750255ba3308e7','insert');

INSERT INTO SYS_MODULE_PERMISSION (MODULE_ID,PERMISSION_ID) 
VALUES ('80f11f6553a74d34bb750255ba3308e7','select');

INSERT INTO SYS_MODULE_PERMISSION (MODULE_ID,PERMISSION_ID) 
VALUES ('80f11f6553a74d34bb750255ba3308e7','update');

INSERT INTO SYS_MODULE_PERMISSION (MODULE_ID,PERMISSION_ID) 
VALUES ('80f11f6553a74d34bb750255ba3308e7','view');

INSERT INTO SYS_MODULE_PERMISSION (MODULE_ID,PERMISSION_ID) 
VALUES ('8996fada7b6542779535357d7eee8197','build');

INSERT INTO SYS_MODULE_PERMISSION (MODULE_ID,PERMISSION_ID) 
VALUES ('8996fada7b6542779535357d7eee8197','create');

INSERT INTO SYS_MODULE_PERMISSION (MODULE_ID,PERMISSION_ID) 
VALUES ('8996fada7b6542779535357d7eee8197','delete');

INSERT INTO SYS_MODULE_PERMISSION (MODULE_ID,PERMISSION_ID) 
VALUES ('8996fada7b6542779535357d7eee8197','deploy');

INSERT INTO SYS_MODULE_PERMISSION (MODULE_ID,PERMISSION_ID) 
VALUES ('8996fada7b6542779535357d7eee8197','download');

INSERT INTO SYS_MODULE_PERMISSION (MODULE_ID,PERMISSION_ID) 
VALUES ('8996fada7b6542779535357d7eee8197','drop');

INSERT INTO SYS_MODULE_PERMISSION (MODULE_ID,PERMISSION_ID) 
VALUES ('8996fada7b6542779535357d7eee8197','export');

INSERT INTO SYS_MODULE_PERMISSION (MODULE_ID,PERMISSION_ID) 
VALUES ('8996fada7b6542779535357d7eee8197','import');

INSERT INTO SYS_MODULE_PERMISSION (MODULE_ID,PERMISSION_ID) 
VALUES ('8996fada7b6542779535357d7eee8197','insert');

INSERT INTO SYS_MODULE_PERMISSION (MODULE_ID,PERMISSION_ID) 
VALUES ('8996fada7b6542779535357d7eee8197','print');

INSERT INTO SYS_MODULE_PERMISSION (MODULE_ID,PERMISSION_ID) 
VALUES ('8996fada7b6542779535357d7eee8197','select');

INSERT INTO SYS_MODULE_PERMISSION (MODULE_ID,PERMISSION_ID) 
VALUES ('8996fada7b6542779535357d7eee8197','update');

INSERT INTO SYS_MODULE_PERMISSION (MODULE_ID,PERMISSION_ID) 
VALUES ('8996fada7b6542779535357d7eee8197','upload');

INSERT INTO SYS_MODULE_PERMISSION (MODULE_ID,PERMISSION_ID) 
VALUES ('8996fada7b6542779535357d7eee8197','view');

INSERT INTO SYS_MODULE_PERMISSION (MODULE_ID,PERMISSION_ID) 
VALUES ('8b92453ba86642478dca3aa7ee9106c2','build');

INSERT INTO SYS_MODULE_PERMISSION (MODULE_ID,PERMISSION_ID) 
VALUES ('8b92453ba86642478dca3aa7ee9106c2','create');

INSERT INTO SYS_MODULE_PERMISSION (MODULE_ID,PERMISSION_ID) 
VALUES ('8b92453ba86642478dca3aa7ee9106c2','delete');

INSERT INTO SYS_MODULE_PERMISSION (MODULE_ID,PERMISSION_ID) 
VALUES ('8b92453ba86642478dca3aa7ee9106c2','deploy');

INSERT INTO SYS_MODULE_PERMISSION (MODULE_ID,PERMISSION_ID) 
VALUES ('8b92453ba86642478dca3aa7ee9106c2','download');

INSERT INTO SYS_MODULE_PERMISSION (MODULE_ID,PERMISSION_ID) 
VALUES ('8b92453ba86642478dca3aa7ee9106c2','drop');

INSERT INTO SYS_MODULE_PERMISSION (MODULE_ID,PERMISSION_ID) 
VALUES ('8b92453ba86642478dca3aa7ee9106c2','export');

INSERT INTO SYS_MODULE_PERMISSION (MODULE_ID,PERMISSION_ID) 
VALUES ('8b92453ba86642478dca3aa7ee9106c2','import');

INSERT INTO SYS_MODULE_PERMISSION (MODULE_ID,PERMISSION_ID) 
VALUES ('8b92453ba86642478dca3aa7ee9106c2','insert');

INSERT INTO SYS_MODULE_PERMISSION (MODULE_ID,PERMISSION_ID) 
VALUES ('8b92453ba86642478dca3aa7ee9106c2','print');

INSERT INTO SYS_MODULE_PERMISSION (MODULE_ID,PERMISSION_ID) 
VALUES ('8b92453ba86642478dca3aa7ee9106c2','select');

INSERT INTO SYS_MODULE_PERMISSION (MODULE_ID,PERMISSION_ID) 
VALUES ('8b92453ba86642478dca3aa7ee9106c2','update');

INSERT INTO SYS_MODULE_PERMISSION (MODULE_ID,PERMISSION_ID) 
VALUES ('8b92453ba86642478dca3aa7ee9106c2','upload');

INSERT INTO SYS_MODULE_PERMISSION (MODULE_ID,PERMISSION_ID) 
VALUES ('8b92453ba86642478dca3aa7ee9106c2','view');

INSERT INTO SYS_MODULE_PERMISSION (MODULE_ID,PERMISSION_ID) 
VALUES ('a59afc9f487f4a6fa5dcae9e195bf499','delete');

INSERT INTO SYS_MODULE_PERMISSION (MODULE_ID,PERMISSION_ID) 
VALUES ('a59afc9f487f4a6fa5dcae9e195bf499','export');

INSERT INTO SYS_MODULE_PERMISSION (MODULE_ID,PERMISSION_ID) 
VALUES ('a59afc9f487f4a6fa5dcae9e195bf499','import');

INSERT INTO SYS_MODULE_PERMISSION (MODULE_ID,PERMISSION_ID) 
VALUES ('a59afc9f487f4a6fa5dcae9e195bf499','insert');

INSERT INTO SYS_MODULE_PERMISSION (MODULE_ID,PERMISSION_ID) 
VALUES ('a59afc9f487f4a6fa5dcae9e195bf499','select');

INSERT INTO SYS_MODULE_PERMISSION (MODULE_ID,PERMISSION_ID) 
VALUES ('a59afc9f487f4a6fa5dcae9e195bf499','update');

INSERT INTO SYS_MODULE_PERMISSION (MODULE_ID,PERMISSION_ID) 
VALUES ('a59afc9f487f4a6fa5dcae9e195bf499','view');

INSERT INTO SYS_MODULE_PERMISSION (MODULE_ID,PERMISSION_ID) 
VALUES ('bce58ffd35774b91a6ffc6c690d22d34','build');

INSERT INTO SYS_MODULE_PERMISSION (MODULE_ID,PERMISSION_ID) 
VALUES ('bce58ffd35774b91a6ffc6c690d22d34','create');

INSERT INTO SYS_MODULE_PERMISSION (MODULE_ID,PERMISSION_ID) 
VALUES ('bce58ffd35774b91a6ffc6c690d22d34','delete');

INSERT INTO SYS_MODULE_PERMISSION (MODULE_ID,PERMISSION_ID) 
VALUES ('bce58ffd35774b91a6ffc6c690d22d34','deploy');

INSERT INTO SYS_MODULE_PERMISSION (MODULE_ID,PERMISSION_ID) 
VALUES ('bce58ffd35774b91a6ffc6c690d22d34','download');

INSERT INTO SYS_MODULE_PERMISSION (MODULE_ID,PERMISSION_ID) 
VALUES ('bce58ffd35774b91a6ffc6c690d22d34','drop');

INSERT INTO SYS_MODULE_PERMISSION (MODULE_ID,PERMISSION_ID) 
VALUES ('bce58ffd35774b91a6ffc6c690d22d34','export');

INSERT INTO SYS_MODULE_PERMISSION (MODULE_ID,PERMISSION_ID) 
VALUES ('bce58ffd35774b91a6ffc6c690d22d34','import');

INSERT INTO SYS_MODULE_PERMISSION (MODULE_ID,PERMISSION_ID) 
VALUES ('bce58ffd35774b91a6ffc6c690d22d34','insert');

INSERT INTO SYS_MODULE_PERMISSION (MODULE_ID,PERMISSION_ID) 
VALUES ('bce58ffd35774b91a6ffc6c690d22d34','print');

INSERT INTO SYS_MODULE_PERMISSION (MODULE_ID,PERMISSION_ID) 
VALUES ('bce58ffd35774b91a6ffc6c690d22d34','select');

INSERT INTO SYS_MODULE_PERMISSION (MODULE_ID,PERMISSION_ID) 
VALUES ('bce58ffd35774b91a6ffc6c690d22d34','update');

INSERT INTO SYS_MODULE_PERMISSION (MODULE_ID,PERMISSION_ID) 
VALUES ('bce58ffd35774b91a6ffc6c690d22d34','upload');

INSERT INTO SYS_MODULE_PERMISSION (MODULE_ID,PERMISSION_ID) 
VALUES ('bce58ffd35774b91a6ffc6c690d22d34','view');

INSERT INTO SYS_MODULE_PERMISSION (MODULE_ID,PERMISSION_ID) 
VALUES ('d94881a8dc854298bfac029147b38e26','delete');

INSERT INTO SYS_MODULE_PERMISSION (MODULE_ID,PERMISSION_ID) 
VALUES ('d94881a8dc854298bfac029147b38e26','export');

INSERT INTO SYS_MODULE_PERMISSION (MODULE_ID,PERMISSION_ID) 
VALUES ('d94881a8dc854298bfac029147b38e26','import');

INSERT INTO SYS_MODULE_PERMISSION (MODULE_ID,PERMISSION_ID) 
VALUES ('d94881a8dc854298bfac029147b38e26','insert');

INSERT INTO SYS_MODULE_PERMISSION (MODULE_ID,PERMISSION_ID) 
VALUES ('d94881a8dc854298bfac029147b38e26','select');

INSERT INTO SYS_MODULE_PERMISSION (MODULE_ID,PERMISSION_ID) 
VALUES ('d94881a8dc854298bfac029147b38e26','update');

INSERT INTO SYS_MODULE_PERMISSION (MODULE_ID,PERMISSION_ID) 
VALUES ('d94881a8dc854298bfac029147b38e26','view');

INSERT INTO SYS_MODULE_PERMISSION (MODULE_ID,PERMISSION_ID) 
VALUES ('ddc3b32e4fae473e82a69a28c41a6b48','build');

INSERT INTO SYS_MODULE_PERMISSION (MODULE_ID,PERMISSION_ID) 
VALUES ('ddc3b32e4fae473e82a69a28c41a6b48','create');

INSERT INTO SYS_MODULE_PERMISSION (MODULE_ID,PERMISSION_ID) 
VALUES ('ddc3b32e4fae473e82a69a28c41a6b48','delete');

INSERT INTO SYS_MODULE_PERMISSION (MODULE_ID,PERMISSION_ID) 
VALUES ('ddc3b32e4fae473e82a69a28c41a6b48','deploy');

INSERT INTO SYS_MODULE_PERMISSION (MODULE_ID,PERMISSION_ID) 
VALUES ('ddc3b32e4fae473e82a69a28c41a6b48','download');

INSERT INTO SYS_MODULE_PERMISSION (MODULE_ID,PERMISSION_ID) 
VALUES ('ddc3b32e4fae473e82a69a28c41a6b48','drop');

INSERT INTO SYS_MODULE_PERMISSION (MODULE_ID,PERMISSION_ID) 
VALUES ('ddc3b32e4fae473e82a69a28c41a6b48','export');

INSERT INTO SYS_MODULE_PERMISSION (MODULE_ID,PERMISSION_ID) 
VALUES ('ddc3b32e4fae473e82a69a28c41a6b48','import');

INSERT INTO SYS_MODULE_PERMISSION (MODULE_ID,PERMISSION_ID) 
VALUES ('ddc3b32e4fae473e82a69a28c41a6b48','insert');

INSERT INTO SYS_MODULE_PERMISSION (MODULE_ID,PERMISSION_ID) 
VALUES ('ddc3b32e4fae473e82a69a28c41a6b48','print');

INSERT INTO SYS_MODULE_PERMISSION (MODULE_ID,PERMISSION_ID) 
VALUES ('ddc3b32e4fae473e82a69a28c41a6b48','select');

INSERT INTO SYS_MODULE_PERMISSION (MODULE_ID,PERMISSION_ID) 
VALUES ('ddc3b32e4fae473e82a69a28c41a6b48','update');

INSERT INTO SYS_MODULE_PERMISSION (MODULE_ID,PERMISSION_ID) 
VALUES ('ddc3b32e4fae473e82a69a28c41a6b48','upload');

INSERT INTO SYS_MODULE_PERMISSION (MODULE_ID,PERMISSION_ID) 
VALUES ('ddc3b32e4fae473e82a69a28c41a6b48','view');

INSERT INTO SYS_PERMISSION (ID,SEQUENCE,NAME) 
VALUES ('send',15,'发送');

INSERT INTO SYS_PERMISSION (ID,SEQUENCE,NAME) 
VALUES ('view',1,'展示');

INSERT INTO SYS_PERMISSION (ID,SEQUENCE,NAME) 
VALUES ('select',2,'查询');

INSERT INTO SYS_PERMISSION (ID,SEQUENCE,NAME) 
VALUES ('insert',3,'插入');

INSERT INTO SYS_PERMISSION (ID,SEQUENCE,NAME) 
VALUES ('update',4,'修改');

INSERT INTO SYS_PERMISSION (ID,SEQUENCE,NAME) 
VALUES ('delete',5,'删除');

INSERT INTO SYS_PERMISSION (ID,SEQUENCE,NAME) 
VALUES ('import',6,'导入');

INSERT INTO SYS_PERMISSION (ID,SEQUENCE,NAME) 
VALUES ('export',7,'导出');

INSERT INTO SYS_PERMISSION (ID,SEQUENCE,NAME) 
VALUES ('print',10,'打印');

INSERT INTO SYS_PERMISSION (ID,SEQUENCE,NAME) 
VALUES ('create',11,'创建');

INSERT INTO SYS_PERMISSION (ID,SEQUENCE,NAME) 
VALUES ('drop',12,'销毁');

INSERT INTO SYS_PERMISSION (ID,SEQUENCE,NAME) 
VALUES ('build',13,'同步');

INSERT INTO SYS_PERMISSION (ID,SEQUENCE,NAME) 
VALUES ('download',9,'下载');

INSERT INTO SYS_PERMISSION (ID,SEQUENCE,NAME) 
VALUES ('upload',8,'上传');

INSERT INTO SYS_PERMISSION (ID,SEQUENCE,NAME) 
VALUES ('deploy',14,'部署');

INSERT INTO SYS_ROLE (ID,NAME,SHIRO) 
VALUES ('233e1814d0484ae6ad600a84ae8b2a1b','员工','employee');

INSERT INTO SYS_ROLE (ID,NAME,SHIRO) 
VALUES ('d3f34652eb03447b9cc8bb7375df675d','系统管理员','sys');

INSERT INTO SYS_ROLE_MENU (ROLE_ID,MENU_ID) 
VALUES ('233e1814d0484ae6ad600a84ae8b2a1b','09d5b978a1c64a45b69097219d28fdcf');

INSERT INTO SYS_ROLE_MENU (ROLE_ID,MENU_ID) 
VALUES ('233e1814d0484ae6ad600a84ae8b2a1b','afa54364390c4675b4c97a28663a28b7');

INSERT INTO SYS_ROLE_MENU (ROLE_ID,MENU_ID) 
VALUES ('233e1814d0484ae6ad600a84ae8b2a1b','d63fb68c3af44a5a9bc93afc3edba378');

INSERT INTO SYS_ROLE_MENU (ROLE_ID,MENU_ID) 
VALUES ('4bb7b95168a04cb6885d31dc583cde40','035c58f70576403e9c31767469b15258');

INSERT INTO SYS_ROLE_MENU (ROLE_ID,MENU_ID) 
VALUES ('4bb7b95168a04cb6885d31dc583cde40','5d2d5ddfd20f4783938fe636eedb5b37');

INSERT INTO SYS_ROLE_MENU (ROLE_ID,MENU_ID) 
VALUES ('4bb7b95168a04cb6885d31dc583cde40','61102bf49a004196ba0fb418ed1929e3');

INSERT INTO SYS_ROLE_MENU (ROLE_ID,MENU_ID) 
VALUES ('d3f34652eb03447b9cc8bb7375df675d','063f50746a034e9b853677d9b91a490a');

INSERT INTO SYS_ROLE_MENU (ROLE_ID,MENU_ID) 
VALUES ('d3f34652eb03447b9cc8bb7375df675d','08e27f9288d04c7a8839dc65f6cbd1fa');

INSERT INTO SYS_ROLE_MENU (ROLE_ID,MENU_ID) 
VALUES ('d3f34652eb03447b9cc8bb7375df675d','09d5b978a1c64a45b69097219d28fdcf');

INSERT INTO SYS_ROLE_MENU (ROLE_ID,MENU_ID) 
VALUES ('d3f34652eb03447b9cc8bb7375df675d','0a0bf010a2e54ee5a82d0d2fe3708d2f');

INSERT INTO SYS_ROLE_MENU (ROLE_ID,MENU_ID) 
VALUES ('d3f34652eb03447b9cc8bb7375df675d','1b57266d05aa492b858aa43efbd3ae60');

INSERT INTO SYS_ROLE_MENU (ROLE_ID,MENU_ID) 
VALUES ('d3f34652eb03447b9cc8bb7375df675d','2a2a2bb7d0134d378efb4ad675d0b99d');

INSERT INTO SYS_ROLE_MENU (ROLE_ID,MENU_ID) 
VALUES ('d3f34652eb03447b9cc8bb7375df675d','2db887eb47aa458d9d04d54489b0684f');

INSERT INTO SYS_ROLE_MENU (ROLE_ID,MENU_ID) 
VALUES ('d3f34652eb03447b9cc8bb7375df675d','3def9af46fe44b499df7b14ff3ab2079');

INSERT INTO SYS_ROLE_MENU (ROLE_ID,MENU_ID) 
VALUES ('d3f34652eb03447b9cc8bb7375df675d','62e818ed15e647bdad4bee8f199ba21f');

INSERT INTO SYS_ROLE_MENU (ROLE_ID,MENU_ID) 
VALUES ('d3f34652eb03447b9cc8bb7375df675d','8bf056fec564462e9f6dd02d89630b9d');

INSERT INTO SYS_ROLE_MENU (ROLE_ID,MENU_ID) 
VALUES ('d3f34652eb03447b9cc8bb7375df675d','8fb68d4012d34b6393c3d999dde478ad');

INSERT INTO SYS_ROLE_MENU (ROLE_ID,MENU_ID) 
VALUES ('d3f34652eb03447b9cc8bb7375df675d','935acd7355634b278549b0ebbba01876');

INSERT INTO SYS_ROLE_MENU (ROLE_ID,MENU_ID) 
VALUES ('d3f34652eb03447b9cc8bb7375df675d','95fee483e011455a822f9a9e6a483fce');

INSERT INTO SYS_ROLE_MENU (ROLE_ID,MENU_ID) 
VALUES ('d3f34652eb03447b9cc8bb7375df675d','afa54364390c4675b4c97a28663a28b7');

INSERT INTO SYS_ROLE_MENU (ROLE_ID,MENU_ID) 
VALUES ('d3f34652eb03447b9cc8bb7375df675d','b48d762c01c54dce95c31fb42204d126');

INSERT INTO SYS_ROLE_MENU (ROLE_ID,MENU_ID) 
VALUES ('d3f34652eb03447b9cc8bb7375df675d','c617ec2d6eee475ea05fbe779ab3b7c8');

INSERT INTO SYS_ROLE_MENU (ROLE_ID,MENU_ID) 
VALUES ('d3f34652eb03447b9cc8bb7375df675d','d63fb68c3af44a5a9bc93afc3edba378');

INSERT INTO SYS_ROLE_MENU (ROLE_ID,MENU_ID) 
VALUES ('d3f34652eb03447b9cc8bb7375df675d','f9253401654549a7ab86d53edf2c0d5b');

INSERT INTO SYS_ROLE_MODULE (ROLE_ID,MODULE_ID) 
VALUES ('d3f34652eb03447b9cc8bb7375df675d','0cc19fd4409a4d8b832a02584b15e45f');

INSERT INTO SYS_ROLE_MODULE (ROLE_ID,MODULE_ID) 
VALUES ('d3f34652eb03447b9cc8bb7375df675d','2b5d24bdb8b6413e9a1b2fb2e12437a6');

INSERT INTO SYS_ROLE_MODULE (ROLE_ID,MODULE_ID) 
VALUES ('d3f34652eb03447b9cc8bb7375df675d','349ed3e79dbe406b9034ef73bb8056d3');

INSERT INTO SYS_ROLE_MODULE (ROLE_ID,MODULE_ID) 
VALUES ('d3f34652eb03447b9cc8bb7375df675d','3570d90302404b769704bd810ea3696a');

INSERT INTO SYS_ROLE_MODULE (ROLE_ID,MODULE_ID) 
VALUES ('d3f34652eb03447b9cc8bb7375df675d','6267cc893dcf47c2b41279e52bc5fa73');

INSERT INTO SYS_ROLE_MODULE (ROLE_ID,MODULE_ID) 
VALUES ('d3f34652eb03447b9cc8bb7375df675d','6d82509cc687416f8c1ad01f49efb54b');

INSERT INTO SYS_ROLE_MODULE (ROLE_ID,MODULE_ID) 
VALUES ('d3f34652eb03447b9cc8bb7375df675d','7466722e008349cfb7ed1d034b856bad');

INSERT INTO SYS_ROLE_MODULE (ROLE_ID,MODULE_ID) 
VALUES ('d3f34652eb03447b9cc8bb7375df675d','7d741c551b984b7bb776e742090d076f');

INSERT INTO SYS_ROLE_MODULE (ROLE_ID,MODULE_ID) 
VALUES ('d3f34652eb03447b9cc8bb7375df675d','7fe102f7b2424128bd7828d9e1d2d790');

INSERT INTO SYS_ROLE_MODULE (ROLE_ID,MODULE_ID) 
VALUES ('d3f34652eb03447b9cc8bb7375df675d','80f11f6553a74d34bb750255ba3308e7');

INSERT INTO SYS_ROLE_MODULE (ROLE_ID,MODULE_ID) 
VALUES ('d3f34652eb03447b9cc8bb7375df675d','8996fada7b6542779535357d7eee8197');

INSERT INTO SYS_ROLE_MODULE (ROLE_ID,MODULE_ID) 
VALUES ('d3f34652eb03447b9cc8bb7375df675d','8b92453ba86642478dca3aa7ee9106c2');

INSERT INTO SYS_ROLE_MODULE (ROLE_ID,MODULE_ID) 
VALUES ('d3f34652eb03447b9cc8bb7375df675d','a59afc9f487f4a6fa5dcae9e195bf499');

INSERT INTO SYS_ROLE_MODULE (ROLE_ID,MODULE_ID) 
VALUES ('d3f34652eb03447b9cc8bb7375df675d','bce58ffd35774b91a6ffc6c690d22d34');

INSERT INTO SYS_ROLE_MODULE (ROLE_ID,MODULE_ID) 
VALUES ('d3f34652eb03447b9cc8bb7375df675d','d94881a8dc854298bfac029147b38e26');

INSERT INTO SYS_ROLE_MODULE (ROLE_ID,MODULE_ID) 
VALUES ('d3f34652eb03447b9cc8bb7375df675d','ddc3b32e4fae473e82a69a28c41a6b48');

INSERT INTO SYS_SKINS (ID,NAME,URL,STATE,MAIN) 
VALUES ('afc66b68f4cc48ccb2b9e309ac31575a','Bootstrap主题','/bootstrap','1','main');

INSERT INTO SYS_SKINS (ID,NAME,URL,STATE,MAIN) 
VALUES ('780e5d65c08e42da98f491e84fce8de0','蓝色主题','/portal','0','main');

INSERT INTO SYS_SKINS (ID,NAME,URL,STATE,MAIN) 
VALUES ('3df2a557ac47442889212395848b9213','EASYUI皮肤','/poor','0','main');

INSERT INTO SYS_UPLOADFILE (ID,VIEWNAME,REALNAME,URL,REALURL,SUFFIX,FILESIZE,CREATEDATE) 
VALUES ('a168433701c24e149cab8511a3d2cdbc','Hydrangeas.jpg','a168433701c24e149cab8511a3d2cdbc.jpg','upload/cms/article/','F:/workspace/Kensite_cms/src/main/webapp/upload/cms/article/','.jpg','595284',to_date('2016-07-20 14:41:18','yyyy-mm-dd hh24:mi:ss'));

INSERT INTO SYS_UPLOADFILE (ID,VIEWNAME,REALNAME,URL,REALURL,SUFFIX,FILESIZE,CREATEDATE) 
VALUES ('9459bf45d0a54c0cb42ae67a21af861b','6ee5247ad182424e85e438b927d26ecd.png','9459bf45d0a54c0cb42ae67a21af861b.png','upload/cms/logo/','F:/workspace/Kensite_cms/src/main/webapp/upload/cms/logo/','.png','15109',to_date('2016-07-15 16:47:01','yyyy-mm-dd hh24:mi:ss'));

INSERT INTO SYS_UPLOADFILE (ID,VIEWNAME,REALNAME,URL,REALURL,SUFFIX,FILESIZE,CREATEDATE) 
VALUES ('cffeea1fa44a4550a499ca374ffec87e','6ee5247ad182424e85e438b927d26ecd.png','cffeea1fa44a4550a499ca374ffec87e.png','upload/cms/logo/','F:/workspace/Kensite_cms/src/main/webapp/upload/cms/logo/','.png','15109',to_date('2016-07-15 16:50:22','yyyy-mm-dd hh24:mi:ss'));

INSERT INTO SYS_UPLOADFILE (ID,VIEWNAME,REALNAME,URL,REALURL,SUFFIX,FILESIZE,CREATEDATE) 
VALUES ('33a7bbcf3b89491482dc4ded9e9f3c8d','6ee5247ad182424e85e438b927d26ecd.png','33a7bbcf3b89491482dc4ded9e9f3c8d.png','upload/cms/logo/','F:/workspace/Kensite_cms/src/main/webapp/upload/cms/logo/','.png','15109',to_date('2016-07-15 17:10:44','yyyy-mm-dd hh24:mi:ss'));

INSERT INTO SYS_UPLOADFILE (ID,VIEWNAME,REALNAME,URL,REALURL,SUFFIX,FILESIZE,CREATEDATE) 
VALUES ('8788d03243984a2ea28b28a4e992a8d6','6ee5247ad182424e85e438b927d26ecd.png','8788d03243984a2ea28b28a4e992a8d6.png','upload/cms/logo/','F:/workspace/Kensite_cms/src/main/webapp/upload/cms/logo/','.png','15109',to_date('2016-07-15 17:12:55','yyyy-mm-dd hh24:mi:ss'));

INSERT INTO SYS_UPLOADFILE (ID,VIEWNAME,REALNAME,URL,REALURL,SUFFIX,FILESIZE,CREATEDATE) 
VALUES ('975df8ba43b841f3b312af1287b44ddb','6ee5247ad182424e85e438b927d26ecd.png','975df8ba43b841f3b312af1287b44ddb.png','upload/cms/logo/','F:/workspace/Kensite_cms/src/main/webapp/upload/cms/logo/','.png','15109',to_date('2016-07-15 17:13:34','yyyy-mm-dd hh24:mi:ss'));

INSERT INTO SYS_UPLOADFILE (ID,VIEWNAME,REALNAME,URL,REALURL,SUFFIX,FILESIZE,CREATEDATE) 
VALUES ('1a4faca2c9f94adfb3e180b1a66ca827','img1.jpg','1a4faca2c9f94adfb3e180b1a66ca827.jpg','upload/cms/article/','F:/workspace/Kensite_cms/src/main/webapp/upload/cms/article/','.jpg','305325',to_date('2016-07-21 19:39:50','yyyy-mm-dd hh24:mi:ss'));

INSERT INTO SYS_UPLOADFILE (ID,VIEWNAME,REALNAME,URL,REALURL,SUFFIX,FILESIZE,CREATEDATE) 
VALUES ('5ba8c6475e3841d2bc7a2dd023f189f8','img5.jpg','5ba8c6475e3841d2bc7a2dd023f189f8.jpg','upload/cms/article/','F:/workspace/Kensite_cms/src/main/webapp/upload/cms/article/','.jpg','379189',to_date('2016-07-21 19:45:04','yyyy-mm-dd hh24:mi:ss'));

INSERT INTO SYS_UPLOADFILE (ID,VIEWNAME,REALNAME,URL,REALURL,SUFFIX,FILESIZE,CREATEDATE) 
VALUES ('86260056f19549b0bfd68120b246c461','102707674561.jpg','86260056f19549b0bfd68120b246c461.jpg','upload/cms/article/','F:/workspace/Kensite_cms/src/main/webapp/upload/cms/article/','.jpg','49245',to_date('2016-07-22 14:36:24','yyyy-mm-dd hh24:mi:ss'));

INSERT INTO SYS_UPLOADFILE (ID,VIEWNAME,REALNAME,URL,REALURL,SUFFIX,FILESIZE,CREATEDATE) 
VALUES ('7dbfe328721b42689bc12eb780d5f735','QQ截图20160728151747.png','7dbfe328721b42689bc12eb780d5f735.png','upload/cms/article/','F:/workspace/Kensite_cms/src/main/webapp/upload/cms/article/','.png','61148',to_date('2016-07-28 15:21:12','yyyy-mm-dd hh24:mi:ss'));

INSERT INTO SYS_UPLOADFILE (ID,VIEWNAME,REALNAME,URL,REALURL,SUFFIX,FILESIZE,CREATEDATE) 
VALUES ('a66b500c60d84c4ebaca81491e460391','6ee5247ad182424e85e438b927d26ecd.png','a66b500c60d84c4ebaca81491e460391.png','upload/cms/logo/','F:/workspace/Kensite_cms/src/main/webapp/upload/cms/logo/','.png','15109',to_date('2016-07-15 16:31:51','yyyy-mm-dd hh24:mi:ss'));

INSERT INTO SYS_UPLOADFILE (ID,VIEWNAME,REALNAME,URL,REALURL,SUFFIX,FILESIZE,CREATEDATE) 
VALUES ('f74bcdbea9e74de4abd1e59b34d881ec','6ee5247ad182424e85e438b927d26ecd.png','f74bcdbea9e74de4abd1e59b34d881ec.png','upload/cms/logo/','F:/workspace/Kensite_cms/src/main/webapp/upload/cms/logo/','.png','15109',to_date('2016-07-15 16:32:09','yyyy-mm-dd hh24:mi:ss'));

INSERT INTO SYS_UPLOADFILE (ID,VIEWNAME,REALNAME,URL,REALURL,SUFFIX,FILESIZE,CREATEDATE) 
VALUES ('62f6461246a94dde90484b71a662b4e5','6ee5247ad182424e85e438b927d26ecd.png','62f6461246a94dde90484b71a662b4e5.png','upload/cms/logo/','F:/workspace/Kensite_cms/src/main/webapp/upload/cms/logo/','.png','15109',to_date('2016-07-15 16:24:47','yyyy-mm-dd hh24:mi:ss'));

INSERT INTO SYS_UPLOADFILE (ID,VIEWNAME,REALNAME,URL,REALURL,SUFFIX,FILESIZE,CREATEDATE) 
VALUES ('b16d12f2138d471ba7154d5e9bbc2ba9','6ee5247ad182424e85e438b927d26ecd.png','b16d12f2138d471ba7154d5e9bbc2ba9.png','upload/cms/logo/','F:/workspace/Kensite_cms/src/main/webapp/upload/cms/logo/','.png','15109',to_date('2016-07-15 16:35:06','yyyy-mm-dd hh24:mi:ss'));

INSERT INTO SYS_UPLOADFILE (ID,VIEWNAME,REALNAME,URL,REALURL,SUFFIX,FILESIZE,CREATEDATE) 
VALUES ('ea534eb327b74ad996cb28602812bc93','img2.jpg','ea534eb327b74ad996cb28602812bc93.jpg','upload/cms/article/','F:/workspace/Kensite_cms/src/main/webapp/upload/cms/article/','.jpg','218135',to_date('2016-07-21 19:42:00','yyyy-mm-dd hh24:mi:ss'));

INSERT INTO SYS_UPLOADFILE (ID,VIEWNAME,REALNAME,URL,REALURL,SUFFIX,FILESIZE,CREATEDATE) 
VALUES ('21571b59b4ef46ed9f38580e8cb20fb9','img4.jpg','21571b59b4ef46ed9f38580e8cb20fb9.jpg','upload/cms/article/','F:/workspace/Kensite_cms/src/main/webapp/upload/cms/article/','.jpg','346402',to_date('2016-07-21 19:43:09','yyyy-mm-dd hh24:mi:ss'));

INSERT INTO SYS_UPLOADFILE (ID,VIEWNAME,REALNAME,URL,REALURL,SUFFIX,FILESIZE,CREATEDATE) 
VALUES ('fb6d4cf07ab445ee81a0c675e2c96e44','img3.jpg','fb6d4cf07ab445ee81a0c675e2c96e44.jpg','upload/cms/article/','F:/workspace/Kensite_cms/src/main/webapp/upload/cms/article/','.jpg','249914',to_date('2016-07-21 19:43:58','yyyy-mm-dd hh24:mi:ss'));

INSERT INTO SYS_UPLOADFILE (ID,VIEWNAME,REALNAME,URL,REALURL,SUFFIX,FILESIZE,CREATEDATE) 
VALUES ('3bfc3ba02d7349cfbffd353715f92bd4','QQ截图20160728141518.png','3bfc3ba02d7349cfbffd353715f92bd4.png','upload/cms/article/','F:/workspace/Kensite_cms/src/main/webapp/upload/cms/article/','.png','131191',to_date('2016-07-28 14:31:19','yyyy-mm-dd hh24:mi:ss'));

INSERT INTO SYS_UPLOADFILE (ID,VIEWNAME,REALNAME,URL,REALURL,SUFFIX,FILESIZE,CREATEDATE) 
VALUES ('6b15c43435e1425ab0c8b64f59cc6fab','QQ截图20160728142837.png','6b15c43435e1425ab0c8b64f59cc6fab.png','upload/cms/article/','F:/workspace/Kensite_cms/src/main/webapp/upload/cms/article/','.png','78647',to_date('2016-07-28 14:31:38','yyyy-mm-dd hh24:mi:ss'));

INSERT INTO SYS_UPLOADFILE (ID,VIEWNAME,REALNAME,URL,REALURL,SUFFIX,FILESIZE,CREATEDATE) 
VALUES ('a41c598d9a7a4d52b974499751999af1','QQ截图20160728142914.png','a41c598d9a7a4d52b974499751999af1.png','upload/cms/article/','F:/workspace/Kensite_cms/src/main/webapp/upload/cms/article/','.png','52559',to_date('2016-07-28 14:32:47','yyyy-mm-dd hh24:mi:ss'));

INSERT INTO SYS_UPLOADFILE (ID,VIEWNAME,REALNAME,URL,REALURL,SUFFIX,FILESIZE,CREATEDATE) 
VALUES ('9455a57ca88043849dce4081dbca465b','QQ截图20160728151950.png','9455a57ca88043849dce4081dbca465b.png','upload/cms/article/','F:/workspace/Kensite_cms/src/main/webapp/upload/cms/article/','.png','153952',to_date('2016-07-28 15:20:21','yyyy-mm-dd hh24:mi:ss'));

INSERT INTO SYS_UPLOADFILE (ID,VIEWNAME,REALNAME,URL,REALURL,SUFFIX,FILESIZE,CREATEDATE) 
VALUES ('ac2cabafddf14f17ba7db961faf673c4','QQ截图20160728151731.png','ac2cabafddf14f17ba7db961faf673c4.png','upload/cms/article/','F:/workspace/Kensite_cms/src/main/webapp/upload/cms/article/','.png','56505',to_date('2016-07-28 15:21:39','yyyy-mm-dd hh24:mi:ss'));

INSERT INTO SYS_UPLOADFILE (ID,VIEWNAME,REALNAME,URL,REALURL,SUFFIX,FILESIZE,CREATEDATE) 
VALUES ('b648ea991b3a4fbca781e871b41a2396','QQ截图20160728141518.png','b648ea991b3a4fbca781e871b41a2396.png','upload/cms/article/','F:/workspace/Kensite_cms/src/main/webapp/upload/cms/article/','.png','131191',to_date('2016-07-28 14:16:45','yyyy-mm-dd hh24:mi:ss'));

INSERT INTO SYS_USER (ID,USER_NAME,PASSWORD,NAME,DEPARTMENT_ID,STATE,EMAIL,PHONE,HEAD_ICON) 
VALUES ('3a657ea8ddc745a698d51aeea2183f4d','system','c4ca86dead4518ac4fd6e30172db3d9e','管理员','dad8faf2f3eb4d279ef04decb91ca4c0','1',null,null,'3a657ea8ddc745a698d51aeea2183f4d.png');

INSERT INTO SYS_USER (ID,USER_NAME,PASSWORD,NAME,DEPARTMENT_ID,STATE,EMAIL,PHONE,HEAD_ICON) 
VALUES ('355222f869db4f4fb8a22e6888aabe48','ken','4d9cd77360c3d3ea2917d94eaba4072f','肯','e51ba1c688204117bd08b8ce2393e756','1',null,null,'355222f869db4f4fb8a22e6888aabe48.png');

INSERT INTO SYS_USER (ID,USER_NAME,PASSWORD,NAME,DEPARTMENT_ID,STATE,EMAIL,PHONE,HEAD_ICON) 
VALUES ('11522a6173804d5ea075ca052c76e20c','promise','367603a556093d611ec3789dd9144ee0','一诺','e51ba1c688204117bd08b8ce2393e756','0',null,null,null);

INSERT INTO SYS_USER_ROLE (USER_ID,ROLE_ID) 
VALUES ('11522a6173804d5ea075ca052c76e20c','233e1814d0484ae6ad600a84ae8b2a1b');

INSERT INTO SYS_USER_ROLE (USER_ID,ROLE_ID) 
VALUES ('355222f869db4f4fb8a22e6888aabe48','233e1814d0484ae6ad600a84ae8b2a1b');

INSERT INTO SYS_USER_ROLE (USER_ID,ROLE_ID) 
VALUES ('3a657ea8ddc745a698d51aeea2183f4d','d3f34652eb03447b9cc8bb7375df675d');

create or replace view v_cms_article_collections as
select basic_id,type,count(1) cou from cms_collections group by basic_id,type;

create or replace view v_cms_article_comment as
select basic_id,avg(score) score,count(1) cou from cms_comment where audit_state='N' group by basic_id;

create or replace view v_cms_article_tags as
select id,wm_concat(name) tag from (
select a.id,t.id||':'||t.name name from cms_article a left join cms_tagcloud t on a.tag_id like '%'||t.id||'%' where a.tag_id is not null
) group by id;

create or replace view v_cms_tag_article as
select a.id,t.id tag_id,t.name name from cms_article a left join cms_tagcloud t on a.tag_id like '%'||t.id||'%' where a.tag_id is not null;
