DROP TABLE BO_DEMO CASCADE CONSTRAINTS;
CREATE TABLE BO_DEMO (
ID CHAR(32) not null ,
CREATE_DATE DATE,
CREATE_USER VARCHAR2(50),
UPDATE_DATE DATE,
UPDATE_USER VARCHAR2(50),
REMARKS VARCHAR2(255),
DEL_FLAG CHAR(1),
TREE_ID VARCHAR2(100),
EXPRESSION VARCHAR2(100),
USER_NAME VARCHAR2(100),
USER_SEX VARCHAR2(100),
USER_AGE NUMBER(10),
USER_BIRTHDAY DATE,
USER_ICON VARCHAR2(1000),
USER_SUMMARY CLOB,
DEPARTMENT_ID CHAR(32),
MANAGER_ID CHAR(32),
USER_INFO VARCHAR2(100)
);
ALTER TABLE BO_DEMO ADD CONSTRAINT BO_DEMO_ID PRIMARY KEY (ID);
COMMENT ON TABLE BO_DEMO IS '演示';
COMMENT ON COLUMN BO_DEMO.ID IS '主键';
COMMENT ON COLUMN BO_DEMO.CREATE_DATE IS '创建日期';
COMMENT ON COLUMN BO_DEMO.CREATE_USER IS '创建用户';
COMMENT ON COLUMN BO_DEMO.UPDATE_DATE IS '修改日期';
COMMENT ON COLUMN BO_DEMO.UPDATE_USER IS '修改用户';
COMMENT ON COLUMN BO_DEMO.REMARKS IS '备注信息';
COMMENT ON COLUMN BO_DEMO.DEL_FLAG IS '删除标记';
COMMENT ON COLUMN BO_DEMO.TREE_ID IS '下拉树';
COMMENT ON COLUMN BO_DEMO.EXPRESSION IS '表达式';
COMMENT ON COLUMN BO_DEMO.USER_NAME IS '用户名';
COMMENT ON COLUMN BO_DEMO.USER_SEX IS '用户性别';
COMMENT ON COLUMN BO_DEMO.USER_AGE IS '用户年龄';
COMMENT ON COLUMN BO_DEMO.USER_BIRTHDAY IS '出生日期';
COMMENT ON COLUMN BO_DEMO.USER_ICON IS '用户头像';
COMMENT ON COLUMN BO_DEMO.USER_SUMMARY IS '用户简介';
COMMENT ON COLUMN BO_DEMO.DEPARTMENT_ID IS '所在部门';
COMMENT ON COLUMN BO_DEMO.MANAGER_ID IS '上级领导';
COMMENT ON COLUMN BO_DEMO.USER_INFO IS '选择框';


DROP TABLE BO_INTERFACE_CATALOG CASCADE CONSTRAINTS;
CREATE TABLE BO_INTERFACE_CATALOG (
ID CHAR(32) not null ,
CREATE_DATE DATE,
CREATE_USER VARCHAR2(50),
UPDATE_DATE DATE,
UPDATE_USER VARCHAR2(50),
DEL_FLAG CHAR(1),
NAME VARCHAR2(100) not null ,
PARENT_ID CHAR(32) not null ,
SEQUENCE NUMBER(10)
);
ALTER TABLE BO_INTERFACE_CATALOG ADD CONSTRAINT BO_INTERFACE_CATALOG_ID PRIMARY KEY (ID);
COMMENT ON TABLE BO_INTERFACE_CATALOG IS '接口目录';
COMMENT ON COLUMN BO_INTERFACE_CATALOG.ID IS '主键';
COMMENT ON COLUMN BO_INTERFACE_CATALOG.CREATE_DATE IS '创建日期';
COMMENT ON COLUMN BO_INTERFACE_CATALOG.CREATE_USER IS '创建用户';
COMMENT ON COLUMN BO_INTERFACE_CATALOG.UPDATE_DATE IS '修改日期';
COMMENT ON COLUMN BO_INTERFACE_CATALOG.UPDATE_USER IS '修改用户';
COMMENT ON COLUMN BO_INTERFACE_CATALOG.DEL_FLAG IS '删除标记';
COMMENT ON COLUMN BO_INTERFACE_CATALOG.NAME IS '名称';
COMMENT ON COLUMN BO_INTERFACE_CATALOG.PARENT_ID IS '模块';
COMMENT ON COLUMN BO_INTERFACE_CATALOG.SEQUENCE IS '排序';


DROP TABLE BO_INTERFACE_DESC CASCADE CONSTRAINTS;
CREATE TABLE BO_INTERFACE_DESC (
ID CHAR(32) not null ,
CREATE_DATE DATE,
CREATE_USER VARCHAR2(50),
UPDATE_DATE DATE,
UPDATE_USER VARCHAR2(50),
DEL_FLAG CHAR(1),
NAME VARCHAR2(100) not null ,
URL VARCHAR2(1000) not null ,
METHOD VARCHAR2(100),
PARAMETER VARCHAR2(4000),
RETURN_VALUE VARCHAR2(4000),
EXCLUDES VARCHAR2(4000),
CATALOG_ID CHAR(32),
SEQUENCE NUMBER(10),
TYPE VARCHAR2(100)
);
ALTER TABLE BO_INTERFACE_DESC ADD CONSTRAINT BO_INTERFACE_DESC_ID PRIMARY KEY (ID);
COMMENT ON TABLE BO_INTERFACE_DESC IS '接口描述';
COMMENT ON COLUMN BO_INTERFACE_DESC.ID IS '主键';
COMMENT ON COLUMN BO_INTERFACE_DESC.CREATE_DATE IS '创建日期';
COMMENT ON COLUMN BO_INTERFACE_DESC.CREATE_USER IS '创建用户';
COMMENT ON COLUMN BO_INTERFACE_DESC.UPDATE_DATE IS '修改日期';
COMMENT ON COLUMN BO_INTERFACE_DESC.UPDATE_USER IS '修改用户';
COMMENT ON COLUMN BO_INTERFACE_DESC.DEL_FLAG IS '删除标记';
COMMENT ON COLUMN BO_INTERFACE_DESC.NAME IS '名称';
COMMENT ON COLUMN BO_INTERFACE_DESC.URL IS '接口地址';
COMMENT ON COLUMN BO_INTERFACE_DESC.METHOD IS '提交方式';
COMMENT ON COLUMN BO_INTERFACE_DESC.PARAMETER IS '参数';
COMMENT ON COLUMN BO_INTERFACE_DESC.RETURN_VALUE IS '返回值';
COMMENT ON COLUMN BO_INTERFACE_DESC.EXCLUDES IS '不返回字段';
COMMENT ON COLUMN BO_INTERFACE_DESC.CATALOG_ID IS '接口目录';
COMMENT ON COLUMN BO_INTERFACE_DESC.SEQUENCE IS '排序';
COMMENT ON COLUMN BO_INTERFACE_DESC.TYPE IS '类型';


DROP TABLE JOB_QUARTZ_CONF CASCADE CONSTRAINTS;
CREATE TABLE JOB_QUARTZ_CONF (
ID CHAR(32) not null ,
CREATE_DATE DATE,
CREATE_USER VARCHAR2(50),
UPDATE_DATE DATE,
UPDATE_USER VARCHAR2(50),
REMARKS VARCHAR2(255),
DEL_FLAG CHAR(1),
JOB_NAME VARCHAR2(100) not null ,
ALIAS_NAME VARCHAR2(100) not null ,
JOB_GROUP VARCHAR2(100) not null ,
JOB_TRIGGER VARCHAR2(1000),
CRON_EXPRESSION VARCHAR2(100),
IS_SYNC VARCHAR2(100),
DESCRIPTION VARCHAR2(2000),
STATUS VARCHAR2(100),
JOB_CLASS VARCHAR2(500) not null ,
START_AT DATE,
END_AT DATE
);
ALTER TABLE JOB_QUARTZ_CONF ADD CONSTRAINT JOB_QUARTZ_CONF_ID PRIMARY KEY (ID);
COMMENT ON TABLE JOB_QUARTZ_CONF IS '定时任务计划配置';
COMMENT ON COLUMN JOB_QUARTZ_CONF.ID IS '主键';
COMMENT ON COLUMN JOB_QUARTZ_CONF.CREATE_DATE IS '创建日期';
COMMENT ON COLUMN JOB_QUARTZ_CONF.CREATE_USER IS '创建用户';
COMMENT ON COLUMN JOB_QUARTZ_CONF.UPDATE_DATE IS '修改日期';
COMMENT ON COLUMN JOB_QUARTZ_CONF.UPDATE_USER IS '修改用户';
COMMENT ON COLUMN JOB_QUARTZ_CONF.REMARKS IS '备注信息';
COMMENT ON COLUMN JOB_QUARTZ_CONF.DEL_FLAG IS '删除标记';
COMMENT ON COLUMN JOB_QUARTZ_CONF.JOB_NAME IS '任务名';
COMMENT ON COLUMN JOB_QUARTZ_CONF.ALIAS_NAME IS '任务别名';
COMMENT ON COLUMN JOB_QUARTZ_CONF.JOB_GROUP IS '任务分组';
COMMENT ON COLUMN JOB_QUARTZ_CONF.JOB_TRIGGER IS '任务触发器';
COMMENT ON COLUMN JOB_QUARTZ_CONF.CRON_EXPRESSION IS 'cron表达式';
COMMENT ON COLUMN JOB_QUARTZ_CONF.IS_SYNC IS '是否异步';
COMMENT ON COLUMN JOB_QUARTZ_CONF.DESCRIPTION IS '任务描述';
COMMENT ON COLUMN JOB_QUARTZ_CONF.STATUS IS '任务状态';
COMMENT ON COLUMN JOB_QUARTZ_CONF.JOB_CLASS IS '任务主体';
COMMENT ON COLUMN JOB_QUARTZ_CONF.START_AT IS '任务开始时间';
COMMENT ON COLUMN JOB_QUARTZ_CONF.END_AT IS '任务结束时间';


DROP TABLE MOD_TABLE CASCADE CONSTRAINTS;
CREATE TABLE MOD_TABLE (
ID CHAR(32) not null ,
CREATE_DATE DATE,
CREATE_USER VARCHAR2(50),
UPDATE_DATE DATE,
UPDATE_USER VARCHAR2(50),
NAME VARCHAR2(200),
COMMENTS VARCHAR2(500),
PARENT_TABLE VARCHAR2(200),
PARENT_TABLE_FK VARCHAR2(100),
REMARKS VARCHAR2(255),
DEL_FLAG CHAR(1),
CATEGORY VARCHAR2(50)
);
ALTER TABLE MOD_TABLE ADD CONSTRAINT MOD_TABLE_ID PRIMARY KEY (ID);
COMMENT ON TABLE MOD_TABLE IS '业务表';
COMMENT ON COLUMN MOD_TABLE.ID IS '主键';
COMMENT ON COLUMN MOD_TABLE.CREATE_DATE IS '创建日期';
COMMENT ON COLUMN MOD_TABLE.CREATE_USER IS '创建用户';
COMMENT ON COLUMN MOD_TABLE.UPDATE_DATE IS '修改日期';
COMMENT ON COLUMN MOD_TABLE.UPDATE_USER IS '修改用户';
COMMENT ON COLUMN MOD_TABLE.NAME IS '名称';
COMMENT ON COLUMN MOD_TABLE.COMMENTS IS '描述';
COMMENT ON COLUMN MOD_TABLE.PARENT_TABLE IS '关联父表';
COMMENT ON COLUMN MOD_TABLE.PARENT_TABLE_FK IS '关联父表外键';
COMMENT ON COLUMN MOD_TABLE.REMARKS IS '备注信息';
COMMENT ON COLUMN MOD_TABLE.DEL_FLAG IS '删除标记（0：正常；1：删除）';
COMMENT ON COLUMN MOD_TABLE.CATEGORY IS '分类';


DROP TABLE MOD_TABLE_COLUMN CASCADE CONSTRAINTS;
CREATE TABLE MOD_TABLE_COLUMN (
ID CHAR(32) not null ,
CREATE_DATE DATE,
CREATE_USER VARCHAR2(50),
UPDATE_DATE DATE,
UPDATE_USER VARCHAR2(200),
TABLE_NAME VARCHAR2(200),
NAME VARCHAR2(200),
COMMENTS VARCHAR2(200),
JDBC_TYPE VARCHAR2(200),
JDBC_LENGTH VARCHAR2(200),
IS_NULL CHAR(1),
IS_EDIT CHAR(1),
CATEGORY VARCHAR2(200),
DEFAULT_VALUE VARCHAR2(4000),
VALID_TYPE VARCHAR2(200),
SETTINGS VARCHAR2(4000),
REMARKS VARCHAR2(255),
DEL_FLAG CHAR(1),
HTML_INNER VARCHAR2(4000),
IS_LIST CHAR(1),
IS_QUERY CHAR(1),
LIST_WIDTH NUMBER(10,2),
QUERY_WIDTH NUMBER(10,2)
);
ALTER TABLE MOD_TABLE_COLUMN ADD CONSTRAINT MOD_TABLE_COLUMN_ID PRIMARY KEY (ID);
COMMENT ON TABLE MOD_TABLE_COLUMN IS '业务表字段';
COMMENT ON COLUMN MOD_TABLE_COLUMN.ID IS '主键';
COMMENT ON COLUMN MOD_TABLE_COLUMN.CREATE_DATE IS '创建日期';
COMMENT ON COLUMN MOD_TABLE_COLUMN.CREATE_USER IS '创建用户';
COMMENT ON COLUMN MOD_TABLE_COLUMN.UPDATE_DATE IS '修改日期';
COMMENT ON COLUMN MOD_TABLE_COLUMN.UPDATE_USER IS '修改用户';
COMMENT ON COLUMN MOD_TABLE_COLUMN.TABLE_NAME IS '业务表';
COMMENT ON COLUMN MOD_TABLE_COLUMN.NAME IS '列名';
COMMENT ON COLUMN MOD_TABLE_COLUMN.COMMENTS IS '注释';
COMMENT ON COLUMN MOD_TABLE_COLUMN.JDBC_TYPE IS '数据库类型及长度';
COMMENT ON COLUMN MOD_TABLE_COLUMN.JDBC_LENGTH IS '是否主键';
COMMENT ON COLUMN MOD_TABLE_COLUMN.IS_NULL IS '是否可为空';
COMMENT ON COLUMN MOD_TABLE_COLUMN.IS_EDIT IS '是否编辑字段';
COMMENT ON COLUMN MOD_TABLE_COLUMN.CATEGORY IS '字段生成方案';
COMMENT ON COLUMN MOD_TABLE_COLUMN.DEFAULT_VALUE IS '默认值';
COMMENT ON COLUMN MOD_TABLE_COLUMN.VALID_TYPE IS '校验类型';
COMMENT ON COLUMN MOD_TABLE_COLUMN.SETTINGS IS '扩展设置';
COMMENT ON COLUMN MOD_TABLE_COLUMN.REMARKS IS '备注信息';
COMMENT ON COLUMN MOD_TABLE_COLUMN.DEL_FLAG IS '删除标记（0：正常；1：删除）';
COMMENT ON COLUMN MOD_TABLE_COLUMN.HTML_INNER IS '代码扩展';
COMMENT ON COLUMN MOD_TABLE_COLUMN.IS_LIST IS '是否列表字段';
COMMENT ON COLUMN MOD_TABLE_COLUMN.IS_QUERY IS '是否查询字段';
COMMENT ON COLUMN MOD_TABLE_COLUMN.LIST_WIDTH IS '列表显示宽度';
COMMENT ON COLUMN MOD_TABLE_COLUMN.QUERY_WIDTH IS '查询框宽度';


DROP TABLE SYS_DEPARTMENT CASCADE CONSTRAINTS;
CREATE TABLE SYS_DEPARTMENT (
ID CHAR(32) not null ,
PARENT_ID CHAR(32),
SEQUENCE NUMBER(10),
NAME VARCHAR2(50),
CODE VARCHAR2(100)
);
ALTER TABLE SYS_DEPARTMENT ADD CONSTRAINT SYS_DEPARTMENT_ID PRIMARY KEY (ID);
COMMENT ON TABLE SYS_DEPARTMENT IS '部门';
COMMENT ON COLUMN SYS_DEPARTMENT.ID IS '主键';
COMMENT ON COLUMN SYS_DEPARTMENT.PARENT_ID IS '外键';
COMMENT ON COLUMN SYS_DEPARTMENT.SEQUENCE IS '排序';
COMMENT ON COLUMN SYS_DEPARTMENT.NAME IS '部门名称';
COMMENT ON COLUMN SYS_DEPARTMENT.CODE IS '部门编号';


DROP TABLE SYS_DICT CASCADE CONSTRAINTS;
CREATE TABLE SYS_DICT (
ID CHAR(32) not null ,
VALUE VARCHAR2(50),
LABEL VARCHAR2(50),
CATEGORY VARCHAR2(50),
DESCRIPTION VARCHAR2(50),
SEQUENCE NUMBER(10),
PARENT_ID CHAR(32)
);
ALTER TABLE SYS_DICT ADD CONSTRAINT SYS_DICT_ID PRIMARY KEY (ID);
COMMENT ON TABLE SYS_DICT IS '系统字典';
COMMENT ON COLUMN SYS_DICT.ID IS '主键';
COMMENT ON COLUMN SYS_DICT.VALUE IS '数据值';
COMMENT ON COLUMN SYS_DICT.LABEL IS '标签名';
COMMENT ON COLUMN SYS_DICT.CATEGORY IS '分类';
COMMENT ON COLUMN SYS_DICT.DESCRIPTION IS '描述';
COMMENT ON COLUMN SYS_DICT.SEQUENCE IS '排序';
COMMENT ON COLUMN SYS_DICT.PARENT_ID IS '父主键';


DROP TABLE SYS_LOG CASCADE CONSTRAINTS;
CREATE TABLE SYS_LOG (
ID CHAR(32) not null ,
TYPE CHAR(1),
TITLE VARCHAR2(500),
CREATE_USER VARCHAR2(64),
CREATE_DATE DATE,
REMOTE_ADDR VARCHAR2(255),
USER_AGENT VARCHAR2(255),
REQUEST_URI VARCHAR2(255),
METHOD VARCHAR2(5),
PARAMS CLOB,
EXCEPTION CLOB,
SPEND_TIME NUMBER(10)
);
ALTER TABLE SYS_LOG ADD CONSTRAINT SYS_C0034914 PRIMARY KEY (ID);
COMMENT ON TABLE SYS_LOG IS '日志表';
COMMENT ON COLUMN SYS_LOG.ID IS '主键';
COMMENT ON COLUMN SYS_LOG.TYPE IS '日志类型';
COMMENT ON COLUMN SYS_LOG.TITLE IS '日志标题';
COMMENT ON COLUMN SYS_LOG.CREATE_USER IS '创建者';
COMMENT ON COLUMN SYS_LOG.CREATE_DATE IS '创建时间';
COMMENT ON COLUMN SYS_LOG.REMOTE_ADDR IS '操作用户的IP地址';
COMMENT ON COLUMN SYS_LOG.USER_AGENT IS '操作用户代理信息';
COMMENT ON COLUMN SYS_LOG.REQUEST_URI IS '操作的URI';
COMMENT ON COLUMN SYS_LOG.METHOD IS '操作的方式';
COMMENT ON COLUMN SYS_LOG.PARAMS IS '操作提交的数据';
COMMENT ON COLUMN SYS_LOG.EXCEPTION IS '异常信息';
COMMENT ON COLUMN SYS_LOG.SPEND_TIME IS '耗费时间';


DROP TABLE SYS_MENU CASCADE CONSTRAINTS;
CREATE TABLE SYS_MENU (
ID CHAR(32) not null ,
PARENT_ID CHAR(32),
NAME VARCHAR2(50),
URL VARCHAR2(500),
SEQUENCE NUMBER(10),
ICON VARCHAR2(50),
TARGET VARCHAR2(50)
);
ALTER TABLE SYS_MENU ADD CONSTRAINT SYS_MENU_ID PRIMARY KEY (ID);
COMMENT ON TABLE SYS_MENU IS '导航菜单';
COMMENT ON COLUMN SYS_MENU.ID IS '主键';
COMMENT ON COLUMN SYS_MENU.PARENT_ID IS '外键';
COMMENT ON COLUMN SYS_MENU.NAME IS '名称';
COMMENT ON COLUMN SYS_MENU.URL IS 'URL';
COMMENT ON COLUMN SYS_MENU.SEQUENCE IS '排序';
COMMENT ON COLUMN SYS_MENU.ICON IS '图标';
COMMENT ON COLUMN SYS_MENU.TARGET IS '打开方式';


DROP TABLE SYS_MODULE CASCADE CONSTRAINTS;
CREATE TABLE SYS_MODULE (
ID CHAR(32) not null ,
NAME VARCHAR2(50),
SHIRO VARCHAR2(50)
);
ALTER TABLE SYS_MODULE ADD CONSTRAINT SYS_MODULE_ID PRIMARY KEY (ID);
COMMENT ON TABLE SYS_MODULE IS '系统模块';
COMMENT ON COLUMN SYS_MODULE.ID IS '主键';
COMMENT ON COLUMN SYS_MODULE.NAME IS '模块名称';
COMMENT ON COLUMN SYS_MODULE.SHIRO IS '权限';


DROP TABLE SYS_MODULE_PERMISSION CASCADE CONSTRAINTS;
CREATE TABLE SYS_MODULE_PERMISSION (
MODULE_ID CHAR(32) not null ,
PERMISSION_ID VARCHAR2(50) not null 
);
ALTER TABLE SYS_MODULE_PERMISSION ADD CONSTRAINT SYS_MODULE_PERMISSION_ID PRIMARY KEY (MODULE_ID,PERMISSION_ID);
COMMENT ON TABLE SYS_MODULE_PERMISSION IS '模块权限';
COMMENT ON COLUMN SYS_MODULE_PERMISSION.MODULE_ID IS '模块主键';
COMMENT ON COLUMN SYS_MODULE_PERMISSION.PERMISSION_ID IS '权限主键';


DROP TABLE SYS_PERMISSION CASCADE CONSTRAINTS;
CREATE TABLE SYS_PERMISSION (
ID VARCHAR2(50) not null ,
SEQUENCE NUMBER(10),
NAME VARCHAR2(50)
);
ALTER TABLE SYS_PERMISSION ADD CONSTRAINT SYS_PERMISSION_ID PRIMARY KEY (ID);
COMMENT ON TABLE SYS_PERMISSION IS '权限';
COMMENT ON COLUMN SYS_PERMISSION.ID IS '主键';
COMMENT ON COLUMN SYS_PERMISSION.SEQUENCE IS '排序';
COMMENT ON COLUMN SYS_PERMISSION.NAME IS '权限名';


DROP TABLE SYS_ROLE CASCADE CONSTRAINTS;
CREATE TABLE SYS_ROLE (
ID CHAR(32) not null ,
NAME VARCHAR2(50),
SHIRO VARCHAR2(50)
);
ALTER TABLE SYS_ROLE ADD CONSTRAINT SYS_ROLE_ID PRIMARY KEY (ID);
COMMENT ON TABLE SYS_ROLE IS '角色';
COMMENT ON COLUMN SYS_ROLE.ID IS '主键';
COMMENT ON COLUMN SYS_ROLE.NAME IS '角色名';
COMMENT ON COLUMN SYS_ROLE.SHIRO IS '权限';


DROP TABLE SYS_ROLE_MENU CASCADE CONSTRAINTS;
CREATE TABLE SYS_ROLE_MENU (
ROLE_ID CHAR(32) not null ,
MENU_ID CHAR(32) not null 
);
ALTER TABLE SYS_ROLE_MENU ADD CONSTRAINT SYS_ROLE_MENU_ID PRIMARY KEY (ROLE_ID,MENU_ID);
COMMENT ON TABLE SYS_ROLE_MENU IS '角色菜单';
COMMENT ON COLUMN SYS_ROLE_MENU.ROLE_ID IS '角色主键';
COMMENT ON COLUMN SYS_ROLE_MENU.MENU_ID IS '菜单主键';


DROP TABLE SYS_ROLE_MODULE CASCADE CONSTRAINTS;
CREATE TABLE SYS_ROLE_MODULE (
ROLE_ID CHAR(32) not null ,
MODULE_ID CHAR(32) not null 
);
ALTER TABLE SYS_ROLE_MODULE ADD CONSTRAINT SYS_ROLE_MODULE_ID PRIMARY KEY (ROLE_ID,MODULE_ID);
COMMENT ON TABLE SYS_ROLE_MODULE IS '角色模块';
COMMENT ON COLUMN SYS_ROLE_MODULE.ROLE_ID IS '角色主键';
COMMENT ON COLUMN SYS_ROLE_MODULE.MODULE_ID IS '模块主键';


DROP TABLE SYS_SKINS CASCADE CONSTRAINTS;
CREATE TABLE SYS_SKINS (
ID CHAR(32) not null ,
NAME VARCHAR2(50),
URL VARCHAR2(100),
STATE VARCHAR2(1),
MAIN VARCHAR2(100)
);
ALTER TABLE SYS_SKINS ADD CONSTRAINT SYS_SKINS_ID PRIMARY KEY (ID);
COMMENT ON TABLE SYS_SKINS IS '系统皮肤';
COMMENT ON COLUMN SYS_SKINS.ID IS '主键';
COMMENT ON COLUMN SYS_SKINS.NAME IS '说明';
COMMENT ON COLUMN SYS_SKINS.URL IS '路径';
COMMENT ON COLUMN SYS_SKINS.STATE IS '状态';
COMMENT ON COLUMN SYS_SKINS.MAIN IS '页面';


DROP TABLE SYS_UPLOADFILE CASCADE CONSTRAINTS;
CREATE TABLE SYS_UPLOADFILE (
ID CHAR(32),
VIEWNAME VARCHAR2(100),
REALNAME VARCHAR2(100),
URL VARCHAR2(500),
REALURL VARCHAR2(500),
SUFFIX VARCHAR2(10),
FILESIZE VARCHAR2(50),
CREATEDATE DATE
);

COMMENT ON TABLE SYS_UPLOADFILE IS '系统附件表';
COMMENT ON COLUMN SYS_UPLOADFILE.ID IS '主键';
COMMENT ON COLUMN SYS_UPLOADFILE.VIEWNAME IS '文件原名';
COMMENT ON COLUMN SYS_UPLOADFILE.REALNAME IS '文件存储名';
COMMENT ON COLUMN SYS_UPLOADFILE.URL IS 'WEB访问路径';
COMMENT ON COLUMN SYS_UPLOADFILE.REALURL IS '服务器真实路径';
COMMENT ON COLUMN SYS_UPLOADFILE.SUFFIX IS '后缀名';
COMMENT ON COLUMN SYS_UPLOADFILE.FILESIZE IS '文件大小';
COMMENT ON COLUMN SYS_UPLOADFILE.CREATEDATE IS '上传时间';


DROP TABLE SYS_USER CASCADE CONSTRAINTS;
CREATE TABLE SYS_USER (
ID CHAR(32) not null ,
USER_NAME VARCHAR2(50),
PASSWORD VARCHAR2(50),
NAME VARCHAR2(50),
DEPARTMENT_ID CHAR(32),
STATE CHAR(1),
EMAIL VARCHAR2(50),
PHONE VARCHAR2(50),
HEAD_ICON VARCHAR2(100)
);
ALTER TABLE SYS_USER ADD CONSTRAINT SYS_USER_ID PRIMARY KEY (ID);
COMMENT ON TABLE SYS_USER IS '用户信息';
COMMENT ON COLUMN SYS_USER.ID IS '主键';
COMMENT ON COLUMN SYS_USER.USER_NAME IS '账号';
COMMENT ON COLUMN SYS_USER.PASSWORD IS '密码';
COMMENT ON COLUMN SYS_USER.NAME IS '用户名';
COMMENT ON COLUMN SYS_USER.DEPARTMENT_ID IS '部门';
COMMENT ON COLUMN SYS_USER.STATE IS '状态';
COMMENT ON COLUMN SYS_USER.EMAIL IS '邮箱';
COMMENT ON COLUMN SYS_USER.PHONE IS '电话';
COMMENT ON COLUMN SYS_USER.HEAD_ICON IS '头像';


DROP TABLE SYS_USER_ROLE CASCADE CONSTRAINTS;
CREATE TABLE SYS_USER_ROLE (
USER_ID CHAR(32) not null ,
ROLE_ID CHAR(32) not null 
);
ALTER TABLE SYS_USER_ROLE ADD CONSTRAINT SYS_USER_ROLE_ID PRIMARY KEY (USER_ID,ROLE_ID);
COMMENT ON TABLE SYS_USER_ROLE IS '用户角色';
COMMENT ON COLUMN SYS_USER_ROLE.USER_ID IS '用户主键';
COMMENT ON COLUMN SYS_USER_ROLE.ROLE_ID IS '角色主键';


INSERT INTO BO_DEMO (ID,CREATE_DATE,CREATE_USER,UPDATE_DATE,UPDATE_USER,REMARKS,DEL_FLAG,TREE_ID,EXPRESSION,USER_NAME,USER_SEX,USER_AGE,USER_BIRTHDAY,USER_ICON,USER_SUMMARY,DEPARTMENT_ID,MANAGER_ID,USER_INFO) 
VALUES ('6b62401d7bed480ea40619900e1f4e4f',to_date('2016-04-21 14:01:52','yyyy-mm-dd hh24:mi:ss'),'system',to_date('2016-07-06 20:10:00','yyyy-mm-dd hh24:mi:ss'),'system',null,null,'11522a6173804d5ea075ca052c76e20c','登录了','sysp','M',3,to_date('2013-06-04 00:00:00','yyyy-mm-dd hh24:mi:ss'),null,'<p>简介  </p>','e51ba1c688204117bd08b8ce2393e756','355222f869db4f4fb8a22e6888aabe48',null);

INSERT INTO BO_INTERFACE_CATALOG (ID,CREATE_DATE,CREATE_USER,UPDATE_DATE,UPDATE_USER,DEL_FLAG,NAME,PARENT_ID,SEQUENCE) 
VALUES ('7cb68a1f3ca3473ca69f069ae711f9ac',to_date('2016-05-27 10:23:10','yyyy-mm-dd hh24:mi:ss'),'system',to_date('2016-05-27 10:23:10','yyyy-mm-dd hh24:mi:ss'),null,null,'系统接口','00000000000000000000000000000000',10);

INSERT INTO JOB_QUARTZ_CONF (ID,CREATE_DATE,CREATE_USER,UPDATE_DATE,UPDATE_USER,REMARKS,DEL_FLAG,JOB_NAME,ALIAS_NAME,JOB_GROUP,JOB_TRIGGER,CRON_EXPRESSION,IS_SYNC,DESCRIPTION,STATUS,JOB_CLASS,START_AT,END_AT) 
VALUES ('e4039577137f40c98d6490b40e4ee452',to_date('2016-04-08 15:21:18','yyyy-mm-dd hh24:mi:ss'),'system',to_date('2016-04-08 16:47:10','yyyy-mm-dd hh24:mi:ss'),'system',null,null,'demoJob1','示例任务1','com_job','triggerdemoJob1','0/5 * * * * ?','N',null,'PAUSED','com.seeyoui.kensite.framework.quartz.job.SimpleJob',null,null);

INSERT INTO JOB_QUARTZ_CONF (ID,CREATE_DATE,CREATE_USER,UPDATE_DATE,UPDATE_USER,REMARKS,DEL_FLAG,JOB_NAME,ALIAS_NAME,JOB_GROUP,JOB_TRIGGER,CRON_EXPRESSION,IS_SYNC,DESCRIPTION,STATUS,JOB_CLASS,START_AT,END_AT) 
VALUES ('eb4be21a761a4d239e5f9536f78af6a8',to_date('2016-04-11 09:21:13','yyyy-mm-dd hh24:mi:ss'),'system',to_date('2016-04-11 09:21:28','yyyy-mm-dd hh24:mi:ss'),'system',null,null,'demoJob2','示例任务2','com_job','triggerdemoJob2','0/5 * * * * ?',null,null,'PAUSED','com.seeyoui.kensite.framework.quartz.job.SimpleJob1',null,null);

INSERT INTO MOD_TABLE (ID,CREATE_DATE,CREATE_USER,UPDATE_DATE,UPDATE_USER,NAME,COMMENTS,PARENT_TABLE,PARENT_TABLE_FK,REMARKS,DEL_FLAG,CATEGORY) 
VALUES ('b0b0cf906df34ddfae7015002b7efb5c',to_date('2015-12-09 08:31:48','yyyy-mm-dd hh24:mi:ss'),'system',to_date('2015-12-09 08:31:48','yyyy-mm-dd hh24:mi:ss'),null,'BO_INTERFACE_CATALOG','接口目录',null,null,null,'0','普通表');

INSERT INTO MOD_TABLE (ID,CREATE_DATE,CREATE_USER,UPDATE_DATE,UPDATE_USER,NAME,COMMENTS,PARENT_TABLE,PARENT_TABLE_FK,REMARKS,DEL_FLAG,CATEGORY) 
VALUES ('5238f55b192a4392a6e1422d35c12cc2',to_date('2015-12-09 08:32:11','yyyy-mm-dd hh24:mi:ss'),'system',to_date('2015-12-09 08:32:11','yyyy-mm-dd hh24:mi:ss'),null,'BO_INTERFACE_DESC','接口描述',null,null,null,'0','普通表');

INSERT INTO MOD_TABLE (ID,CREATE_DATE,CREATE_USER,UPDATE_DATE,UPDATE_USER,NAME,COMMENTS,PARENT_TABLE,PARENT_TABLE_FK,REMARKS,DEL_FLAG,CATEGORY) 
VALUES ('c8ab465058644015a494fa32302fef9c',to_date('2015-12-28 14:20:59','yyyy-mm-dd hh24:mi:ss'),'system',to_date('2015-12-28 14:20:59','yyyy-mm-dd hh24:mi:ss'),null,'BO_DEMO','演示',null,null,null,null,'普通表');

INSERT INTO MOD_TABLE (ID,CREATE_DATE,CREATE_USER,UPDATE_DATE,UPDATE_USER,NAME,COMMENTS,PARENT_TABLE,PARENT_TABLE_FK,REMARKS,DEL_FLAG,CATEGORY) 
VALUES ('d7e5014fa38f4dc69e13346860ff9aed',to_date('2016-04-08 10:43:56','yyyy-mm-dd hh24:mi:ss'),'system',to_date('2016-04-08 10:43:56','yyyy-mm-dd hh24:mi:ss'),null,'JOB_QUARTZ_CONF','定时任务计划配置',null,null,null,null,'普通表');

INSERT INTO MOD_TABLE_COLUMN (ID,CREATE_DATE,CREATE_USER,UPDATE_DATE,UPDATE_USER,TABLE_NAME,NAME,COMMENTS,JDBC_TYPE,JDBC_LENGTH,IS_NULL,IS_EDIT,CATEGORY,DEFAULT_VALUE,VALID_TYPE,SETTINGS,REMARKS,DEL_FLAG,HTML_INNER,IS_LIST,IS_QUERY,LIST_WIDTH,QUERY_WIDTH) 
VALUES ('30128baeb34448d5a7dfa57d42963e48',to_date('2016-04-08 15:00:46','yyyy-mm-dd hh24:mi:ss'),'system',to_date('2016-04-08 15:00:46','yyyy-mm-dd hh24:mi:ss'),null,'JOB_QUARTZ_CONF','END_AT','任务结束时间','DATE',null,'Y','Y','datebox',null,null,'dateFmt:''yyyy-MM-dd HH:mm:ss'',maxDate:'''',minDate:''''',null,null,null,'Y','N',null,null);

INSERT INTO MOD_TABLE_COLUMN (ID,CREATE_DATE,CREATE_USER,UPDATE_DATE,UPDATE_USER,TABLE_NAME,NAME,COMMENTS,JDBC_TYPE,JDBC_LENGTH,IS_NULL,IS_EDIT,CATEGORY,DEFAULT_VALUE,VALID_TYPE,SETTINGS,REMARKS,DEL_FLAG,HTML_INNER,IS_LIST,IS_QUERY,LIST_WIDTH,QUERY_WIDTH) 
VALUES ('336c76921fef477a9dc8f96f5d2a08ac',to_date('2016-06-01 19:43:41','yyyy-mm-dd hh24:mi:ss'),'system',to_date('2016-06-01 21:04:32','yyyy-mm-dd hh24:mi:ss'),'system','PLAN_TEAM_LEAGUER','TEAM_ID','团队','CHAR','32','Y','N','combobox',null,null,'SQL>select id,name from plan_team|id|name',null,null,null,'Y','N',null,null);

INSERT INTO MOD_TABLE_COLUMN (ID,CREATE_DATE,CREATE_USER,UPDATE_DATE,UPDATE_USER,TABLE_NAME,NAME,COMMENTS,JDBC_TYPE,JDBC_LENGTH,IS_NULL,IS_EDIT,CATEGORY,DEFAULT_VALUE,VALID_TYPE,SETTINGS,REMARKS,DEL_FLAG,HTML_INNER,IS_LIST,IS_QUERY,LIST_WIDTH,QUERY_WIDTH) 
VALUES ('7ec60367e8bf4525bd2a71560aa32502',to_date('2016-06-01 19:49:21','yyyy-mm-dd hh24:mi:ss'),'system',to_date('2016-06-01 20:40:08','yyyy-mm-dd hh24:mi:ss'),'system','PLAN_PROJECT','LEADER','负责人','CHAR','32','Y','Y','combobox',null,null,'SQL>select id,name from sys_user|id|name',null,null,null,'Y','N',null,null);

INSERT INTO MOD_TABLE_COLUMN (ID,CREATE_DATE,CREATE_USER,UPDATE_DATE,UPDATE_USER,TABLE_NAME,NAME,COMMENTS,JDBC_TYPE,JDBC_LENGTH,IS_NULL,IS_EDIT,CATEGORY,DEFAULT_VALUE,VALID_TYPE,SETTINGS,REMARKS,DEL_FLAG,HTML_INNER,IS_LIST,IS_QUERY,LIST_WIDTH,QUERY_WIDTH) 
VALUES ('131720933c8c4966b6b5165eefc27671',to_date('2016-06-01 20:05:46','yyyy-mm-dd hh24:mi:ss'),'system',to_date('2016-06-02 08:53:27','yyyy-mm-dd hh24:mi:ss'),'system','PLAN_TASK','SEQUENCE','优先级','NUMBER','10','N','Y','combobox','3',null,'DICT>3088229ba0824493a1b18fd2e39e2762',null,null,null,'Y','N',null,null);

INSERT INTO MOD_TABLE_COLUMN (ID,CREATE_DATE,CREATE_USER,UPDATE_DATE,UPDATE_USER,TABLE_NAME,NAME,COMMENTS,JDBC_TYPE,JDBC_LENGTH,IS_NULL,IS_EDIT,CATEGORY,DEFAULT_VALUE,VALID_TYPE,SETTINGS,REMARKS,DEL_FLAG,HTML_INNER,IS_LIST,IS_QUERY,LIST_WIDTH,QUERY_WIDTH) 
VALUES ('75150353f8794e008347967ac538dc52',to_date('2016-06-06 20:12:36','yyyy-mm-dd hh24:mi:ss'),'system',to_date('2016-06-07 15:48:46','yyyy-mm-dd hh24:mi:ss'),'system','PLAN_TASK_DELAY','DELAY_FINISH_DATE','延期后完成日期','DATE',null,'N','Y','datebox',null,null,'dateFmt:''yyyy-MM-dd'',maxDate:'''',minDate:''''',null,null,null,'Y','N',null,null);

INSERT INTO MOD_TABLE_COLUMN (ID,CREATE_DATE,CREATE_USER,UPDATE_DATE,UPDATE_USER,TABLE_NAME,NAME,COMMENTS,JDBC_TYPE,JDBC_LENGTH,IS_NULL,IS_EDIT,CATEGORY,DEFAULT_VALUE,VALID_TYPE,SETTINGS,REMARKS,DEL_FLAG,HTML_INNER,IS_LIST,IS_QUERY,LIST_WIDTH,QUERY_WIDTH) 
VALUES ('bee813e18cfc46e19e953db99f75c25f',to_date('2016-06-02 08:23:40','yyyy-mm-dd hh24:mi:ss'),'system',to_date('2016-06-02 08:23:40','yyyy-mm-dd hh24:mi:ss'),null,'PLAN_PROJECT','TEAM_ID','团队','CHAR','32','Y','Y','combobox',null,null,'SQL>select id,name from plan_team|id|name',null,null,null,'Y','Y',null,null);

INSERT INTO MOD_TABLE_COLUMN (ID,CREATE_DATE,CREATE_USER,UPDATE_DATE,UPDATE_USER,TABLE_NAME,NAME,COMMENTS,JDBC_TYPE,JDBC_LENGTH,IS_NULL,IS_EDIT,CATEGORY,DEFAULT_VALUE,VALID_TYPE,SETTINGS,REMARKS,DEL_FLAG,HTML_INNER,IS_LIST,IS_QUERY,LIST_WIDTH,QUERY_WIDTH) 
VALUES ('48fd9585e88b44f391c66f0f371ba879',to_date('2016-04-08 10:57:02','yyyy-mm-dd hh24:mi:ss'),'system',to_date('2016-04-08 10:57:02','yyyy-mm-dd hh24:mi:ss'),null,'JOB_QUARTZ_CONF','ALIAS_NAME','任务别名','VARCHAR2','100','N','Y','textbox',null,null,'prompt:''''',null,null,null,'Y','Y',null,null);

INSERT INTO MOD_TABLE_COLUMN (ID,CREATE_DATE,CREATE_USER,UPDATE_DATE,UPDATE_USER,TABLE_NAME,NAME,COMMENTS,JDBC_TYPE,JDBC_LENGTH,IS_NULL,IS_EDIT,CATEGORY,DEFAULT_VALUE,VALID_TYPE,SETTINGS,REMARKS,DEL_FLAG,HTML_INNER,IS_LIST,IS_QUERY,LIST_WIDTH,QUERY_WIDTH) 
VALUES ('4304e011e36c4d77ba24e3e33d0a5f2d',to_date('2016-04-08 11:02:19','yyyy-mm-dd hh24:mi:ss'),'system',to_date('2016-04-08 11:02:19','yyyy-mm-dd hh24:mi:ss'),null,'JOB_QUARTZ_CONF','IS_SYNC','是否异步','VARCHAR2','100','Y','Y','combobox',null,null,'DICT>0469a2108e854bbc83d5afa7b3367676',null,null,null,'Y','Y',null,null);

INSERT INTO MOD_TABLE_COLUMN (ID,CREATE_DATE,CREATE_USER,UPDATE_DATE,UPDATE_USER,TABLE_NAME,NAME,COMMENTS,JDBC_TYPE,JDBC_LENGTH,IS_NULL,IS_EDIT,CATEGORY,DEFAULT_VALUE,VALID_TYPE,SETTINGS,REMARKS,DEL_FLAG,HTML_INNER,IS_LIST,IS_QUERY,LIST_WIDTH,QUERY_WIDTH) 
VALUES ('d7e3f2e196254d2e9b29c11ba5723210',to_date('2016-04-08 11:03:12','yyyy-mm-dd hh24:mi:ss'),'system',to_date('2016-04-11 09:04:31','yyyy-mm-dd hh24:mi:ss'),'system','JOB_QUARTZ_CONF','DESCRIPTION','任务描述','VARCHAR2','2000','Y','Y','textarea',null,null,'multiline:true,prompt:''''',null,null,'style="height:100px;width:407px"','Y','Y',null,null);

INSERT INTO MOD_TABLE_COLUMN (ID,CREATE_DATE,CREATE_USER,UPDATE_DATE,UPDATE_USER,TABLE_NAME,NAME,COMMENTS,JDBC_TYPE,JDBC_LENGTH,IS_NULL,IS_EDIT,CATEGORY,DEFAULT_VALUE,VALID_TYPE,SETTINGS,REMARKS,DEL_FLAG,HTML_INNER,IS_LIST,IS_QUERY,LIST_WIDTH,QUERY_WIDTH) 
VALUES ('26930a9575b34242a937479a1c8609f5',to_date('2016-06-01 19:44:09','yyyy-mm-dd hh24:mi:ss'),'system',to_date('2016-06-01 20:50:58','yyyy-mm-dd hh24:mi:ss'),'system','PLAN_TEAM_LEAGUER','USER_ID','成员','CHAR','32','Y','Y','combobox',null,null,'SQL>select id,name from sys_user|id|name',null,null,null,'Y','N',null,null);

INSERT INTO MOD_TABLE_COLUMN (ID,CREATE_DATE,CREATE_USER,UPDATE_DATE,UPDATE_USER,TABLE_NAME,NAME,COMMENTS,JDBC_TYPE,JDBC_LENGTH,IS_NULL,IS_EDIT,CATEGORY,DEFAULT_VALUE,VALID_TYPE,SETTINGS,REMARKS,DEL_FLAG,HTML_INNER,IS_LIST,IS_QUERY,LIST_WIDTH,QUERY_WIDTH) 
VALUES ('f10e683e8e8047edab630b8c79d185a6',to_date('2016-06-01 19:44:54','yyyy-mm-dd hh24:mi:ss'),'system',to_date('2016-06-01 19:44:54','yyyy-mm-dd hh24:mi:ss'),null,'PLAN_TEAM','NAME','名称','VARCHAR2','100','N','Y','textbox',null,null,'prompt:''''',null,null,null,'Y','Y',null,null);

INSERT INTO MOD_TABLE_COLUMN (ID,CREATE_DATE,CREATE_USER,UPDATE_DATE,UPDATE_USER,TABLE_NAME,NAME,COMMENTS,JDBC_TYPE,JDBC_LENGTH,IS_NULL,IS_EDIT,CATEGORY,DEFAULT_VALUE,VALID_TYPE,SETTINGS,REMARKS,DEL_FLAG,HTML_INNER,IS_LIST,IS_QUERY,LIST_WIDTH,QUERY_WIDTH) 
VALUES ('eeb9bddd5f80459d9dcf45454ee66db8',to_date('2016-06-06 20:11:55','yyyy-mm-dd hh24:mi:ss'),'system',to_date('2016-06-07 15:48:24','yyyy-mm-dd hh24:mi:ss'),'system','PLAN_TASK_DELAY','DELAY_DATE','延期前完成日期','DATE',null,'N','H','datebox','@date',null,'dateFmt:''yyyy-MM-dd'',maxDate:'''',minDate:''''',null,null,null,'Y','N',null,null);

INSERT INTO MOD_TABLE_COLUMN (ID,CREATE_DATE,CREATE_USER,UPDATE_DATE,UPDATE_USER,TABLE_NAME,NAME,COMMENTS,JDBC_TYPE,JDBC_LENGTH,IS_NULL,IS_EDIT,CATEGORY,DEFAULT_VALUE,VALID_TYPE,SETTINGS,REMARKS,DEL_FLAG,HTML_INNER,IS_LIST,IS_QUERY,LIST_WIDTH,QUERY_WIDTH) 
VALUES ('937a67dac2b448e296b534aa01faf2cb',to_date('2016-06-06 20:14:44','yyyy-mm-dd hh24:mi:ss'),'system',to_date('2016-06-07 15:51:29','yyyy-mm-dd hh24:mi:ss'),'system','PLAN_TASK_DELAY','DELAY_REASON','延期原因','VARCHAR2','500','N','Y','textarea',null,null,'multiline:true,prompt:''''',null,null,'style="height:200px;"','Y','Y',500,200);

INSERT INTO MOD_TABLE_COLUMN (ID,CREATE_DATE,CREATE_USER,UPDATE_DATE,UPDATE_USER,TABLE_NAME,NAME,COMMENTS,JDBC_TYPE,JDBC_LENGTH,IS_NULL,IS_EDIT,CATEGORY,DEFAULT_VALUE,VALID_TYPE,SETTINGS,REMARKS,DEL_FLAG,HTML_INNER,IS_LIST,IS_QUERY,LIST_WIDTH,QUERY_WIDTH) 
VALUES ('7741802c16a04786aa3b5eab6eade145',to_date('2016-06-06 20:15:44','yyyy-mm-dd hh24:mi:ss'),'system',to_date('2016-06-06 20:33:14','yyyy-mm-dd hh24:mi:ss'),'system','PLAN_TASK_DELAY','TASK_ID','任务','CHAR','32','N','H','combobox',null,null,'SQL>select id,describe from plan_task|id|describe',null,null,null,'N','N',null,null);

INSERT INTO MOD_TABLE_COLUMN (ID,CREATE_DATE,CREATE_USER,UPDATE_DATE,UPDATE_USER,TABLE_NAME,NAME,COMMENTS,JDBC_TYPE,JDBC_LENGTH,IS_NULL,IS_EDIT,CATEGORY,DEFAULT_VALUE,VALID_TYPE,SETTINGS,REMARKS,DEL_FLAG,HTML_INNER,IS_LIST,IS_QUERY,LIST_WIDTH,QUERY_WIDTH) 
VALUES ('f7ee01da7e3e4c64a974a648be3c1cca',to_date('2016-06-23 16:21:33','yyyy-mm-dd hh24:mi:ss'),'system',to_date('2016-06-24 10:06:55','yyyy-mm-dd hh24:mi:ss'),'system','BO_DEMO','USER_INFO','选择框','VARCHAR2','100','Y','Y','selectButton',null,null,'SQL>select * from bo_demo|{"total":4,"rows":[{"field":"user_name","title":"姓名","width":"100","fieldTo":"userName"},{"field":"user_sex","title":"性别","width":"50","fieldTo":"userSex"},{"field":"user_age","title":"年龄","width":"0","fieldTo":"userAge"},{"field":"user_birthday","title":"出生日期","width":"100","fieldTo":"userBirthday"}]}',null,null,null,'N','N',null,null);

INSERT INTO MOD_TABLE_COLUMN (ID,CREATE_DATE,CREATE_USER,UPDATE_DATE,UPDATE_USER,TABLE_NAME,NAME,COMMENTS,JDBC_TYPE,JDBC_LENGTH,IS_NULL,IS_EDIT,CATEGORY,DEFAULT_VALUE,VALID_TYPE,SETTINGS,REMARKS,DEL_FLAG,HTML_INNER,IS_LIST,IS_QUERY,LIST_WIDTH,QUERY_WIDTH) 
VALUES ('ff70bbc60fdd4431a9ec0b4a590ebb2e',to_date('2016-04-08 10:59:38','yyyy-mm-dd hh24:mi:ss'),'system',to_date('2016-04-08 10:59:38','yyyy-mm-dd hh24:mi:ss'),null,'JOB_QUARTZ_CONF','JOB_TRIGGER','任务触发器','VARCHAR2','1000','Y','H','textbox',null,null,'prompt:''''',null,null,null,'Y','N',null,null);

INSERT INTO MOD_TABLE_COLUMN (ID,CREATE_DATE,CREATE_USER,UPDATE_DATE,UPDATE_USER,TABLE_NAME,NAME,COMMENTS,JDBC_TYPE,JDBC_LENGTH,IS_NULL,IS_EDIT,CATEGORY,DEFAULT_VALUE,VALID_TYPE,SETTINGS,REMARKS,DEL_FLAG,HTML_INNER,IS_LIST,IS_QUERY,LIST_WIDTH,QUERY_WIDTH) 
VALUES ('99446c4dac2542a892fe46474f506894',to_date('2016-04-08 11:00:45','yyyy-mm-dd hh24:mi:ss'),'system',to_date('2016-04-08 11:00:45','yyyy-mm-dd hh24:mi:ss'),null,'JOB_QUARTZ_CONF','CRON_EXPRESSION','cron表达式','VARCHAR2','100','Y','H','textbox',null,null,'prompt:''''',null,null,null,'Y','N',null,null);

INSERT INTO MOD_TABLE_COLUMN (ID,CREATE_DATE,CREATE_USER,UPDATE_DATE,UPDATE_USER,TABLE_NAME,NAME,COMMENTS,JDBC_TYPE,JDBC_LENGTH,IS_NULL,IS_EDIT,CATEGORY,DEFAULT_VALUE,VALID_TYPE,SETTINGS,REMARKS,DEL_FLAG,HTML_INNER,IS_LIST,IS_QUERY,LIST_WIDTH,QUERY_WIDTH) 
VALUES ('4037d4b0d6714eb4bfdfb6fb072d0cd6',to_date('2016-04-08 13:46:14','yyyy-mm-dd hh24:mi:ss'),'system',to_date('2016-04-11 09:04:23','yyyy-mm-dd hh24:mi:ss'),'system','JOB_QUARTZ_CONF','JOB_CLASS','任务主体','VARCHAR2','500','N','Y','textbox',null,null,'prompt:''''',null,null,'style="width:407px"','Y','N',null,null);

INSERT INTO MOD_TABLE_COLUMN (ID,CREATE_DATE,CREATE_USER,UPDATE_DATE,UPDATE_USER,TABLE_NAME,NAME,COMMENTS,JDBC_TYPE,JDBC_LENGTH,IS_NULL,IS_EDIT,CATEGORY,DEFAULT_VALUE,VALID_TYPE,SETTINGS,REMARKS,DEL_FLAG,HTML_INNER,IS_LIST,IS_QUERY,LIST_WIDTH,QUERY_WIDTH) 
VALUES ('8e9be7361a4e4dc8adb404c05dafb0e5',to_date('2016-04-08 15:00:13','yyyy-mm-dd hh24:mi:ss'),'system',to_date('2016-04-08 15:00:13','yyyy-mm-dd hh24:mi:ss'),null,'JOB_QUARTZ_CONF','START_AT','任务开始时间','DATE',null,'Y','Y','datebox',null,null,'dateFmt:''yyyy-MM-dd HH:mm:ss'',maxDate:'''',minDate:''''',null,null,null,'Y','N',null,null);

INSERT INTO MOD_TABLE_COLUMN (ID,CREATE_DATE,CREATE_USER,UPDATE_DATE,UPDATE_USER,TABLE_NAME,NAME,COMMENTS,JDBC_TYPE,JDBC_LENGTH,IS_NULL,IS_EDIT,CATEGORY,DEFAULT_VALUE,VALID_TYPE,SETTINGS,REMARKS,DEL_FLAG,HTML_INNER,IS_LIST,IS_QUERY,LIST_WIDTH,QUERY_WIDTH) 
VALUES ('63236d6f777743fa9cf9d2e602a38bf4',to_date('2015-12-09 08:35:10','yyyy-mm-dd hh24:mi:ss'),'system',to_date('2015-12-09 08:35:10','yyyy-mm-dd hh24:mi:ss'),null,'BO_INTERFACE_CATALOG','NAME','名称','VARCHAR2','100','N','Y','textbox',null,null,'prompt:''''',null,'0',null,'Y','Y',null,null);

INSERT INTO MOD_TABLE_COLUMN (ID,CREATE_DATE,CREATE_USER,UPDATE_DATE,UPDATE_USER,TABLE_NAME,NAME,COMMENTS,JDBC_TYPE,JDBC_LENGTH,IS_NULL,IS_EDIT,CATEGORY,DEFAULT_VALUE,VALID_TYPE,SETTINGS,REMARKS,DEL_FLAG,HTML_INNER,IS_LIST,IS_QUERY,LIST_WIDTH,QUERY_WIDTH) 
VALUES ('0505d3fed10e4320a991af5a9648be6a',to_date('2015-12-09 08:35:58','yyyy-mm-dd hh24:mi:ss'),'system',to_date('2015-12-09 10:26:54','yyyy-mm-dd hh24:mi:ss'),'system','BO_INTERFACE_CATALOG','PARENT_ID','模块','CHAR','32','N','N','combobox',null,null,'SQL>select id,name from bo_interface_catalog|id|name',null,'0',null,'N','N',null,null);

INSERT INTO MOD_TABLE_COLUMN (ID,CREATE_DATE,CREATE_USER,UPDATE_DATE,UPDATE_USER,TABLE_NAME,NAME,COMMENTS,JDBC_TYPE,JDBC_LENGTH,IS_NULL,IS_EDIT,CATEGORY,DEFAULT_VALUE,VALID_TYPE,SETTINGS,REMARKS,DEL_FLAG,HTML_INNER,IS_LIST,IS_QUERY,LIST_WIDTH,QUERY_WIDTH) 
VALUES ('565206a7f53740d7a071c59703fdaec5',to_date('2015-12-09 08:39:06','yyyy-mm-dd hh24:mi:ss'),'system',to_date('2016-04-18 21:53:24','yyyy-mm-dd hh24:mi:ss'),'system','BO_INTERFACE_DESC','METHOD','提交方式','VARCHAR2','100','Y','Y','combobox','POST',null,'POST|GET',null,'0',null,'Y','N',null,null);

INSERT INTO MOD_TABLE_COLUMN (ID,CREATE_DATE,CREATE_USER,UPDATE_DATE,UPDATE_USER,TABLE_NAME,NAME,COMMENTS,JDBC_TYPE,JDBC_LENGTH,IS_NULL,IS_EDIT,CATEGORY,DEFAULT_VALUE,VALID_TYPE,SETTINGS,REMARKS,DEL_FLAG,HTML_INNER,IS_LIST,IS_QUERY,LIST_WIDTH,QUERY_WIDTH) 
VALUES ('0dd83d7c6d7a41f9a438a74765da63d9',to_date('2015-12-09 08:40:51','yyyy-mm-dd hh24:mi:ss'),'system',to_date('2015-12-09 10:50:39','yyyy-mm-dd hh24:mi:ss'),'system','BO_INTERFACE_DESC','RETURN_VALUE','返回值','VARCHAR2','4000','Y','Y','textarea',null,null,'multiline:true,prompt:''''',null,'0','style="height:80px;width:407px"','N','N',null,null);

INSERT INTO MOD_TABLE_COLUMN (ID,CREATE_DATE,CREATE_USER,UPDATE_DATE,UPDATE_USER,TABLE_NAME,NAME,COMMENTS,JDBC_TYPE,JDBC_LENGTH,IS_NULL,IS_EDIT,CATEGORY,DEFAULT_VALUE,VALID_TYPE,SETTINGS,REMARKS,DEL_FLAG,HTML_INNER,IS_LIST,IS_QUERY,LIST_WIDTH,QUERY_WIDTH) 
VALUES ('0336e66696f04a10bb1658b7a89f285a',to_date('2015-12-09 08:42:29','yyyy-mm-dd hh24:mi:ss'),'system',to_date('2015-12-09 10:50:18','yyyy-mm-dd hh24:mi:ss'),'system','BO_INTERFACE_DESC','EXCLUDES','不返回字段','VARCHAR2','4000','Y','Y','textarea',null,null,'multiline:true,prompt:''''',null,'0','style="height:50px;width:407px"','N','N',null,null);

INSERT INTO MOD_TABLE_COLUMN (ID,CREATE_DATE,CREATE_USER,UPDATE_DATE,UPDATE_USER,TABLE_NAME,NAME,COMMENTS,JDBC_TYPE,JDBC_LENGTH,IS_NULL,IS_EDIT,CATEGORY,DEFAULT_VALUE,VALID_TYPE,SETTINGS,REMARKS,DEL_FLAG,HTML_INNER,IS_LIST,IS_QUERY,LIST_WIDTH,QUERY_WIDTH) 
VALUES ('07c616a8e1b24c44889ba75ea8971720',to_date('2015-12-09 10:26:34','yyyy-mm-dd hh24:mi:ss'),'system',to_date('2015-12-09 10:26:34','yyyy-mm-dd hh24:mi:ss'),null,'BO_INTERFACE_DESC','CATALOG_ID','接口目录','CHAR','32','Y','Y','textbox',null,null,'prompt:''''',null,'0',null,'N','N',null,null);

INSERT INTO MOD_TABLE_COLUMN (ID,CREATE_DATE,CREATE_USER,UPDATE_DATE,UPDATE_USER,TABLE_NAME,NAME,COMMENTS,JDBC_TYPE,JDBC_LENGTH,IS_NULL,IS_EDIT,CATEGORY,DEFAULT_VALUE,VALID_TYPE,SETTINGS,REMARKS,DEL_FLAG,HTML_INNER,IS_LIST,IS_QUERY,LIST_WIDTH,QUERY_WIDTH) 
VALUES ('5f8d0f542fd94896a743de65ac96fa90',to_date('2015-12-17 08:49:42','yyyy-mm-dd hh24:mi:ss'),'system',to_date('2016-04-18 21:53:54','yyyy-mm-dd hh24:mi:ss'),'system','BO_INTERFACE_DESC','TYPE','类型','VARCHAR2','100','Y','Y','combobox','PT',null,'PT:普通传参|JSON:JSON参数',null,'0',null,'Y','Y',null,null);

INSERT INTO MOD_TABLE_COLUMN (ID,CREATE_DATE,CREATE_USER,UPDATE_DATE,UPDATE_USER,TABLE_NAME,NAME,COMMENTS,JDBC_TYPE,JDBC_LENGTH,IS_NULL,IS_EDIT,CATEGORY,DEFAULT_VALUE,VALID_TYPE,SETTINGS,REMARKS,DEL_FLAG,HTML_INNER,IS_LIST,IS_QUERY,LIST_WIDTH,QUERY_WIDTH) 
VALUES ('4115dddc16694eda85cef57d9d411f08',to_date('2015-12-10 11:31:56','yyyy-mm-dd hh24:mi:ss'),'system',to_date('2015-12-15 10:51:19','yyyy-mm-dd hh24:mi:ss'),'system','BO_INTERFACE_CATALOG','SEQUENCE','排序','NUMBER','10','Y','Y','numberbox','10',null,'max:999999,min:0,precision:0',null,'0',null,'Y','N',null,null);

INSERT INTO MOD_TABLE_COLUMN (ID,CREATE_DATE,CREATE_USER,UPDATE_DATE,UPDATE_USER,TABLE_NAME,NAME,COMMENTS,JDBC_TYPE,JDBC_LENGTH,IS_NULL,IS_EDIT,CATEGORY,DEFAULT_VALUE,VALID_TYPE,SETTINGS,REMARKS,DEL_FLAG,HTML_INNER,IS_LIST,IS_QUERY,LIST_WIDTH,QUERY_WIDTH) 
VALUES ('15a966ed45bd4768ad493dd8560e5305',to_date('2015-12-10 11:33:07','yyyy-mm-dd hh24:mi:ss'),'system',to_date('2015-12-15 10:51:29','yyyy-mm-dd hh24:mi:ss'),'system','BO_INTERFACE_DESC','SEQUENCE','排序','NUMBER','10','Y','Y','numberbox',null,null,'max:999999,min:0,precision:0',null,'0',null,'Y','N',null,null);

INSERT INTO MOD_TABLE_COLUMN (ID,CREATE_DATE,CREATE_USER,UPDATE_DATE,UPDATE_USER,TABLE_NAME,NAME,COMMENTS,JDBC_TYPE,JDBC_LENGTH,IS_NULL,IS_EDIT,CATEGORY,DEFAULT_VALUE,VALID_TYPE,SETTINGS,REMARKS,DEL_FLAG,HTML_INNER,IS_LIST,IS_QUERY,LIST_WIDTH,QUERY_WIDTH) 
VALUES ('24619d3b780441aeb2433e7f8da3d856',to_date('2015-12-09 08:37:31','yyyy-mm-dd hh24:mi:ss'),'system',to_date('2015-12-09 08:37:31','yyyy-mm-dd hh24:mi:ss'),null,'BO_INTERFACE_DESC','NAME','名称','VARCHAR2','100','N','Y','textbox',null,null,'prompt:''''',null,'0',null,'Y','Y',null,null);

INSERT INTO MOD_TABLE_COLUMN (ID,CREATE_DATE,CREATE_USER,UPDATE_DATE,UPDATE_USER,TABLE_NAME,NAME,COMMENTS,JDBC_TYPE,JDBC_LENGTH,IS_NULL,IS_EDIT,CATEGORY,DEFAULT_VALUE,VALID_TYPE,SETTINGS,REMARKS,DEL_FLAG,HTML_INNER,IS_LIST,IS_QUERY,LIST_WIDTH,QUERY_WIDTH) 
VALUES ('2c942d5ca0474336ba35a628022f641f',to_date('2015-12-09 08:38:03','yyyy-mm-dd hh24:mi:ss'),'system',to_date('2015-12-09 11:32:37','yyyy-mm-dd hh24:mi:ss'),'system','BO_INTERFACE_DESC','URL','接口地址','VARCHAR2','1000','N','Y','textbox','/',null,'prompt:''''',null,'0','style="width:407px"','Y','N',null,null);

INSERT INTO MOD_TABLE_COLUMN (ID,CREATE_DATE,CREATE_USER,UPDATE_DATE,UPDATE_USER,TABLE_NAME,NAME,COMMENTS,JDBC_TYPE,JDBC_LENGTH,IS_NULL,IS_EDIT,CATEGORY,DEFAULT_VALUE,VALID_TYPE,SETTINGS,REMARKS,DEL_FLAG,HTML_INNER,IS_LIST,IS_QUERY,LIST_WIDTH,QUERY_WIDTH) 
VALUES ('0cdb87c8b0124689b78bddcf8e3fc035',to_date('2015-12-09 08:39:59','yyyy-mm-dd hh24:mi:ss'),'system',to_date('2015-12-09 10:50:28','yyyy-mm-dd hh24:mi:ss'),'system','BO_INTERFACE_DESC','PARAMETER','参数','VARCHAR2','4000','Y','Y','textarea',null,null,'multiline:true,prompt:''''',null,'0','style="height:50px;width:407px"','N','N',null,null);

INSERT INTO MOD_TABLE_COLUMN (ID,CREATE_DATE,CREATE_USER,UPDATE_DATE,UPDATE_USER,TABLE_NAME,NAME,COMMENTS,JDBC_TYPE,JDBC_LENGTH,IS_NULL,IS_EDIT,CATEGORY,DEFAULT_VALUE,VALID_TYPE,SETTINGS,REMARKS,DEL_FLAG,HTML_INNER,IS_LIST,IS_QUERY,LIST_WIDTH,QUERY_WIDTH) 
VALUES ('72da80dbed37413fbd7f5694d7e23461',to_date('2016-06-01 19:50:10','yyyy-mm-dd hh24:mi:ss'),'system',to_date('2016-06-01 19:50:10','yyyy-mm-dd hh24:mi:ss'),null,'PLAN_PROJECT','DESCRIBE','描述','VARCHAR2','1000','Y','Y','textarea',null,null,'multiline:true,prompt:''''',null,null,'style="height:100px;"','N','N',null,null);

INSERT INTO MOD_TABLE_COLUMN (ID,CREATE_DATE,CREATE_USER,UPDATE_DATE,UPDATE_USER,TABLE_NAME,NAME,COMMENTS,JDBC_TYPE,JDBC_LENGTH,IS_NULL,IS_EDIT,CATEGORY,DEFAULT_VALUE,VALID_TYPE,SETTINGS,REMARKS,DEL_FLAG,HTML_INNER,IS_LIST,IS_QUERY,LIST_WIDTH,QUERY_WIDTH) 
VALUES ('95cb519707f045799ec05e355e65a578',to_date('2016-06-01 20:01:26','yyyy-mm-dd hh24:mi:ss'),'system',to_date('2016-06-01 20:41:52','yyyy-mm-dd hh24:mi:ss'),'system','PLAN_TASK','USER_ID','完成人','CHAR','32','N','Y','combobox',null,null,'SQL>select id,name from sys_user|id|name',null,null,null,'Y','Y',null,null);

INSERT INTO MOD_TABLE_COLUMN (ID,CREATE_DATE,CREATE_USER,UPDATE_DATE,UPDATE_USER,TABLE_NAME,NAME,COMMENTS,JDBC_TYPE,JDBC_LENGTH,IS_NULL,IS_EDIT,CATEGORY,DEFAULT_VALUE,VALID_TYPE,SETTINGS,REMARKS,DEL_FLAG,HTML_INNER,IS_LIST,IS_QUERY,LIST_WIDTH,QUERY_WIDTH) 
VALUES ('84c87ee9d20d49ca8d8c0b678f5d7d5c',to_date('2016-06-01 20:03:40','yyyy-mm-dd hh24:mi:ss'),'system',to_date('2016-06-01 20:03:40','yyyy-mm-dd hh24:mi:ss'),null,'PLAN_TASK','END_DATE','结束日期','DATE',null,'N','Y','datebox',null,null,'dateFmt:''yyyy-MM-dd'',maxDate:'''',minDate:''''',null,null,null,'Y','Y',null,null);

INSERT INTO MOD_TABLE_COLUMN (ID,CREATE_DATE,CREATE_USER,UPDATE_DATE,UPDATE_USER,TABLE_NAME,NAME,COMMENTS,JDBC_TYPE,JDBC_LENGTH,IS_NULL,IS_EDIT,CATEGORY,DEFAULT_VALUE,VALID_TYPE,SETTINGS,REMARKS,DEL_FLAG,HTML_INNER,IS_LIST,IS_QUERY,LIST_WIDTH,QUERY_WIDTH) 
VALUES ('188a5e4b1460438186bbf476661790c7',to_date('2016-06-01 20:04:47','yyyy-mm-dd hh24:mi:ss'),'system',to_date('2016-06-01 20:04:47','yyyy-mm-dd hh24:mi:ss'),null,'PLAN_TASK','FINISH_DATE','完成日期','DATE',null,'Y','N','datebox',null,null,'dateFmt:''yyyy-MM-dd'',maxDate:'''',minDate:''''',null,null,null,'Y','Y',null,null);

INSERT INTO MOD_TABLE_COLUMN (ID,CREATE_DATE,CREATE_USER,UPDATE_DATE,UPDATE_USER,TABLE_NAME,NAME,COMMENTS,JDBC_TYPE,JDBC_LENGTH,IS_NULL,IS_EDIT,CATEGORY,DEFAULT_VALUE,VALID_TYPE,SETTINGS,REMARKS,DEL_FLAG,HTML_INNER,IS_LIST,IS_QUERY,LIST_WIDTH,QUERY_WIDTH) 
VALUES ('a76eb904839c43258752add4242e2190',to_date('2016-06-01 20:09:04','yyyy-mm-dd hh24:mi:ss'),'system',to_date('2016-06-01 20:41:10','yyyy-mm-dd hh24:mi:ss'),'system','PLAN_TASK','PROJECT_ID','项目','CHAR','32','N','Y','combobox',null,null,'SQL>select id,name from plan_project|id|name',null,null,null,'Y','Y',null,null);

INSERT INTO MOD_TABLE_COLUMN (ID,CREATE_DATE,CREATE_USER,UPDATE_DATE,UPDATE_USER,TABLE_NAME,NAME,COMMENTS,JDBC_TYPE,JDBC_LENGTH,IS_NULL,IS_EDIT,CATEGORY,DEFAULT_VALUE,VALID_TYPE,SETTINGS,REMARKS,DEL_FLAG,HTML_INNER,IS_LIST,IS_QUERY,LIST_WIDTH,QUERY_WIDTH) 
VALUES ('c8bc51ec3d9346de8d49278434129eab',to_date('2016-06-12 09:05:41','yyyy-mm-dd hh24:mi:ss'),'system',to_date('2016-06-12 09:05:41','yyyy-mm-dd hh24:mi:ss'),null,'BO_DEMO','USER_SEX','用户性别','VARCHAR2','100','Y','Y','combobox',null,null,'DICT>f5814ca746a145bc844669a70d984a9c',null,null,null,'Y','Y',null,null);

INSERT INTO MOD_TABLE_COLUMN (ID,CREATE_DATE,CREATE_USER,UPDATE_DATE,UPDATE_USER,TABLE_NAME,NAME,COMMENTS,JDBC_TYPE,JDBC_LENGTH,IS_NULL,IS_EDIT,CATEGORY,DEFAULT_VALUE,VALID_TYPE,SETTINGS,REMARKS,DEL_FLAG,HTML_INNER,IS_LIST,IS_QUERY,LIST_WIDTH,QUERY_WIDTH) 
VALUES ('7ec6a14f6c284812a7e27f47ebac4392',to_date('2016-06-12 09:08:34','yyyy-mm-dd hh24:mi:ss'),'system',to_date('2016-06-12 09:08:34','yyyy-mm-dd hh24:mi:ss'),null,'BO_DEMO','USER_BIRTHDAY','出生日期','DATE',null,'Y','Y','datebox',null,null,'dateFmt:''yyyy-MM-dd'',maxDate:'''',minDate:''''',null,null,null,'Y','Y',null,null);

INSERT INTO MOD_TABLE_COLUMN (ID,CREATE_DATE,CREATE_USER,UPDATE_DATE,UPDATE_USER,TABLE_NAME,NAME,COMMENTS,JDBC_TYPE,JDBC_LENGTH,IS_NULL,IS_EDIT,CATEGORY,DEFAULT_VALUE,VALID_TYPE,SETTINGS,REMARKS,DEL_FLAG,HTML_INNER,IS_LIST,IS_QUERY,LIST_WIDTH,QUERY_WIDTH) 
VALUES ('0cd0beab2ee64b07a99fa0e49832f14c',to_date('2016-06-12 09:11:02','yyyy-mm-dd hh24:mi:ss'),'system',to_date('2016-06-12 09:11:02','yyyy-mm-dd hh24:mi:ss'),null,'BO_DEMO','USER_SUMMARY','用户简介','CLOB',null,'Y','Y','htmldesign',null,null,'100',null,null,'style="width:100px;"','N','N',null,null);

INSERT INTO MOD_TABLE_COLUMN (ID,CREATE_DATE,CREATE_USER,UPDATE_DATE,UPDATE_USER,TABLE_NAME,NAME,COMMENTS,JDBC_TYPE,JDBC_LENGTH,IS_NULL,IS_EDIT,CATEGORY,DEFAULT_VALUE,VALID_TYPE,SETTINGS,REMARKS,DEL_FLAG,HTML_INNER,IS_LIST,IS_QUERY,LIST_WIDTH,QUERY_WIDTH) 
VALUES ('f7c32c721a6a45d79c6d8667a8df189c',to_date('2016-01-21 11:12:00','yyyy-mm-dd hh24:mi:ss'),'system',to_date('2016-06-12 10:19:24','yyyy-mm-dd hh24:mi:ss'),'system','BO_DEMO','EXPRESSION','表达式','VARCHAR2','100','Y','Y','textarea','@userId在@dateTime登录',null,'multiline:true,prompt:''@userId==@userName==@name==@departmentId==@departmentName==@year''',null,null,'style="height:50px;width:400px"','Y','Y',null,null);

INSERT INTO MOD_TABLE_COLUMN (ID,CREATE_DATE,CREATE_USER,UPDATE_DATE,UPDATE_USER,TABLE_NAME,NAME,COMMENTS,JDBC_TYPE,JDBC_LENGTH,IS_NULL,IS_EDIT,CATEGORY,DEFAULT_VALUE,VALID_TYPE,SETTINGS,REMARKS,DEL_FLAG,HTML_INNER,IS_LIST,IS_QUERY,LIST_WIDTH,QUERY_WIDTH) 
VALUES ('9892bceec41347d3abb187937821a26b',to_date('2016-03-16 14:12:08','yyyy-mm-dd hh24:mi:ss'),'system',to_date('2016-06-12 09:06:16','yyyy-mm-dd hh24:mi:ss'),'system','BO_DEMO','USER_NAME','用户名','VARCHAR2','100','Y','Y','textbox','@name',null,'prompt:''''',null,null,null,'Y','Y',null,null);

INSERT INTO MOD_TABLE_COLUMN (ID,CREATE_DATE,CREATE_USER,UPDATE_DATE,UPDATE_USER,TABLE_NAME,NAME,COMMENTS,JDBC_TYPE,JDBC_LENGTH,IS_NULL,IS_EDIT,CATEGORY,DEFAULT_VALUE,VALID_TYPE,SETTINGS,REMARKS,DEL_FLAG,HTML_INNER,IS_LIST,IS_QUERY,LIST_WIDTH,QUERY_WIDTH) 
VALUES ('910a75da82c341119044dd45e09330bf',to_date('2015-12-28 15:34:04','yyyy-mm-dd hh24:mi:ss'),'system',to_date('2016-06-12 09:04:02','yyyy-mm-dd hh24:mi:ss'),'system','BO_DEMO','TREE_ID','下拉树','VARCHAR2','100','Y','H','combobox',null,null,'SQL>select * from sys_user|id|name',null,null,null,'N','N',null,null);

INSERT INTO MOD_TABLE_COLUMN (ID,CREATE_DATE,CREATE_USER,UPDATE_DATE,UPDATE_USER,TABLE_NAME,NAME,COMMENTS,JDBC_TYPE,JDBC_LENGTH,IS_NULL,IS_EDIT,CATEGORY,DEFAULT_VALUE,VALID_TYPE,SETTINGS,REMARKS,DEL_FLAG,HTML_INNER,IS_LIST,IS_QUERY,LIST_WIDTH,QUERY_WIDTH) 
VALUES ('8389a7f8037543b9afb22653ff711980',to_date('2016-06-01 19:47:37','yyyy-mm-dd hh24:mi:ss'),'system',to_date('2016-06-01 19:47:37','yyyy-mm-dd hh24:mi:ss'),null,'PLAN_TEAM','DESCRIBE','描述','VARCHAR2','1000','Y','Y','textarea',null,null,'multiline:true,prompt:''''',null,null,'style="height:100px;"','N','N',null,null);

INSERT INTO MOD_TABLE_COLUMN (ID,CREATE_DATE,CREATE_USER,UPDATE_DATE,UPDATE_USER,TABLE_NAME,NAME,COMMENTS,JDBC_TYPE,JDBC_LENGTH,IS_NULL,IS_EDIT,CATEGORY,DEFAULT_VALUE,VALID_TYPE,SETTINGS,REMARKS,DEL_FLAG,HTML_INNER,IS_LIST,IS_QUERY,LIST_WIDTH,QUERY_WIDTH) 
VALUES ('b8a5fa64c2e446cc8320966bc160f351',to_date('2016-06-01 19:48:15','yyyy-mm-dd hh24:mi:ss'),'system',to_date('2016-06-01 19:48:15','yyyy-mm-dd hh24:mi:ss'),null,'PLAN_PROJECT','NAME','名称','VARCHAR2','100','N','Y','textbox',null,null,'prompt:''''',null,null,null,'Y','Y',null,null);

INSERT INTO MOD_TABLE_COLUMN (ID,CREATE_DATE,CREATE_USER,UPDATE_DATE,UPDATE_USER,TABLE_NAME,NAME,COMMENTS,JDBC_TYPE,JDBC_LENGTH,IS_NULL,IS_EDIT,CATEGORY,DEFAULT_VALUE,VALID_TYPE,SETTINGS,REMARKS,DEL_FLAG,HTML_INNER,IS_LIST,IS_QUERY,LIST_WIDTH,QUERY_WIDTH) 
VALUES ('079bf63e21ef4ec88bd4c6e68fa76399',to_date('2016-06-01 19:56:57','yyyy-mm-dd hh24:mi:ss'),'system',to_date('2016-06-02 08:32:52','yyyy-mm-dd hh24:mi:ss'),'system','PLAN_PROJECT','STATUS','状态','VARCHAR2','100','Y','H','combobox',null,null,'DICT>ed8d0e6d0eb74b8e9ca809990ec8422f',null,null,null,'Y','Y',null,null);

INSERT INTO MOD_TABLE_COLUMN (ID,CREATE_DATE,CREATE_USER,UPDATE_DATE,UPDATE_USER,TABLE_NAME,NAME,COMMENTS,JDBC_TYPE,JDBC_LENGTH,IS_NULL,IS_EDIT,CATEGORY,DEFAULT_VALUE,VALID_TYPE,SETTINGS,REMARKS,DEL_FLAG,HTML_INNER,IS_LIST,IS_QUERY,LIST_WIDTH,QUERY_WIDTH) 
VALUES ('75c8c37fbbf348799843a70f666826b9',to_date('2016-06-01 19:59:21','yyyy-mm-dd hh24:mi:ss'),'system',to_date('2016-06-02 08:43:24','yyyy-mm-dd hh24:mi:ss'),'system','PLAN_TASK','DESCRIBE','描述','VARCHAR2','100','N','Y','textarea',null,null,'multiline:true,prompt:''''',null,null,'style="height:100px;width:407px;"','Y','Y',null,null);

INSERT INTO MOD_TABLE_COLUMN (ID,CREATE_DATE,CREATE_USER,UPDATE_DATE,UPDATE_USER,TABLE_NAME,NAME,COMMENTS,JDBC_TYPE,JDBC_LENGTH,IS_NULL,IS_EDIT,CATEGORY,DEFAULT_VALUE,VALID_TYPE,SETTINGS,REMARKS,DEL_FLAG,HTML_INNER,IS_LIST,IS_QUERY,LIST_WIDTH,QUERY_WIDTH) 
VALUES ('376c352c18d649519119022f71f20eb6',to_date('2016-06-01 20:02:31','yyyy-mm-dd hh24:mi:ss'),'system',to_date('2016-06-01 20:02:31','yyyy-mm-dd hh24:mi:ss'),null,'PLAN_TASK','START_DATE','开始日期','DATE',null,'N','Y','datebox',null,null,'dateFmt:''yyyy-MM-dd'',maxDate:'''',minDate:''''',null,null,null,'Y','Y',null,null);

INSERT INTO MOD_TABLE_COLUMN (ID,CREATE_DATE,CREATE_USER,UPDATE_DATE,UPDATE_USER,TABLE_NAME,NAME,COMMENTS,JDBC_TYPE,JDBC_LENGTH,IS_NULL,IS_EDIT,CATEGORY,DEFAULT_VALUE,VALID_TYPE,SETTINGS,REMARKS,DEL_FLAG,HTML_INNER,IS_LIST,IS_QUERY,LIST_WIDTH,QUERY_WIDTH) 
VALUES ('56d7456d94ae452eb0c0e3c2c3a79235',to_date('2016-06-01 20:07:58','yyyy-mm-dd hh24:mi:ss'),'system',to_date('2016-06-02 08:43:30','yyyy-mm-dd hh24:mi:ss'),'system','PLAN_TASK','EXPLAIN','说明','VARCHAR2','500','Y','Y','textarea',null,null,'multiline:true,prompt:''''',null,null,'style="height:100px;width:407px;"','N','N',null,null);

INSERT INTO MOD_TABLE_COLUMN (ID,CREATE_DATE,CREATE_USER,UPDATE_DATE,UPDATE_USER,TABLE_NAME,NAME,COMMENTS,JDBC_TYPE,JDBC_LENGTH,IS_NULL,IS_EDIT,CATEGORY,DEFAULT_VALUE,VALID_TYPE,SETTINGS,REMARKS,DEL_FLAG,HTML_INNER,IS_LIST,IS_QUERY,LIST_WIDTH,QUERY_WIDTH) 
VALUES ('a4fddc4232de4fa5bfc4c4ebe9052765',to_date('2016-06-12 09:07:27','yyyy-mm-dd hh24:mi:ss'),'system',to_date('2016-06-12 09:07:27','yyyy-mm-dd hh24:mi:ss'),null,'BO_DEMO','USER_AGE','用户年龄','NUMBER','10','Y','N','numberbox',null,null,'max:150,min:0,precision:0',null,null,null,'Y','N',null,null);

INSERT INTO MOD_TABLE_COLUMN (ID,CREATE_DATE,CREATE_USER,UPDATE_DATE,UPDATE_USER,TABLE_NAME,NAME,COMMENTS,JDBC_TYPE,JDBC_LENGTH,IS_NULL,IS_EDIT,CATEGORY,DEFAULT_VALUE,VALID_TYPE,SETTINGS,REMARKS,DEL_FLAG,HTML_INNER,IS_LIST,IS_QUERY,LIST_WIDTH,QUERY_WIDTH) 
VALUES ('3e9ccd61a2074e41941f223d5987d8ca',to_date('2016-04-08 10:51:27','yyyy-mm-dd hh24:mi:ss'),'system',to_date('2016-04-08 10:51:27','yyyy-mm-dd hh24:mi:ss'),null,'JOB_QUARTZ_CONF','JOB_NAME','任务名','VARCHAR2','100','N','Y','textbox',null,'loginName','prompt:''''',null,null,null,'Y','Y',null,null);

INSERT INTO MOD_TABLE_COLUMN (ID,CREATE_DATE,CREATE_USER,UPDATE_DATE,UPDATE_USER,TABLE_NAME,NAME,COMMENTS,JDBC_TYPE,JDBC_LENGTH,IS_NULL,IS_EDIT,CATEGORY,DEFAULT_VALUE,VALID_TYPE,SETTINGS,REMARKS,DEL_FLAG,HTML_INNER,IS_LIST,IS_QUERY,LIST_WIDTH,QUERY_WIDTH) 
VALUES ('b72e399ce1fa400f83db4cb3f24f9eac',to_date('2016-04-08 10:58:28','yyyy-mm-dd hh24:mi:ss'),'system',to_date('2016-04-08 10:58:28','yyyy-mm-dd hh24:mi:ss'),null,'JOB_QUARTZ_CONF','JOB_GROUP','任务分组','VARCHAR2','100','N','Y','combobox','com_job',null,'DICT>0d71cae660dd4c76912a946cc83326ba',null,null,null,'Y','Y',null,null);

INSERT INTO MOD_TABLE_COLUMN (ID,CREATE_DATE,CREATE_USER,UPDATE_DATE,UPDATE_USER,TABLE_NAME,NAME,COMMENTS,JDBC_TYPE,JDBC_LENGTH,IS_NULL,IS_EDIT,CATEGORY,DEFAULT_VALUE,VALID_TYPE,SETTINGS,REMARKS,DEL_FLAG,HTML_INNER,IS_LIST,IS_QUERY,LIST_WIDTH,QUERY_WIDTH) 
VALUES ('ba5de47aaeb24cb79b1a5a1f552d519d',to_date('2016-04-08 11:09:50','yyyy-mm-dd hh24:mi:ss'),'system',to_date('2016-04-11 08:57:26','yyyy-mm-dd hh24:mi:ss'),'system','JOB_QUARTZ_CONF','STATUS','任务状态','VARCHAR2','100','Y','H','combobox',null,null,'DICT>43c35fe923dd4e80b060f247c780ab69',null,null,null,'Y','Y',null,null);

INSERT INTO MOD_TABLE_COLUMN (ID,CREATE_DATE,CREATE_USER,UPDATE_DATE,UPDATE_USER,TABLE_NAME,NAME,COMMENTS,JDBC_TYPE,JDBC_LENGTH,IS_NULL,IS_EDIT,CATEGORY,DEFAULT_VALUE,VALID_TYPE,SETTINGS,REMARKS,DEL_FLAG,HTML_INNER,IS_LIST,IS_QUERY,LIST_WIDTH,QUERY_WIDTH) 
VALUES ('e2f612bdbece4abdbf8f91175fea3617',to_date('2016-06-12 09:09:15','yyyy-mm-dd hh24:mi:ss'),'system',to_date('2016-06-12 09:09:15','yyyy-mm-dd hh24:mi:ss'),null,'BO_DEMO','USER_ICON','用户头像','VARCHAR2','1000','Y','H','textbox',null,null,'prompt:''''',null,null,null,'N','N',null,null);

INSERT INTO MOD_TABLE_COLUMN (ID,CREATE_DATE,CREATE_USER,UPDATE_DATE,UPDATE_USER,TABLE_NAME,NAME,COMMENTS,JDBC_TYPE,JDBC_LENGTH,IS_NULL,IS_EDIT,CATEGORY,DEFAULT_VALUE,VALID_TYPE,SETTINGS,REMARKS,DEL_FLAG,HTML_INNER,IS_LIST,IS_QUERY,LIST_WIDTH,QUERY_WIDTH) 
VALUES ('bcc3a4dbe79d47aa81d53e40457b3c81',to_date('2016-06-12 09:55:41','yyyy-mm-dd hh24:mi:ss'),null,to_date('2016-07-06 20:09:33','yyyy-mm-dd hh24:mi:ss'),'system','BO_DEMO','DEPARTMENT_ID','所在部门','CHAR','32','Y','Y','combobox',null,null,'SQL>select id,name from sys_department|id|name',null,null,null,'Y','Y',null,null);

INSERT INTO MOD_TABLE_COLUMN (ID,CREATE_DATE,CREATE_USER,UPDATE_DATE,UPDATE_USER,TABLE_NAME,NAME,COMMENTS,JDBC_TYPE,JDBC_LENGTH,IS_NULL,IS_EDIT,CATEGORY,DEFAULT_VALUE,VALID_TYPE,SETTINGS,REMARKS,DEL_FLAG,HTML_INNER,IS_LIST,IS_QUERY,LIST_WIDTH,QUERY_WIDTH) 
VALUES ('3519bed99b8942b2bc2be40a2de7217b',to_date('2016-06-12 09:56:28','yyyy-mm-dd hh24:mi:ss'),null,to_date('2016-06-12 10:56:41','yyyy-mm-dd hh24:mi:ss'),'system','BO_DEMO','MANAGER_ID','上级领导','CHAR','32','Y','Y','combobox',null,null,'SQL>select id,name from sys_user where id=''3a657ea8ddc745a698d51aeea2183f4d''|id|name',null,null,null,'Y','N',null,null);

INSERT INTO SYS_DEPARTMENT (ID,PARENT_ID,SEQUENCE,NAME,CODE) 
VALUES ('dad8faf2f3eb4d279ef04decb91ca4c0','00000000000000000000000000000000',0,'超级系统管理员','001');

INSERT INTO SYS_DEPARTMENT (ID,PARENT_ID,SEQUENCE,NAME,CODE) 
VALUES ('00000000000000000000000000000000','ffffffffffffffffffffffffffffffff',0,'系统部门','dept');

INSERT INTO SYS_DEPARTMENT (ID,PARENT_ID,SEQUENCE,NAME,CODE) 
VALUES ('e51ba1c688204117bd08b8ce2393e756','00000000000000000000000000000000',1,'研发部','YFB001');

INSERT INTO SYS_DICT (ID,VALUE,LABEL,CATEGORY,DESCRIPTION,SEQUENCE,PARENT_ID) 
VALUES ('7497754e347b472e97fe4264f48fae08','normal','正常','plan_project_status','正常',0,'ed8d0e6d0eb74b8e9ca809990ec8422f');

INSERT INTO SYS_DICT (ID,VALUE,LABEL,CATEGORY,DESCRIPTION,SEQUENCE,PARENT_ID) 
VALUES ('ee231ded20454df7a435f43f61870693','finish','完成','plan_project_status','完成',5,'ed8d0e6d0eb74b8e9ca809990ec8422f');

INSERT INTO SYS_DICT (ID,VALUE,LABEL,CATEGORY,DESCRIPTION,SEQUENCE,PARENT_ID) 
VALUES ('c4797c1e88c04087b10c0451c7ef8b72','finish','正常完成','plan_task_status','完成',0,'0899e95e60514077b73c59a3164411ab');

INSERT INTO SYS_DICT (ID,VALUE,LABEL,CATEGORY,DESCRIPTION,SEQUENCE,PARENT_ID) 
VALUES ('3088229ba0824493a1b18fd2e39e2762','plan_task_seq','计划任务优先级','root','计划任务优先级',20,'00000000000000000000000000000000');

INSERT INTO SYS_DICT (ID,VALUE,LABEL,CATEGORY,DESCRIPTION,SEQUENCE,PARENT_ID) 
VALUES ('c0af8da9677e4416985fb4634ced8b80','0','立刻做','plan_task_seq','立刻做',0,'3088229ba0824493a1b18fd2e39e2762');

INSERT INTO SYS_DICT (ID,VALUE,LABEL,CATEGORY,DESCRIPTION,SEQUENCE,PARENT_ID) 
VALUES ('554c5d58c546493f86a03e6b384732b2','1','很高','plan_task_seq','很高',5,'3088229ba0824493a1b18fd2e39e2762');

INSERT INTO SYS_DICT (ID,VALUE,LABEL,CATEGORY,DESCRIPTION,SEQUENCE,PARENT_ID) 
VALUES ('4334df3db424406f8542f3a96707a2ee','2','一般般','plan_task_seq','一般般',10,'3088229ba0824493a1b18fd2e39e2762');

INSERT INTO SYS_DICT (ID,VALUE,LABEL,CATEGORY,DESCRIPTION,SEQUENCE,PARENT_ID) 
VALUES ('2497d55857124092b4f3ab859724ab7b','3','抽时间做','plan_task_seq','抽时间做',15,'3088229ba0824493a1b18fd2e39e2762');

INSERT INTO SYS_DICT (ID,VALUE,LABEL,CATEGORY,DESCRIPTION,SEQUENCE,PARENT_ID) 
VALUES ('07e97908cbff4c18a16367a7870be980','normal','正常进行','plan_task_status','进行中',10,'0899e95e60514077b73c59a3164411ab');

INSERT INTO SYS_DICT (ID,VALUE,LABEL,CATEGORY,DESCRIPTION,SEQUENCE,PARENT_ID) 
VALUES ('344f3530a46d4c8a839cf4de8312b894','delay','延期进行','plan_task_status','延期',15,'0899e95e60514077b73c59a3164411ab');

INSERT INTO SYS_DICT (ID,VALUE,LABEL,CATEGORY,DESCRIPTION,SEQUENCE,PARENT_ID) 
VALUES ('e4f92642033f404db6e46b6a5beeaf9e','NORMAL','正常','quartz_state','正常状态',0,'43c35fe923dd4e80b060f247c780ab69');

INSERT INTO SYS_DICT (ID,VALUE,LABEL,CATEGORY,DESCRIPTION,SEQUENCE,PARENT_ID) 
VALUES ('dff080312e81483594766b6b5459093e','PAUSED','暂停','quartz_state','暂停状态',5,'43c35fe923dd4e80b060f247c780ab69');

INSERT INTO SYS_DICT (ID,VALUE,LABEL,CATEGORY,DESCRIPTION,SEQUENCE,PARENT_ID) 
VALUES ('fed077e5500a4f5cbecb941caf1dc135','COMPLETE','完成','quartz_state','触发器完成，但是任务可能还正在执行中',10,'43c35fe923dd4e80b060f247c780ab69');

INSERT INTO SYS_DICT (ID,VALUE,LABEL,CATEGORY,DESCRIPTION,SEQUENCE,PARENT_ID) 
VALUES ('31e95a234cd34472b48a6d709d84d221','BLOCKED','阻塞','quartz_state','线程阻塞状态',15,'43c35fe923dd4e80b060f247c780ab69');

INSERT INTO SYS_DICT (ID,VALUE,LABEL,CATEGORY,DESCRIPTION,SEQUENCE,PARENT_ID) 
VALUES ('eb5a53d4bf35499781ba27ad5ebe9ecc','ERROR','错误','quartz_state','出现错误',20,'43c35fe923dd4e80b060f247c780ab69');

INSERT INTO SYS_DICT (ID,VALUE,LABEL,CATEGORY,DESCRIPTION,SEQUENCE,PARENT_ID) 
VALUES ('ed8d0e6d0eb74b8e9ca809990ec8422f','plan_project_status','计划项目状态','root','计划项目状态',10,'00000000000000000000000000000000');

INSERT INTO SYS_DICT (ID,VALUE,LABEL,CATEGORY,DESCRIPTION,SEQUENCE,PARENT_ID) 
VALUES ('0899e95e60514077b73c59a3164411ab','plan_task_status','计划任务状态','root','计划任务状态',15,'00000000000000000000000000000000');

INSERT INTO SYS_DICT (ID,VALUE,LABEL,CATEGORY,DESCRIPTION,SEQUENCE,PARENT_ID) 
VALUES ('0d71cae660dd4c76912a946cc83326ba','quartz_category','任务类别','root','定时任务计划',8,'00000000000000000000000000000000');

INSERT INTO SYS_DICT (ID,VALUE,LABEL,CATEGORY,DESCRIPTION,SEQUENCE,PARENT_ID) 
VALUES ('3a1c71bad8384bc58559c3003babf752','com_job','普通任务','quartz_category','普通任务计划',5,'0d71cae660dd4c76912a946cc83326ba');

INSERT INTO SYS_DICT (ID,VALUE,LABEL,CATEGORY,DESCRIPTION,SEQUENCE,PARENT_ID) 
VALUES ('43c35fe923dd4e80b060f247c780ab69','quartz_state','任务状态','root','定时任务计划',9,'00000000000000000000000000000000');

INSERT INTO SYS_DICT (ID,VALUE,LABEL,CATEGORY,DESCRIPTION,SEQUENCE,PARENT_ID) 
VALUES ('006dd9700c6343a996fffdb837d4df02','sort','排序方式','root','排序方式字典',2,'00000000000000000000000000000000');

INSERT INTO SYS_DICT (ID,VALUE,LABEL,CATEGORY,DESCRIPTION,SEQUENCE,PARENT_ID) 
VALUES ('3ef666c12386464b8bb72919bfedf095','asc','升序','sort','排序方式升序',1,'006dd9700c6343a996fffdb837d4df02');

INSERT INTO SYS_DICT (ID,VALUE,LABEL,CATEGORY,DESCRIPTION,SEQUENCE,PARENT_ID) 
VALUES ('abec26fffaa142bf8fddbba148cb4fb1','desc','降序','sort','排序方式降序',5,'006dd9700c6343a996fffdb837d4df02');

INSERT INTO SYS_DICT (ID,VALUE,LABEL,CATEGORY,DESCRIPTION,SEQUENCE,PARENT_ID) 
VALUES ('425c2bb98782417aa0e398c3a120504e','=','等于','query','排序方式等于',1,'b23f0094a5c54035aac65c3a6e8bbc13');

INSERT INTO SYS_DICT (ID,VALUE,LABEL,CATEGORY,DESCRIPTION,SEQUENCE,PARENT_ID) 
VALUES ('e947732a62164859bc573208bc1c1ea3','like','LIKE','query','排序方式LIKE',25,'b23f0094a5c54035aac65c3a6e8bbc13');

INSERT INTO SYS_DICT (ID,VALUE,LABEL,CATEGORY,DESCRIPTION,SEQUENCE,PARENT_ID) 
VALUES ('a71be6d72bc9496c97444dd174681255','valid','校验类型','root','表单数据校验类型',4,'00000000000000000000000000000000');

INSERT INTO SYS_DICT (ID,VALUE,LABEL,CATEGORY,DESCRIPTION,SEQUENCE,PARENT_ID) 
VALUES ('93a5e915621c415ba833415d16550043','editable','是否可编辑','root','是否可编辑',7,'00000000000000000000000000000000');

INSERT INTO SYS_DICT (ID,VALUE,LABEL,CATEGORY,DESCRIPTION,SEQUENCE,PARENT_ID) 
VALUES ('46d0f15b58d74d0fae3a14d0449c6a33','Y','是','editable','是',5,'93a5e915621c415ba833415d16550043');

INSERT INTO SYS_DICT (ID,VALUE,LABEL,CATEGORY,DESCRIPTION,SEQUENCE,PARENT_ID) 
VALUES ('285e75fb2c214e14965b8f6a0647d2a1','N','否','editable','否',10,'93a5e915621c415ba833415d16550043');

INSERT INTO SYS_DICT (ID,VALUE,LABEL,CATEGORY,DESCRIPTION,SEQUENCE,PARENT_ID) 
VALUES ('b58d8337fde44cc6931f9a317c1ec461','D','禁用','editable','禁用',15,'93a5e915621c415ba833415d16550043');

INSERT INTO SYS_DICT (ID,VALUE,LABEL,CATEGORY,DESCRIPTION,SEQUENCE,PARENT_ID) 
VALUES ('bfc0b1a8cfe143b0a244679851d08a99','H','隐藏','editable','隐藏',20,'93a5e915621c415ba833415d16550043');

INSERT INTO SYS_DICT (ID,VALUE,LABEL,CATEGORY,DESCRIPTION,SEQUENCE,PARENT_ID) 
VALUES ('be8704e7e9c44e4e8eb526a9bfd51f45','combotree','下拉树','columnCategory','下拉树',38,'8bffb44c5100487f93c01c9619448680');

INSERT INTO SYS_DICT (ID,VALUE,LABEL,CATEGORY,DESCRIPTION,SEQUENCE,PARENT_ID) 
VALUES ('86910beecfa144139c0cb37a44bfe832','D','禁用','yes_no_hidden','disable',13,'05da54f04ce0408e89c839402f83b3f8');

INSERT INTO SYS_DICT (ID,VALUE,LABEL,CATEGORY,DESCRIPTION,SEQUENCE,PARENT_ID) 
VALUES ('05da54f04ce0408e89c839402f83b3f8','yes_no_hidden','表单字段编辑权限','root','表单是否编辑或隐藏',2,'00000000000000000000000000000000');

INSERT INTO SYS_DICT (ID,VALUE,LABEL,CATEGORY,DESCRIPTION,SEQUENCE,PARENT_ID) 
VALUES ('bad1cc7d03c4456ab08347f98297aace','N','否','yes_no_hidden','否',10,'05da54f04ce0408e89c839402f83b3f8');

INSERT INTO SYS_DICT (ID,VALUE,LABEL,CATEGORY,DESCRIPTION,SEQUENCE,PARENT_ID) 
VALUES ('27b2f554dc474ddc81840b53dab6e4e0','Y','是','yes_no_hidden','是',5,'05da54f04ce0408e89c839402f83b3f8');

INSERT INTO SYS_DICT (ID,VALUE,LABEL,CATEGORY,DESCRIPTION,SEQUENCE,PARENT_ID) 
VALUES ('069c81108d6c4fa4a8ea3f60cd6da37f','H','隐藏','yes_no_hidden','隐藏',15,'05da54f04ce0408e89c839402f83b3f8');

INSERT INTO SYS_DICT (ID,VALUE,LABEL,CATEGORY,DESCRIPTION,SEQUENCE,PARENT_ID) 
VALUES ('44710a4cec6443888a65ba7137991f0c','loginName','帐号','valid','帐号，登录名',1,'a71be6d72bc9496c97444dd174681255');

INSERT INTO SYS_DICT (ID,VALUE,LABEL,CATEGORY,DESCRIPTION,SEQUENCE,PARENT_ID) 
VALUES ('25f2253e48c142b9bff112b0500c9bca','url','URL','valid','URL格式校验',3,'a71be6d72bc9496c97444dd174681255');

INSERT INTO SYS_DICT (ID,VALUE,LABEL,CATEGORY,DESCRIPTION,SEQUENCE,PARENT_ID) 
VALUES ('440b144690734530bda8aeff6249647a','email','邮箱','valid','邮箱格式校验',5,'a71be6d72bc9496c97444dd174681255');

INSERT INTO SYS_DICT (ID,VALUE,LABEL,CATEGORY,DESCRIPTION,SEQUENCE,PARENT_ID) 
VALUES ('40e677c9691f42acad06797e3168856f','CHS','汉字','valid','汉字',8,'a71be6d72bc9496c97444dd174681255');

INSERT INTO SYS_DICT (ID,VALUE,LABEL,CATEGORY,DESCRIPTION,SEQUENCE,PARENT_ID) 
VALUES ('d2062ed8cf4448e8927b920b8c54e4d5','english','英语','valid','英语',11,'a71be6d72bc9496c97444dd174681255');

INSERT INTO SYS_DICT (ID,VALUE,LABEL,CATEGORY,DESCRIPTION,SEQUENCE,PARENT_ID) 
VALUES ('f3511a51bfa347dd9c75518f3870e8c2','ChEn','中英文','valid','中英文',14,'a71be6d72bc9496c97444dd174681255');

INSERT INTO SYS_DICT (ID,VALUE,LABEL,CATEGORY,DESCRIPTION,SEQUENCE,PARENT_ID) 
VALUES ('ae05d12ae8434f15817a9d70f5e77c41','money','金额','valid','钱',16,'a71be6d72bc9496c97444dd174681255');

INSERT INTO SYS_DICT (ID,VALUE,LABEL,CATEGORY,DESCRIPTION,SEQUENCE,PARENT_ID) 
VALUES ('85fa7c92066048f6b312ed5657a3ab91','ip','IPV4','valid','IPV4',17,'a71be6d72bc9496c97444dd174681255');

INSERT INTO SYS_DICT (ID,VALUE,LABEL,CATEGORY,DESCRIPTION,SEQUENCE,PARENT_ID) 
VALUES ('ba743fd63cf1437794bd82310ae6000a','ZIP','邮政编码','valid','邮政编码',20,'a71be6d72bc9496c97444dd174681255');

INSERT INTO SYS_DICT (ID,VALUE,LABEL,CATEGORY,DESCRIPTION,SEQUENCE,PARENT_ID) 
VALUES ('96a8c120cb1c4673b7013baeebe3cc19','QQ','QQ','valid','QQ',23,'a71be6d72bc9496c97444dd174681255');

INSERT INTO SYS_DICT (ID,VALUE,LABEL,CATEGORY,DESCRIPTION,SEQUENCE,PARENT_ID) 
VALUES ('a0ab84edbe73465a97eb8dd70dfff6b0','mobile','手机号','valid','手机号',26,'a71be6d72bc9496c97444dd174681255');

INSERT INTO SYS_DICT (ID,VALUE,LABEL,CATEGORY,DESCRIPTION,SEQUENCE,PARENT_ID) 
VALUES ('105a550d0fa54d7fa3abcc8cbf5371a3','tel','电话','valid','电话',29,'a71be6d72bc9496c97444dd174681255');

INSERT INTO SYS_DICT (ID,VALUE,LABEL,CATEGORY,DESCRIPTION,SEQUENCE,PARENT_ID) 
VALUES ('dbb54a0a6d844b0ab2bff2f368e065a8','mobileAndTel','手机电话','valid','手机电话',32,'a71be6d72bc9496c97444dd174681255');

INSERT INTO SYS_DICT (ID,VALUE,LABEL,CATEGORY,DESCRIPTION,SEQUENCE,PARENT_ID) 
VALUES ('47f827e12b1e48938387c9f32744418c','idCode','身份证号','valid','身份证号',35,'a71be6d72bc9496c97444dd174681255');

INSERT INTO SYS_DICT (ID,VALUE,LABEL,CATEGORY,DESCRIPTION,SEQUENCE,PARENT_ID) 
VALUES ('b3a442f4b2b848a2a72a3ae6de3b7306','englishOrNum','英文或数字','valid','英文数字',38,'a71be6d72bc9496c97444dd174681255');

INSERT INTO SYS_DICT (ID,VALUE,LABEL,CATEGORY,DESCRIPTION,SEQUENCE,PARENT_ID) 
VALUES ('5b613d3461e54e639397ca36ca96348a','integer','正整数','valid','正整数',40,'a71be6d72bc9496c97444dd174681255');

INSERT INTO SYS_DICT (ID,VALUE,LABEL,CATEGORY,DESCRIPTION,SEQUENCE,PARENT_ID) 
VALUES ('d7e56b07528e4d0a940479bf415ebe17','integ','0和正整数','valid','正整数最小为0',41,'a71be6d72bc9496c97444dd174681255');

INSERT INTO SYS_DICT (ID,VALUE,LABEL,CATEGORY,DESCRIPTION,SEQUENCE,PARENT_ID) 
VALUES ('6ee7ceda158a402985d674361675fc32','xiaoshu','两位小数','valid','两位小数',44,'a71be6d72bc9496c97444dd174681255');

INSERT INTO SYS_DICT (ID,VALUE,LABEL,CATEGORY,DESCRIPTION,SEQUENCE,PARENT_ID) 
VALUES ('1631194214b64ae991366cdb01cab0af','M','男','sex','性别',1,'f5814ca746a145bc844669a70d984a9c');

INSERT INTO SYS_DICT (ID,VALUE,LABEL,CATEGORY,DESCRIPTION,SEQUENCE,PARENT_ID) 
VALUES ('4088a75a965f4a11acce875fe864623b','F','女','sex','性别',2,'f5814ca746a145bc844669a70d984a9c');

INSERT INTO SYS_DICT (ID,VALUE,LABEL,CATEGORY,DESCRIPTION,SEQUENCE,PARENT_ID) 
VALUES ('1125e32a6aa442e881d899574ed29c9f','Y','是','yes_no','是',0,'0469a2108e854bbc83d5afa7b3367676');

INSERT INTO SYS_DICT (ID,VALUE,LABEL,CATEGORY,DESCRIPTION,SEQUENCE,PARENT_ID) 
VALUES ('9a8e72198a7a48b0a0c1b95395b19ef3','N','否','yes_no','否',1,'0469a2108e854bbc83d5afa7b3367676');

INSERT INTO SYS_DICT (ID,VALUE,LABEL,CATEGORY,DESCRIPTION,SEQUENCE,PARENT_ID) 
VALUES ('b23f0094a5c54035aac65c3a6e8bbc13','query','查询方式','root','数据库字段查询方式',3,'00000000000000000000000000000000');

INSERT INTO SYS_DICT (ID,VALUE,LABEL,CATEGORY,DESCRIPTION,SEQUENCE,PARENT_ID) 
VALUES ('238c813e6157415bad169b28ec939346','<','小于','query','排序方式小于',5,'b23f0094a5c54035aac65c3a6e8bbc13');

INSERT INTO SYS_DICT (ID,VALUE,LABEL,CATEGORY,DESCRIPTION,SEQUENCE,PARENT_ID) 
VALUES ('c306c0753a51406ea7ae2777899fc71c','>','大于','query','排序方式大于',10,'b23f0094a5c54035aac65c3a6e8bbc13');

INSERT INTO SYS_DICT (ID,VALUE,LABEL,CATEGORY,DESCRIPTION,SEQUENCE,PARENT_ID) 
VALUES ('a5b17303fda549909992510c027eccb7','>=','大于等于','query','排序方式大于等于',20,'b23f0094a5c54035aac65c3a6e8bbc13');

INSERT INTO SYS_DICT (ID,VALUE,LABEL,CATEGORY,DESCRIPTION,SEQUENCE,PARENT_ID) 
VALUES ('0469a2108e854bbc83d5afa7b3367676','yes_no','是否','root','是否字典',1,'00000000000000000000000000000000');

INSERT INTO SYS_DICT (ID,VALUE,LABEL,CATEGORY,DESCRIPTION,SEQUENCE,PARENT_ID) 
VALUES ('8f34b07686d543f98af15332b1b2484e','combobox','列表','columnCategory','下拉框',15,'8bffb44c5100487f93c01c9619448680');

INSERT INTO SYS_DICT (ID,VALUE,LABEL,CATEGORY,DESCRIPTION,SEQUENCE,PARENT_ID) 
VALUES ('276695a7bf264d409f95290992a13044','radiobox','单选','columnCategory','单选按钮组',20,'8bffb44c5100487f93c01c9619448680');

INSERT INTO SYS_DICT (ID,VALUE,LABEL,CATEGORY,DESCRIPTION,SEQUENCE,PARENT_ID) 
VALUES ('4f69dcc49059453ea7d3f24df8dce31a','checkbox','复选','columnCategory','复选框',25,'8bffb44c5100487f93c01c9619448680');

INSERT INTO SYS_DICT (ID,VALUE,LABEL,CATEGORY,DESCRIPTION,SEQUENCE,PARENT_ID) 
VALUES ('b9b948f3b6834e0583b2de6e74700e62','datebox','日期','columnCategory','日期',30,'8bffb44c5100487f93c01c9619448680');

INSERT INTO SYS_DICT (ID,VALUE,LABEL,CATEGORY,DESCRIPTION,SEQUENCE,PARENT_ID) 
VALUES ('36962a4c19ea402782a21e427ee8d2f5','htmldesign','HTML','columnCategory','UEditor',40,'8bffb44c5100487f93c01c9619448680');

INSERT INTO SYS_DICT (ID,VALUE,LABEL,CATEGORY,DESCRIPTION,SEQUENCE,PARENT_ID) 
VALUES ('f5814ca746a145bc844669a70d984a9c','sex','性别','root','性别字典',0,'00000000000000000000000000000000');

INSERT INTO SYS_DICT (ID,VALUE,LABEL,CATEGORY,DESCRIPTION,SEQUENCE,PARENT_ID) 
VALUES ('8bffb44c5100487f93c01c9619448680','columnCategory','字段生成规则','root','字段自动生成',5,'00000000000000000000000000000000');

INSERT INTO SYS_DICT (ID,VALUE,LABEL,CATEGORY,DESCRIPTION,SEQUENCE,PARENT_ID) 
VALUES ('1fc867dcf4e4404ca8127a85f6d215b2','textbox','单行','columnCategory','单行输入框',5,'8bffb44c5100487f93c01c9619448680');

INSERT INTO SYS_DICT (ID,VALUE,LABEL,CATEGORY,DESCRIPTION,SEQUENCE,PARENT_ID) 
VALUES ('8473a29b4c7c480cbd4faaf6f8d3726b','numberbox','数值','columnCategory','数字',10,'8bffb44c5100487f93c01c9619448680');

INSERT INTO SYS_DICT (ID,VALUE,LABEL,CATEGORY,DESCRIPTION,SEQUENCE,PARENT_ID) 
VALUES ('40140cf333554cfbbb1edc3486392c8e','textarea','多行','columnCategory','多行文本框',35,'8bffb44c5100487f93c01c9619448680');

INSERT INTO SYS_DICT (ID,VALUE,LABEL,CATEGORY,DESCRIPTION,SEQUENCE,PARENT_ID) 
VALUES ('838ebfaff94a42c5abd718e811f4da5f','jdbcType','数据库字段类型','root','数据库字段类型',6,'00000000000000000000000000000000');

INSERT INTO SYS_DICT (ID,VALUE,LABEL,CATEGORY,DESCRIPTION,SEQUENCE,PARENT_ID) 
VALUES ('707e7b2585cd468484094fdf94d9e3be','CHAR','CHAR','jdbcType','CHAR',1,'838ebfaff94a42c5abd718e811f4da5f');

INSERT INTO SYS_DICT (ID,VALUE,LABEL,CATEGORY,DESCRIPTION,SEQUENCE,PARENT_ID) 
VALUES ('286369a2800540d38d0a39c72b5d209a','VARCHAR2','VARCHAR2','jdbcType','VARCHAR2',5,'838ebfaff94a42c5abd718e811f4da5f');

INSERT INTO SYS_DICT (ID,VALUE,LABEL,CATEGORY,DESCRIPTION,SEQUENCE,PARENT_ID) 
VALUES ('5e24d786442940c7b164fae2d8264821','NUMBER','NUMBER','jdbcType','NUMBER',10,'838ebfaff94a42c5abd718e811f4da5f');

INSERT INTO SYS_DICT (ID,VALUE,LABEL,CATEGORY,DESCRIPTION,SEQUENCE,PARENT_ID) 
VALUES ('13956f4e6bca40a2a45670e9593904ba','DATE','DATE','jdbcType','DATE',15,'838ebfaff94a42c5abd718e811f4da5f');

INSERT INTO SYS_DICT (ID,VALUE,LABEL,CATEGORY,DESCRIPTION,SEQUENCE,PARENT_ID) 
VALUES ('d9a81aa07d14446d8a2b3aee1db88f80','CLOB','CLOB','jdbcType','CLOB',20,'838ebfaff94a42c5abd718e811f4da5f');

INSERT INTO SYS_DICT (ID,VALUE,LABEL,CATEGORY,DESCRIPTION,SEQUENCE,PARENT_ID) 
VALUES ('0b36e6e0de4d40bea6bb078a38bbed22','<=','小于等于','query','排序方式小于等于',15,'b23f0094a5c54035aac65c3a6e8bbc13');

INSERT INTO SYS_DICT (ID,VALUE,LABEL,CATEGORY,DESCRIPTION,SEQUENCE,PARENT_ID) 
VALUES ('5da5691ce03240b0a2fcaba6b70227fb','not like','NOT LIKE','query','排序方式NOTLIKE',30,'b23f0094a5c54035aac65c3a6e8bbc13');

INSERT INTO SYS_DICT (ID,VALUE,LABEL,CATEGORY,DESCRIPTION,SEQUENCE,PARENT_ID) 
VALUES ('b56c8a3b28ce496c84668ac05991e1ed','delay_finish','延期完成','plan_task_status','延期完成',5,'0899e95e60514077b73c59a3164411ab');

INSERT INTO SYS_DICT (ID,VALUE,LABEL,CATEGORY,DESCRIPTION,SEQUENCE,PARENT_ID) 
VALUES ('6a12255ab2ce4f168e23096040eec120','sys_job','系统任务','quartz_category','系统任务计划',0,'0d71cae660dd4c76912a946cc83326ba');

INSERT INTO SYS_MENU (ID,PARENT_ID,NAME,URL,SEQUENCE,ICON,TARGET) 
VALUES ('3fb5c9ba43654841889c278e9beca6b6','d63fb68c3af44a5a9bc93afc3edba378','演示','/bussiness/demo/list',999,'fa fa-file-o','_blank');

INSERT INTO SYS_MENU (ID,PARENT_ID,NAME,URL,SEQUENCE,ICON,TARGET) 
VALUES ('b3d67c1d94d7408f878d9c0726d9f09c','c617ec2d6eee475ea05fbe779ab3b7c8','权限管理','/sysPermission/list',7,'fa fa-tags','_blank');

INSERT INTO SYS_MENU (ID,PARENT_ID,NAME,URL,SEQUENCE,ICON,TARGET) 
VALUES ('e293c0ce48354d1896934700e1f0282c','c617ec2d6eee475ea05fbe779ab3b7c8','模块管理','/sysModule/list',3,'fa fa-cubes','_blank');

INSERT INTO SYS_MENU (ID,PARENT_ID,NAME,URL,SEQUENCE,ICON,TARGET) 
VALUES ('00000000000000000000000000000000','ffffffffffffffffffffffffffffffff','导航菜单','/',1,'/',null);

INSERT INTO SYS_MENU (ID,PARENT_ID,NAME,URL,SEQUENCE,ICON,TARGET) 
VALUES ('08e27f9288d04c7a8839dc65f6cbd1fa','c617ec2d6eee475ea05fbe779ab3b7c8','用户管理','/sysUser/list',10,'fa fa-user','_blank');

INSERT INTO SYS_MENU (ID,PARENT_ID,NAME,URL,SEQUENCE,ICON,TARGET) 
VALUES ('0a0bf010a2e54ee5a82d0d2fe3708d2f','c617ec2d6eee475ea05fbe779ab3b7c8','部门管理','/sysDepartment/list',8,'fa fa-sitemap','_blank');

INSERT INTO SYS_MENU (ID,PARENT_ID,NAME,URL,SEQUENCE,ICON,TARGET) 
VALUES ('8bf056fec564462e9f6dd02d89630b9d','c617ec2d6eee475ea05fbe779ab3b7c8','菜单管理','/sysMenu/list',1,'fa fa-th-list','_blank');

INSERT INTO SYS_MENU (ID,PARENT_ID,NAME,URL,SEQUENCE,ICON,TARGET) 
VALUES ('935acd7355634b278549b0ebbba01876','c617ec2d6eee475ea05fbe779ab3b7c8','角色管理','/sysRole/list',5,'fa fa-user-md','_blank');

INSERT INTO SYS_MENU (ID,PARENT_ID,NAME,URL,SEQUENCE,ICON,TARGET) 
VALUES ('c617ec2d6eee475ea05fbe779ab3b7c8','00000000000000000000000000000000','系统管理','/',99,'fa fa-th','_blank');

INSERT INTO SYS_MENU (ID,PARENT_ID,NAME,URL,SEQUENCE,ICON,TARGET) 
VALUES ('d63fb68c3af44a5a9bc93afc3edba378','00000000000000000000000000000000','内容发布','/',66,'fa fa-file-text-o','_blank');

INSERT INTO SYS_MENU (ID,PARENT_ID,NAME,URL,SEQUENCE,ICON,TARGET) 
VALUES ('95fee483e011455a822f9a9e6a483fce','c617ec2d6eee475ea05fbe779ab3b7c8','系统字典','/sys/dict/list',99,'fa fa-indent','_blank');

INSERT INTO SYS_MENU (ID,PARENT_ID,NAME,URL,SEQUENCE,ICON,TARGET) 
VALUES ('f9253401654549a7ab86d53edf2c0d5b','c617ec2d6eee475ea05fbe779ab3b7c8','系统皮肤','/sys/skins/list',88,'fa fa-gift','_blank');

INSERT INTO SYS_MENU (ID,PARENT_ID,NAME,URL,SEQUENCE,ICON,TARGET) 
VALUES ('bf7b7fb56f574cda8355fe5aa6e7735c','c617ec2d6eee475ea05fbe779ab3b7c8','数据库字典','/sys/db/list',90,'fa fa-list','_blank');

INSERT INTO SYS_MENU (ID,PARENT_ID,NAME,URL,SEQUENCE,ICON,TARGET) 
VALUES ('62e818ed15e647bdad4bee8f199ba21f','b48d762c01c54dce95c31fb42204d126','业务表建模','/sys/mod/db/list',11,'fa fa-database','_blank');

INSERT INTO SYS_MENU (ID,PARENT_ID,NAME,URL,SEQUENCE,ICON,TARGET) 
VALUES ('2db887eb47aa458d9d04d54489b0684f','c617ec2d6eee475ea05fbe779ab3b7c8','DruidMonitor','/druid/index.html',999,'fa fa-eye','_blank');

INSERT INTO SYS_MENU (ID,PARENT_ID,NAME,URL,SEQUENCE,ICON,TARGET) 
VALUES ('b48d762c01c54dce95c31fb42204d126','00000000000000000000000000000000','系统建模','/',88,'fa fa-medium','_blank');

INSERT INTO SYS_MENU (ID,PARENT_ID,NAME,URL,SEQUENCE,ICON,TARGET) 
VALUES ('8fb68d4012d34b6393c3d999dde478ad','c617ec2d6eee475ea05fbe779ab3b7c8','定时任务计划','/quartz/quartzConf/list',888,'fa fa-hospital-o','_blank');

INSERT INTO SYS_MODULE (ID,NAME,SHIRO) 
VALUES ('d94881a8dc854298bfac029147b38e26','系统皮肤','skins');

INSERT INTO SYS_MODULE (ID,NAME,SHIRO) 
VALUES ('7466722e008349cfb7ed1d034b856bad','系统角色菜单','sysRoleMenu');

INSERT INTO SYS_MODULE (ID,NAME,SHIRO) 
VALUES ('0cc19fd4409a4d8b832a02584b15e45f','系统角色模块','sysRoleModule');

INSERT INTO SYS_MODULE (ID,NAME,SHIRO) 
VALUES ('3570d90302404b769704bd810ea3696a','系统用户角色','sysUserRole');

INSERT INTO SYS_MODULE (ID,NAME,SHIRO) 
VALUES ('ddc3b32e4fae473e82a69a28c41a6b48','系统模块权限','sysModulePermission');

INSERT INTO SYS_MODULE (ID,NAME,SHIRO) 
VALUES ('7d741c551b984b7bb776e742090d076f','系统角色','sysRole');

INSERT INTO SYS_MODULE (ID,NAME,SHIRO) 
VALUES ('2b5d24bdb8b6413e9a1b2fb2e12437a6','系统权限','sysPermission');

INSERT INTO SYS_MODULE (ID,NAME,SHIRO) 
VALUES ('8996fada7b6542779535357d7eee8197','系统用户','sysUser');

INSERT INTO SYS_MODULE (ID,NAME,SHIRO) 
VALUES ('bce58ffd35774b91a6ffc6c690d22d34','系统菜单','sysMenu');

INSERT INTO SYS_MODULE (ID,NAME,SHIRO) 
VALUES ('8b92453ba86642478dca3aa7ee9106c2','系统部门','sysDepartment');

INSERT INTO SYS_MODULE (ID,NAME,SHIRO) 
VALUES ('6267cc893dcf47c2b41279e52bc5fa73','系统模块','sysModule');

INSERT INTO SYS_MODULE (ID,NAME,SHIRO) 
VALUES ('a59afc9f487f4a6fa5dcae9e195bf499','系统字典','dict');

INSERT INTO SYS_MODULE (ID,NAME,SHIRO) 
VALUES ('80f11f6553a74d34bb750255ba3308e7','业务表字段建模','sys:tableColumn');

INSERT INTO SYS_MODULE (ID,NAME,SHIRO) 
VALUES ('6d82509cc687416f8c1ad01f49efb54b','业务表建模','sys:table');

INSERT INTO SYS_MODULE (ID,NAME,SHIRO) 
VALUES ('7fe102f7b2424128bd7828d9e1d2d790','数据字典-表','sys:userTables');

INSERT INTO SYS_MODULE (ID,NAME,SHIRO) 
VALUES ('349ed3e79dbe406b9034ef73bb8056d3','数据字典-列','sys:userTabColumns');

INSERT INTO SYS_MODULE (ID,NAME,SHIRO) 
VALUES ('3019e17df75c4ec28ac613472fb6b79f','系统数据库建模','sys:db');

INSERT INTO SYS_MODULE_PERMISSION (MODULE_ID,PERMISSION_ID) 
VALUES ('0cc19fd4409a4d8b832a02584b15e45f','build');

INSERT INTO SYS_MODULE_PERMISSION (MODULE_ID,PERMISSION_ID) 
VALUES ('0cc19fd4409a4d8b832a02584b15e45f','create');

INSERT INTO SYS_MODULE_PERMISSION (MODULE_ID,PERMISSION_ID) 
VALUES ('0cc19fd4409a4d8b832a02584b15e45f','delete');

INSERT INTO SYS_MODULE_PERMISSION (MODULE_ID,PERMISSION_ID) 
VALUES ('0cc19fd4409a4d8b832a02584b15e45f','deploy');

INSERT INTO SYS_MODULE_PERMISSION (MODULE_ID,PERMISSION_ID) 
VALUES ('0cc19fd4409a4d8b832a02584b15e45f','download');

INSERT INTO SYS_MODULE_PERMISSION (MODULE_ID,PERMISSION_ID) 
VALUES ('0cc19fd4409a4d8b832a02584b15e45f','drop');

INSERT INTO SYS_MODULE_PERMISSION (MODULE_ID,PERMISSION_ID) 
VALUES ('0cc19fd4409a4d8b832a02584b15e45f','export');

INSERT INTO SYS_MODULE_PERMISSION (MODULE_ID,PERMISSION_ID) 
VALUES ('0cc19fd4409a4d8b832a02584b15e45f','import');

INSERT INTO SYS_MODULE_PERMISSION (MODULE_ID,PERMISSION_ID) 
VALUES ('0cc19fd4409a4d8b832a02584b15e45f','insert');

INSERT INTO SYS_MODULE_PERMISSION (MODULE_ID,PERMISSION_ID) 
VALUES ('0cc19fd4409a4d8b832a02584b15e45f','print');

INSERT INTO SYS_MODULE_PERMISSION (MODULE_ID,PERMISSION_ID) 
VALUES ('0cc19fd4409a4d8b832a02584b15e45f','select');

INSERT INTO SYS_MODULE_PERMISSION (MODULE_ID,PERMISSION_ID) 
VALUES ('0cc19fd4409a4d8b832a02584b15e45f','update');

INSERT INTO SYS_MODULE_PERMISSION (MODULE_ID,PERMISSION_ID) 
VALUES ('0cc19fd4409a4d8b832a02584b15e45f','upload');

INSERT INTO SYS_MODULE_PERMISSION (MODULE_ID,PERMISSION_ID) 
VALUES ('0cc19fd4409a4d8b832a02584b15e45f','view');

INSERT INTO SYS_MODULE_PERMISSION (MODULE_ID,PERMISSION_ID) 
VALUES ('2b5d24bdb8b6413e9a1b2fb2e12437a6','build');

INSERT INTO SYS_MODULE_PERMISSION (MODULE_ID,PERMISSION_ID) 
VALUES ('2b5d24bdb8b6413e9a1b2fb2e12437a6','create');

INSERT INTO SYS_MODULE_PERMISSION (MODULE_ID,PERMISSION_ID) 
VALUES ('2b5d24bdb8b6413e9a1b2fb2e12437a6','delete');

INSERT INTO SYS_MODULE_PERMISSION (MODULE_ID,PERMISSION_ID) 
VALUES ('2b5d24bdb8b6413e9a1b2fb2e12437a6','deploy');

INSERT INTO SYS_MODULE_PERMISSION (MODULE_ID,PERMISSION_ID) 
VALUES ('2b5d24bdb8b6413e9a1b2fb2e12437a6','download');

INSERT INTO SYS_MODULE_PERMISSION (MODULE_ID,PERMISSION_ID) 
VALUES ('2b5d24bdb8b6413e9a1b2fb2e12437a6','drop');

INSERT INTO SYS_MODULE_PERMISSION (MODULE_ID,PERMISSION_ID) 
VALUES ('2b5d24bdb8b6413e9a1b2fb2e12437a6','export');

INSERT INTO SYS_MODULE_PERMISSION (MODULE_ID,PERMISSION_ID) 
VALUES ('2b5d24bdb8b6413e9a1b2fb2e12437a6','import');

INSERT INTO SYS_MODULE_PERMISSION (MODULE_ID,PERMISSION_ID) 
VALUES ('2b5d24bdb8b6413e9a1b2fb2e12437a6','insert');

INSERT INTO SYS_MODULE_PERMISSION (MODULE_ID,PERMISSION_ID) 
VALUES ('2b5d24bdb8b6413e9a1b2fb2e12437a6','print');

INSERT INTO SYS_MODULE_PERMISSION (MODULE_ID,PERMISSION_ID) 
VALUES ('2b5d24bdb8b6413e9a1b2fb2e12437a6','select');

INSERT INTO SYS_MODULE_PERMISSION (MODULE_ID,PERMISSION_ID) 
VALUES ('2b5d24bdb8b6413e9a1b2fb2e12437a6','update');

INSERT INTO SYS_MODULE_PERMISSION (MODULE_ID,PERMISSION_ID) 
VALUES ('2b5d24bdb8b6413e9a1b2fb2e12437a6','upload');

INSERT INTO SYS_MODULE_PERMISSION (MODULE_ID,PERMISSION_ID) 
VALUES ('2b5d24bdb8b6413e9a1b2fb2e12437a6','view');

INSERT INTO SYS_MODULE_PERMISSION (MODULE_ID,PERMISSION_ID) 
VALUES ('3019e17df75c4ec28ac613472fb6b79f','view');

INSERT INTO SYS_MODULE_PERMISSION (MODULE_ID,PERMISSION_ID) 
VALUES ('349ed3e79dbe406b9034ef73bb8056d3','export');

INSERT INTO SYS_MODULE_PERMISSION (MODULE_ID,PERMISSION_ID) 
VALUES ('349ed3e79dbe406b9034ef73bb8056d3','select');

INSERT INTO SYS_MODULE_PERMISSION (MODULE_ID,PERMISSION_ID) 
VALUES ('349ed3e79dbe406b9034ef73bb8056d3','view');

INSERT INTO SYS_MODULE_PERMISSION (MODULE_ID,PERMISSION_ID) 
VALUES ('3570d90302404b769704bd810ea3696a','build');

INSERT INTO SYS_MODULE_PERMISSION (MODULE_ID,PERMISSION_ID) 
VALUES ('3570d90302404b769704bd810ea3696a','create');

INSERT INTO SYS_MODULE_PERMISSION (MODULE_ID,PERMISSION_ID) 
VALUES ('3570d90302404b769704bd810ea3696a','delete');

INSERT INTO SYS_MODULE_PERMISSION (MODULE_ID,PERMISSION_ID) 
VALUES ('3570d90302404b769704bd810ea3696a','deploy');

INSERT INTO SYS_MODULE_PERMISSION (MODULE_ID,PERMISSION_ID) 
VALUES ('3570d90302404b769704bd810ea3696a','download');

INSERT INTO SYS_MODULE_PERMISSION (MODULE_ID,PERMISSION_ID) 
VALUES ('3570d90302404b769704bd810ea3696a','drop');

INSERT INTO SYS_MODULE_PERMISSION (MODULE_ID,PERMISSION_ID) 
VALUES ('3570d90302404b769704bd810ea3696a','export');

INSERT INTO SYS_MODULE_PERMISSION (MODULE_ID,PERMISSION_ID) 
VALUES ('3570d90302404b769704bd810ea3696a','import');

INSERT INTO SYS_MODULE_PERMISSION (MODULE_ID,PERMISSION_ID) 
VALUES ('3570d90302404b769704bd810ea3696a','insert');

INSERT INTO SYS_MODULE_PERMISSION (MODULE_ID,PERMISSION_ID) 
VALUES ('3570d90302404b769704bd810ea3696a','print');

INSERT INTO SYS_MODULE_PERMISSION (MODULE_ID,PERMISSION_ID) 
VALUES ('3570d90302404b769704bd810ea3696a','select');

INSERT INTO SYS_MODULE_PERMISSION (MODULE_ID,PERMISSION_ID) 
VALUES ('3570d90302404b769704bd810ea3696a','update');

INSERT INTO SYS_MODULE_PERMISSION (MODULE_ID,PERMISSION_ID) 
VALUES ('3570d90302404b769704bd810ea3696a','upload');

INSERT INTO SYS_MODULE_PERMISSION (MODULE_ID,PERMISSION_ID) 
VALUES ('3570d90302404b769704bd810ea3696a','view');

INSERT INTO SYS_MODULE_PERMISSION (MODULE_ID,PERMISSION_ID) 
VALUES ('6267cc893dcf47c2b41279e52bc5fa73','build');

INSERT INTO SYS_MODULE_PERMISSION (MODULE_ID,PERMISSION_ID) 
VALUES ('6267cc893dcf47c2b41279e52bc5fa73','create');

INSERT INTO SYS_MODULE_PERMISSION (MODULE_ID,PERMISSION_ID) 
VALUES ('6267cc893dcf47c2b41279e52bc5fa73','delete');

INSERT INTO SYS_MODULE_PERMISSION (MODULE_ID,PERMISSION_ID) 
VALUES ('6267cc893dcf47c2b41279e52bc5fa73','deploy');

INSERT INTO SYS_MODULE_PERMISSION (MODULE_ID,PERMISSION_ID) 
VALUES ('6267cc893dcf47c2b41279e52bc5fa73','download');

INSERT INTO SYS_MODULE_PERMISSION (MODULE_ID,PERMISSION_ID) 
VALUES ('6267cc893dcf47c2b41279e52bc5fa73','drop');

INSERT INTO SYS_MODULE_PERMISSION (MODULE_ID,PERMISSION_ID) 
VALUES ('6267cc893dcf47c2b41279e52bc5fa73','export');

INSERT INTO SYS_MODULE_PERMISSION (MODULE_ID,PERMISSION_ID) 
VALUES ('6267cc893dcf47c2b41279e52bc5fa73','import');

INSERT INTO SYS_MODULE_PERMISSION (MODULE_ID,PERMISSION_ID) 
VALUES ('6267cc893dcf47c2b41279e52bc5fa73','insert');

INSERT INTO SYS_MODULE_PERMISSION (MODULE_ID,PERMISSION_ID) 
VALUES ('6267cc893dcf47c2b41279e52bc5fa73','print');

INSERT INTO SYS_MODULE_PERMISSION (MODULE_ID,PERMISSION_ID) 
VALUES ('6267cc893dcf47c2b41279e52bc5fa73','select');

INSERT INTO SYS_MODULE_PERMISSION (MODULE_ID,PERMISSION_ID) 
VALUES ('6267cc893dcf47c2b41279e52bc5fa73','update');

INSERT INTO SYS_MODULE_PERMISSION (MODULE_ID,PERMISSION_ID) 
VALUES ('6267cc893dcf47c2b41279e52bc5fa73','upload');

INSERT INTO SYS_MODULE_PERMISSION (MODULE_ID,PERMISSION_ID) 
VALUES ('6267cc893dcf47c2b41279e52bc5fa73','view');

INSERT INTO SYS_MODULE_PERMISSION (MODULE_ID,PERMISSION_ID) 
VALUES ('6d82509cc687416f8c1ad01f49efb54b','delete');

INSERT INTO SYS_MODULE_PERMISSION (MODULE_ID,PERMISSION_ID) 
VALUES ('6d82509cc687416f8c1ad01f49efb54b','insert');

INSERT INTO SYS_MODULE_PERMISSION (MODULE_ID,PERMISSION_ID) 
VALUES ('6d82509cc687416f8c1ad01f49efb54b','select');

INSERT INTO SYS_MODULE_PERMISSION (MODULE_ID,PERMISSION_ID) 
VALUES ('6d82509cc687416f8c1ad01f49efb54b','update');

INSERT INTO SYS_MODULE_PERMISSION (MODULE_ID,PERMISSION_ID) 
VALUES ('6d82509cc687416f8c1ad01f49efb54b','view');

INSERT INTO SYS_MODULE_PERMISSION (MODULE_ID,PERMISSION_ID) 
VALUES ('7466722e008349cfb7ed1d034b856bad','build');

INSERT INTO SYS_MODULE_PERMISSION (MODULE_ID,PERMISSION_ID) 
VALUES ('7466722e008349cfb7ed1d034b856bad','create');

INSERT INTO SYS_MODULE_PERMISSION (MODULE_ID,PERMISSION_ID) 
VALUES ('7466722e008349cfb7ed1d034b856bad','delete');

INSERT INTO SYS_MODULE_PERMISSION (MODULE_ID,PERMISSION_ID) 
VALUES ('7466722e008349cfb7ed1d034b856bad','deploy');

INSERT INTO SYS_MODULE_PERMISSION (MODULE_ID,PERMISSION_ID) 
VALUES ('7466722e008349cfb7ed1d034b856bad','download');

INSERT INTO SYS_MODULE_PERMISSION (MODULE_ID,PERMISSION_ID) 
VALUES ('7466722e008349cfb7ed1d034b856bad','drop');

INSERT INTO SYS_MODULE_PERMISSION (MODULE_ID,PERMISSION_ID) 
VALUES ('7466722e008349cfb7ed1d034b856bad','export');

INSERT INTO SYS_MODULE_PERMISSION (MODULE_ID,PERMISSION_ID) 
VALUES ('7466722e008349cfb7ed1d034b856bad','import');

INSERT INTO SYS_MODULE_PERMISSION (MODULE_ID,PERMISSION_ID) 
VALUES ('7466722e008349cfb7ed1d034b856bad','insert');

INSERT INTO SYS_MODULE_PERMISSION (MODULE_ID,PERMISSION_ID) 
VALUES ('7466722e008349cfb7ed1d034b856bad','print');

INSERT INTO SYS_MODULE_PERMISSION (MODULE_ID,PERMISSION_ID) 
VALUES ('7466722e008349cfb7ed1d034b856bad','select');

INSERT INTO SYS_MODULE_PERMISSION (MODULE_ID,PERMISSION_ID) 
VALUES ('7466722e008349cfb7ed1d034b856bad','update');

INSERT INTO SYS_MODULE_PERMISSION (MODULE_ID,PERMISSION_ID) 
VALUES ('7466722e008349cfb7ed1d034b856bad','upload');

INSERT INTO SYS_MODULE_PERMISSION (MODULE_ID,PERMISSION_ID) 
VALUES ('7466722e008349cfb7ed1d034b856bad','view');

INSERT INTO SYS_MODULE_PERMISSION (MODULE_ID,PERMISSION_ID) 
VALUES ('7d741c551b984b7bb776e742090d076f','build');

INSERT INTO SYS_MODULE_PERMISSION (MODULE_ID,PERMISSION_ID) 
VALUES ('7d741c551b984b7bb776e742090d076f','create');

INSERT INTO SYS_MODULE_PERMISSION (MODULE_ID,PERMISSION_ID) 
VALUES ('7d741c551b984b7bb776e742090d076f','delete');

INSERT INTO SYS_MODULE_PERMISSION (MODULE_ID,PERMISSION_ID) 
VALUES ('7d741c551b984b7bb776e742090d076f','deploy');

INSERT INTO SYS_MODULE_PERMISSION (MODULE_ID,PERMISSION_ID) 
VALUES ('7d741c551b984b7bb776e742090d076f','download');

INSERT INTO SYS_MODULE_PERMISSION (MODULE_ID,PERMISSION_ID) 
VALUES ('7d741c551b984b7bb776e742090d076f','drop');

INSERT INTO SYS_MODULE_PERMISSION (MODULE_ID,PERMISSION_ID) 
VALUES ('7d741c551b984b7bb776e742090d076f','export');

INSERT INTO SYS_MODULE_PERMISSION (MODULE_ID,PERMISSION_ID) 
VALUES ('7d741c551b984b7bb776e742090d076f','import');

INSERT INTO SYS_MODULE_PERMISSION (MODULE_ID,PERMISSION_ID) 
VALUES ('7d741c551b984b7bb776e742090d076f','insert');

INSERT INTO SYS_MODULE_PERMISSION (MODULE_ID,PERMISSION_ID) 
VALUES ('7d741c551b984b7bb776e742090d076f','print');

INSERT INTO SYS_MODULE_PERMISSION (MODULE_ID,PERMISSION_ID) 
VALUES ('7d741c551b984b7bb776e742090d076f','select');

INSERT INTO SYS_MODULE_PERMISSION (MODULE_ID,PERMISSION_ID) 
VALUES ('7d741c551b984b7bb776e742090d076f','update');

INSERT INTO SYS_MODULE_PERMISSION (MODULE_ID,PERMISSION_ID) 
VALUES ('7d741c551b984b7bb776e742090d076f','upload');

INSERT INTO SYS_MODULE_PERMISSION (MODULE_ID,PERMISSION_ID) 
VALUES ('7d741c551b984b7bb776e742090d076f','view');

INSERT INTO SYS_MODULE_PERMISSION (MODULE_ID,PERMISSION_ID) 
VALUES ('7fe102f7b2424128bd7828d9e1d2d790','export');

INSERT INTO SYS_MODULE_PERMISSION (MODULE_ID,PERMISSION_ID) 
VALUES ('7fe102f7b2424128bd7828d9e1d2d790','select');

INSERT INTO SYS_MODULE_PERMISSION (MODULE_ID,PERMISSION_ID) 
VALUES ('7fe102f7b2424128bd7828d9e1d2d790','view');

INSERT INTO SYS_MODULE_PERMISSION (MODULE_ID,PERMISSION_ID) 
VALUES ('80f11f6553a74d34bb750255ba3308e7','delete');

INSERT INTO SYS_MODULE_PERMISSION (MODULE_ID,PERMISSION_ID) 
VALUES ('80f11f6553a74d34bb750255ba3308e7','export');

INSERT INTO SYS_MODULE_PERMISSION (MODULE_ID,PERMISSION_ID) 
VALUES ('80f11f6553a74d34bb750255ba3308e7','insert');

INSERT INTO SYS_MODULE_PERMISSION (MODULE_ID,PERMISSION_ID) 
VALUES ('80f11f6553a74d34bb750255ba3308e7','select');

INSERT INTO SYS_MODULE_PERMISSION (MODULE_ID,PERMISSION_ID) 
VALUES ('80f11f6553a74d34bb750255ba3308e7','update');

INSERT INTO SYS_MODULE_PERMISSION (MODULE_ID,PERMISSION_ID) 
VALUES ('80f11f6553a74d34bb750255ba3308e7','view');

INSERT INTO SYS_MODULE_PERMISSION (MODULE_ID,PERMISSION_ID) 
VALUES ('8996fada7b6542779535357d7eee8197','build');

INSERT INTO SYS_MODULE_PERMISSION (MODULE_ID,PERMISSION_ID) 
VALUES ('8996fada7b6542779535357d7eee8197','create');

INSERT INTO SYS_MODULE_PERMISSION (MODULE_ID,PERMISSION_ID) 
VALUES ('8996fada7b6542779535357d7eee8197','delete');

INSERT INTO SYS_MODULE_PERMISSION (MODULE_ID,PERMISSION_ID) 
VALUES ('8996fada7b6542779535357d7eee8197','deploy');

INSERT INTO SYS_MODULE_PERMISSION (MODULE_ID,PERMISSION_ID) 
VALUES ('8996fada7b6542779535357d7eee8197','download');

INSERT INTO SYS_MODULE_PERMISSION (MODULE_ID,PERMISSION_ID) 
VALUES ('8996fada7b6542779535357d7eee8197','drop');

INSERT INTO SYS_MODULE_PERMISSION (MODULE_ID,PERMISSION_ID) 
VALUES ('8996fada7b6542779535357d7eee8197','export');

INSERT INTO SYS_MODULE_PERMISSION (MODULE_ID,PERMISSION_ID) 
VALUES ('8996fada7b6542779535357d7eee8197','import');

INSERT INTO SYS_MODULE_PERMISSION (MODULE_ID,PERMISSION_ID) 
VALUES ('8996fada7b6542779535357d7eee8197','insert');

INSERT INTO SYS_MODULE_PERMISSION (MODULE_ID,PERMISSION_ID) 
VALUES ('8996fada7b6542779535357d7eee8197','print');

INSERT INTO SYS_MODULE_PERMISSION (MODULE_ID,PERMISSION_ID) 
VALUES ('8996fada7b6542779535357d7eee8197','select');

INSERT INTO SYS_MODULE_PERMISSION (MODULE_ID,PERMISSION_ID) 
VALUES ('8996fada7b6542779535357d7eee8197','update');

INSERT INTO SYS_MODULE_PERMISSION (MODULE_ID,PERMISSION_ID) 
VALUES ('8996fada7b6542779535357d7eee8197','upload');

INSERT INTO SYS_MODULE_PERMISSION (MODULE_ID,PERMISSION_ID) 
VALUES ('8996fada7b6542779535357d7eee8197','view');

INSERT INTO SYS_MODULE_PERMISSION (MODULE_ID,PERMISSION_ID) 
VALUES ('8b92453ba86642478dca3aa7ee9106c2','build');

INSERT INTO SYS_MODULE_PERMISSION (MODULE_ID,PERMISSION_ID) 
VALUES ('8b92453ba86642478dca3aa7ee9106c2','create');

INSERT INTO SYS_MODULE_PERMISSION (MODULE_ID,PERMISSION_ID) 
VALUES ('8b92453ba86642478dca3aa7ee9106c2','delete');

INSERT INTO SYS_MODULE_PERMISSION (MODULE_ID,PERMISSION_ID) 
VALUES ('8b92453ba86642478dca3aa7ee9106c2','deploy');

INSERT INTO SYS_MODULE_PERMISSION (MODULE_ID,PERMISSION_ID) 
VALUES ('8b92453ba86642478dca3aa7ee9106c2','download');

INSERT INTO SYS_MODULE_PERMISSION (MODULE_ID,PERMISSION_ID) 
VALUES ('8b92453ba86642478dca3aa7ee9106c2','drop');

INSERT INTO SYS_MODULE_PERMISSION (MODULE_ID,PERMISSION_ID) 
VALUES ('8b92453ba86642478dca3aa7ee9106c2','export');

INSERT INTO SYS_MODULE_PERMISSION (MODULE_ID,PERMISSION_ID) 
VALUES ('8b92453ba86642478dca3aa7ee9106c2','import');

INSERT INTO SYS_MODULE_PERMISSION (MODULE_ID,PERMISSION_ID) 
VALUES ('8b92453ba86642478dca3aa7ee9106c2','insert');

INSERT INTO SYS_MODULE_PERMISSION (MODULE_ID,PERMISSION_ID) 
VALUES ('8b92453ba86642478dca3aa7ee9106c2','print');

INSERT INTO SYS_MODULE_PERMISSION (MODULE_ID,PERMISSION_ID) 
VALUES ('8b92453ba86642478dca3aa7ee9106c2','select');

INSERT INTO SYS_MODULE_PERMISSION (MODULE_ID,PERMISSION_ID) 
VALUES ('8b92453ba86642478dca3aa7ee9106c2','update');

INSERT INTO SYS_MODULE_PERMISSION (MODULE_ID,PERMISSION_ID) 
VALUES ('8b92453ba86642478dca3aa7ee9106c2','upload');

INSERT INTO SYS_MODULE_PERMISSION (MODULE_ID,PERMISSION_ID) 
VALUES ('8b92453ba86642478dca3aa7ee9106c2','view');

INSERT INTO SYS_MODULE_PERMISSION (MODULE_ID,PERMISSION_ID) 
VALUES ('a59afc9f487f4a6fa5dcae9e195bf499','delete');

INSERT INTO SYS_MODULE_PERMISSION (MODULE_ID,PERMISSION_ID) 
VALUES ('a59afc9f487f4a6fa5dcae9e195bf499','export');

INSERT INTO SYS_MODULE_PERMISSION (MODULE_ID,PERMISSION_ID) 
VALUES ('a59afc9f487f4a6fa5dcae9e195bf499','import');

INSERT INTO SYS_MODULE_PERMISSION (MODULE_ID,PERMISSION_ID) 
VALUES ('a59afc9f487f4a6fa5dcae9e195bf499','insert');

INSERT INTO SYS_MODULE_PERMISSION (MODULE_ID,PERMISSION_ID) 
VALUES ('a59afc9f487f4a6fa5dcae9e195bf499','select');

INSERT INTO SYS_MODULE_PERMISSION (MODULE_ID,PERMISSION_ID) 
VALUES ('a59afc9f487f4a6fa5dcae9e195bf499','update');

INSERT INTO SYS_MODULE_PERMISSION (MODULE_ID,PERMISSION_ID) 
VALUES ('a59afc9f487f4a6fa5dcae9e195bf499','view');

INSERT INTO SYS_MODULE_PERMISSION (MODULE_ID,PERMISSION_ID) 
VALUES ('bce58ffd35774b91a6ffc6c690d22d34','build');

INSERT INTO SYS_MODULE_PERMISSION (MODULE_ID,PERMISSION_ID) 
VALUES ('bce58ffd35774b91a6ffc6c690d22d34','create');

INSERT INTO SYS_MODULE_PERMISSION (MODULE_ID,PERMISSION_ID) 
VALUES ('bce58ffd35774b91a6ffc6c690d22d34','delete');

INSERT INTO SYS_MODULE_PERMISSION (MODULE_ID,PERMISSION_ID) 
VALUES ('bce58ffd35774b91a6ffc6c690d22d34','deploy');

INSERT INTO SYS_MODULE_PERMISSION (MODULE_ID,PERMISSION_ID) 
VALUES ('bce58ffd35774b91a6ffc6c690d22d34','download');

INSERT INTO SYS_MODULE_PERMISSION (MODULE_ID,PERMISSION_ID) 
VALUES ('bce58ffd35774b91a6ffc6c690d22d34','drop');

INSERT INTO SYS_MODULE_PERMISSION (MODULE_ID,PERMISSION_ID) 
VALUES ('bce58ffd35774b91a6ffc6c690d22d34','export');

INSERT INTO SYS_MODULE_PERMISSION (MODULE_ID,PERMISSION_ID) 
VALUES ('bce58ffd35774b91a6ffc6c690d22d34','import');

INSERT INTO SYS_MODULE_PERMISSION (MODULE_ID,PERMISSION_ID) 
VALUES ('bce58ffd35774b91a6ffc6c690d22d34','insert');

INSERT INTO SYS_MODULE_PERMISSION (MODULE_ID,PERMISSION_ID) 
VALUES ('bce58ffd35774b91a6ffc6c690d22d34','print');

INSERT INTO SYS_MODULE_PERMISSION (MODULE_ID,PERMISSION_ID) 
VALUES ('bce58ffd35774b91a6ffc6c690d22d34','select');

INSERT INTO SYS_MODULE_PERMISSION (MODULE_ID,PERMISSION_ID) 
VALUES ('bce58ffd35774b91a6ffc6c690d22d34','update');

INSERT INTO SYS_MODULE_PERMISSION (MODULE_ID,PERMISSION_ID) 
VALUES ('bce58ffd35774b91a6ffc6c690d22d34','upload');

INSERT INTO SYS_MODULE_PERMISSION (MODULE_ID,PERMISSION_ID) 
VALUES ('bce58ffd35774b91a6ffc6c690d22d34','view');

INSERT INTO SYS_MODULE_PERMISSION (MODULE_ID,PERMISSION_ID) 
VALUES ('d94881a8dc854298bfac029147b38e26','delete');

INSERT INTO SYS_MODULE_PERMISSION (MODULE_ID,PERMISSION_ID) 
VALUES ('d94881a8dc854298bfac029147b38e26','export');

INSERT INTO SYS_MODULE_PERMISSION (MODULE_ID,PERMISSION_ID) 
VALUES ('d94881a8dc854298bfac029147b38e26','import');

INSERT INTO SYS_MODULE_PERMISSION (MODULE_ID,PERMISSION_ID) 
VALUES ('d94881a8dc854298bfac029147b38e26','insert');

INSERT INTO SYS_MODULE_PERMISSION (MODULE_ID,PERMISSION_ID) 
VALUES ('d94881a8dc854298bfac029147b38e26','select');

INSERT INTO SYS_MODULE_PERMISSION (MODULE_ID,PERMISSION_ID) 
VALUES ('d94881a8dc854298bfac029147b38e26','update');

INSERT INTO SYS_MODULE_PERMISSION (MODULE_ID,PERMISSION_ID) 
VALUES ('d94881a8dc854298bfac029147b38e26','view');

INSERT INTO SYS_MODULE_PERMISSION (MODULE_ID,PERMISSION_ID) 
VALUES ('ddc3b32e4fae473e82a69a28c41a6b48','build');

INSERT INTO SYS_MODULE_PERMISSION (MODULE_ID,PERMISSION_ID) 
VALUES ('ddc3b32e4fae473e82a69a28c41a6b48','create');

INSERT INTO SYS_MODULE_PERMISSION (MODULE_ID,PERMISSION_ID) 
VALUES ('ddc3b32e4fae473e82a69a28c41a6b48','delete');

INSERT INTO SYS_MODULE_PERMISSION (MODULE_ID,PERMISSION_ID) 
VALUES ('ddc3b32e4fae473e82a69a28c41a6b48','deploy');

INSERT INTO SYS_MODULE_PERMISSION (MODULE_ID,PERMISSION_ID) 
VALUES ('ddc3b32e4fae473e82a69a28c41a6b48','download');

INSERT INTO SYS_MODULE_PERMISSION (MODULE_ID,PERMISSION_ID) 
VALUES ('ddc3b32e4fae473e82a69a28c41a6b48','drop');

INSERT INTO SYS_MODULE_PERMISSION (MODULE_ID,PERMISSION_ID) 
VALUES ('ddc3b32e4fae473e82a69a28c41a6b48','export');

INSERT INTO SYS_MODULE_PERMISSION (MODULE_ID,PERMISSION_ID) 
VALUES ('ddc3b32e4fae473e82a69a28c41a6b48','import');

INSERT INTO SYS_MODULE_PERMISSION (MODULE_ID,PERMISSION_ID) 
VALUES ('ddc3b32e4fae473e82a69a28c41a6b48','insert');

INSERT INTO SYS_MODULE_PERMISSION (MODULE_ID,PERMISSION_ID) 
VALUES ('ddc3b32e4fae473e82a69a28c41a6b48','print');

INSERT INTO SYS_MODULE_PERMISSION (MODULE_ID,PERMISSION_ID) 
VALUES ('ddc3b32e4fae473e82a69a28c41a6b48','select');

INSERT INTO SYS_MODULE_PERMISSION (MODULE_ID,PERMISSION_ID) 
VALUES ('ddc3b32e4fae473e82a69a28c41a6b48','update');

INSERT INTO SYS_MODULE_PERMISSION (MODULE_ID,PERMISSION_ID) 
VALUES ('ddc3b32e4fae473e82a69a28c41a6b48','upload');

INSERT INTO SYS_MODULE_PERMISSION (MODULE_ID,PERMISSION_ID) 
VALUES ('ddc3b32e4fae473e82a69a28c41a6b48','view');

INSERT INTO SYS_PERMISSION (ID,SEQUENCE,NAME) 
VALUES ('send',15,'发送');

INSERT INTO SYS_PERMISSION (ID,SEQUENCE,NAME) 
VALUES ('view',1,'展示');

INSERT INTO SYS_PERMISSION (ID,SEQUENCE,NAME) 
VALUES ('select',2,'查询');

INSERT INTO SYS_PERMISSION (ID,SEQUENCE,NAME) 
VALUES ('insert',3,'插入');

INSERT INTO SYS_PERMISSION (ID,SEQUENCE,NAME) 
VALUES ('update',4,'修改');

INSERT INTO SYS_PERMISSION (ID,SEQUENCE,NAME) 
VALUES ('delete',5,'删除');

INSERT INTO SYS_PERMISSION (ID,SEQUENCE,NAME) 
VALUES ('import',6,'导入');

INSERT INTO SYS_PERMISSION (ID,SEQUENCE,NAME) 
VALUES ('export',7,'导出');

INSERT INTO SYS_PERMISSION (ID,SEQUENCE,NAME) 
VALUES ('print',10,'打印');

INSERT INTO SYS_PERMISSION (ID,SEQUENCE,NAME) 
VALUES ('create',11,'创建');

INSERT INTO SYS_PERMISSION (ID,SEQUENCE,NAME) 
VALUES ('drop',12,'销毁');

INSERT INTO SYS_PERMISSION (ID,SEQUENCE,NAME) 
VALUES ('build',13,'同步');

INSERT INTO SYS_PERMISSION (ID,SEQUENCE,NAME) 
VALUES ('download',9,'下载');

INSERT INTO SYS_PERMISSION (ID,SEQUENCE,NAME) 
VALUES ('upload',8,'上传');

INSERT INTO SYS_PERMISSION (ID,SEQUENCE,NAME) 
VALUES ('deploy',14,'部署');

INSERT INTO SYS_ROLE (ID,NAME,SHIRO) 
VALUES ('233e1814d0484ae6ad600a84ae8b2a1b','员工','employee');

INSERT INTO SYS_ROLE (ID,NAME,SHIRO) 
VALUES ('d3f34652eb03447b9cc8bb7375df675d','系统管理员','sys');

INSERT INTO SYS_ROLE_MENU (ROLE_ID,MENU_ID) 
VALUES ('233e1814d0484ae6ad600a84ae8b2a1b','3fb5c9ba43654841889c278e9beca6b6');

INSERT INTO SYS_ROLE_MENU (ROLE_ID,MENU_ID) 
VALUES ('233e1814d0484ae6ad600a84ae8b2a1b','b48d762c01c54dce95c31fb42204d126');

INSERT INTO SYS_ROLE_MENU (ROLE_ID,MENU_ID) 
VALUES ('233e1814d0484ae6ad600a84ae8b2a1b','d63fb68c3af44a5a9bc93afc3edba378');

INSERT INTO SYS_ROLE_MENU (ROLE_ID,MENU_ID) 
VALUES ('4bb7b95168a04cb6885d31dc583cde40','035c58f70576403e9c31767469b15258');

INSERT INTO SYS_ROLE_MENU (ROLE_ID,MENU_ID) 
VALUES ('4bb7b95168a04cb6885d31dc583cde40','5d2d5ddfd20f4783938fe636eedb5b37');

INSERT INTO SYS_ROLE_MENU (ROLE_ID,MENU_ID) 
VALUES ('4bb7b95168a04cb6885d31dc583cde40','61102bf49a004196ba0fb418ed1929e3');

INSERT INTO SYS_ROLE_MENU (ROLE_ID,MENU_ID) 
VALUES ('d3f34652eb03447b9cc8bb7375df675d','08e27f9288d04c7a8839dc65f6cbd1fa');

INSERT INTO SYS_ROLE_MENU (ROLE_ID,MENU_ID) 
VALUES ('d3f34652eb03447b9cc8bb7375df675d','0a0bf010a2e54ee5a82d0d2fe3708d2f');

INSERT INTO SYS_ROLE_MENU (ROLE_ID,MENU_ID) 
VALUES ('d3f34652eb03447b9cc8bb7375df675d','2db887eb47aa458d9d04d54489b0684f');

INSERT INTO SYS_ROLE_MENU (ROLE_ID,MENU_ID) 
VALUES ('d3f34652eb03447b9cc8bb7375df675d','3fb5c9ba43654841889c278e9beca6b6');

INSERT INTO SYS_ROLE_MENU (ROLE_ID,MENU_ID) 
VALUES ('d3f34652eb03447b9cc8bb7375df675d','62e818ed15e647bdad4bee8f199ba21f');

INSERT INTO SYS_ROLE_MENU (ROLE_ID,MENU_ID) 
VALUES ('d3f34652eb03447b9cc8bb7375df675d','8bf056fec564462e9f6dd02d89630b9d');

INSERT INTO SYS_ROLE_MENU (ROLE_ID,MENU_ID) 
VALUES ('d3f34652eb03447b9cc8bb7375df675d','8fb68d4012d34b6393c3d999dde478ad');

INSERT INTO SYS_ROLE_MENU (ROLE_ID,MENU_ID) 
VALUES ('d3f34652eb03447b9cc8bb7375df675d','935acd7355634b278549b0ebbba01876');

INSERT INTO SYS_ROLE_MENU (ROLE_ID,MENU_ID) 
VALUES ('d3f34652eb03447b9cc8bb7375df675d','95fee483e011455a822f9a9e6a483fce');

INSERT INTO SYS_ROLE_MENU (ROLE_ID,MENU_ID) 
VALUES ('d3f34652eb03447b9cc8bb7375df675d','b48d762c01c54dce95c31fb42204d126');

INSERT INTO SYS_ROLE_MENU (ROLE_ID,MENU_ID) 
VALUES ('d3f34652eb03447b9cc8bb7375df675d','c617ec2d6eee475ea05fbe779ab3b7c8');

INSERT INTO SYS_ROLE_MENU (ROLE_ID,MENU_ID) 
VALUES ('d3f34652eb03447b9cc8bb7375df675d','d63fb68c3af44a5a9bc93afc3edba378');

INSERT INTO SYS_ROLE_MENU (ROLE_ID,MENU_ID) 
VALUES ('d3f34652eb03447b9cc8bb7375df675d','f9253401654549a7ab86d53edf2c0d5b');

INSERT INTO SYS_ROLE_MODULE (ROLE_ID,MODULE_ID) 
VALUES ('d3f34652eb03447b9cc8bb7375df675d','0cc19fd4409a4d8b832a02584b15e45f');

INSERT INTO SYS_ROLE_MODULE (ROLE_ID,MODULE_ID) 
VALUES ('d3f34652eb03447b9cc8bb7375df675d','2b5d24bdb8b6413e9a1b2fb2e12437a6');

INSERT INTO SYS_ROLE_MODULE (ROLE_ID,MODULE_ID) 
VALUES ('d3f34652eb03447b9cc8bb7375df675d','349ed3e79dbe406b9034ef73bb8056d3');

INSERT INTO SYS_ROLE_MODULE (ROLE_ID,MODULE_ID) 
VALUES ('d3f34652eb03447b9cc8bb7375df675d','3570d90302404b769704bd810ea3696a');

INSERT INTO SYS_ROLE_MODULE (ROLE_ID,MODULE_ID) 
VALUES ('d3f34652eb03447b9cc8bb7375df675d','6267cc893dcf47c2b41279e52bc5fa73');

INSERT INTO SYS_ROLE_MODULE (ROLE_ID,MODULE_ID) 
VALUES ('d3f34652eb03447b9cc8bb7375df675d','6d82509cc687416f8c1ad01f49efb54b');

INSERT INTO SYS_ROLE_MODULE (ROLE_ID,MODULE_ID) 
VALUES ('d3f34652eb03447b9cc8bb7375df675d','7466722e008349cfb7ed1d034b856bad');

INSERT INTO SYS_ROLE_MODULE (ROLE_ID,MODULE_ID) 
VALUES ('d3f34652eb03447b9cc8bb7375df675d','7d741c551b984b7bb776e742090d076f');

INSERT INTO SYS_ROLE_MODULE (ROLE_ID,MODULE_ID) 
VALUES ('d3f34652eb03447b9cc8bb7375df675d','7fe102f7b2424128bd7828d9e1d2d790');

INSERT INTO SYS_ROLE_MODULE (ROLE_ID,MODULE_ID) 
VALUES ('d3f34652eb03447b9cc8bb7375df675d','80f11f6553a74d34bb750255ba3308e7');

INSERT INTO SYS_ROLE_MODULE (ROLE_ID,MODULE_ID) 
VALUES ('d3f34652eb03447b9cc8bb7375df675d','8996fada7b6542779535357d7eee8197');

INSERT INTO SYS_ROLE_MODULE (ROLE_ID,MODULE_ID) 
VALUES ('d3f34652eb03447b9cc8bb7375df675d','8b92453ba86642478dca3aa7ee9106c2');

INSERT INTO SYS_ROLE_MODULE (ROLE_ID,MODULE_ID) 
VALUES ('d3f34652eb03447b9cc8bb7375df675d','a59afc9f487f4a6fa5dcae9e195bf499');

INSERT INTO SYS_ROLE_MODULE (ROLE_ID,MODULE_ID) 
VALUES ('d3f34652eb03447b9cc8bb7375df675d','bce58ffd35774b91a6ffc6c690d22d34');

INSERT INTO SYS_ROLE_MODULE (ROLE_ID,MODULE_ID) 
VALUES ('d3f34652eb03447b9cc8bb7375df675d','d94881a8dc854298bfac029147b38e26');

INSERT INTO SYS_ROLE_MODULE (ROLE_ID,MODULE_ID) 
VALUES ('d3f34652eb03447b9cc8bb7375df675d','ddc3b32e4fae473e82a69a28c41a6b48');

INSERT INTO SYS_SKINS (ID,NAME,URL,STATE,MAIN) 
VALUES ('afc66b68f4cc48ccb2b9e309ac31575a','Bootstrap主题','/bootstrap','1','main');

INSERT INTO SYS_SKINS (ID,NAME,URL,STATE,MAIN) 
VALUES ('780e5d65c08e42da98f491e84fce8de0','蓝色主题','/portal','0','main');

INSERT INTO SYS_SKINS (ID,NAME,URL,STATE,MAIN) 
VALUES ('3df2a557ac47442889212395848b9213','EASYUI皮肤','/poor','0','main');

INSERT INTO SYS_USER (ID,USER_NAME,PASSWORD,NAME,DEPARTMENT_ID,STATE,EMAIL,PHONE,HEAD_ICON) 
VALUES ('3a657ea8ddc745a698d51aeea2183f4d','system','c4ca86dead4518ac4fd6e30172db3d9e','管理员','dad8faf2f3eb4d279ef04decb91ca4c0','1',null,null,'3a657ea8ddc745a698d51aeea2183f4d.png');

INSERT INTO SYS_USER (ID,USER_NAME,PASSWORD,NAME,DEPARTMENT_ID,STATE,EMAIL,PHONE,HEAD_ICON) 
VALUES ('355222f869db4f4fb8a22e6888aabe48','ken','4d9cd77360c3d3ea2917d94eaba4072f','肯','e51ba1c688204117bd08b8ce2393e756','1',null,null,'355222f869db4f4fb8a22e6888aabe48.png');

INSERT INTO SYS_USER (ID,USER_NAME,PASSWORD,NAME,DEPARTMENT_ID,STATE,EMAIL,PHONE,HEAD_ICON) 
VALUES ('11522a6173804d5ea075ca052c76e20c','promise','367603a556093d611ec3789dd9144ee0','一诺','e51ba1c688204117bd08b8ce2393e756','0',null,null,null);

INSERT INTO SYS_USER_ROLE (USER_ID,ROLE_ID) 
VALUES ('11522a6173804d5ea075ca052c76e20c','233e1814d0484ae6ad600a84ae8b2a1b');

INSERT INTO SYS_USER_ROLE (USER_ID,ROLE_ID) 
VALUES ('355222f869db4f4fb8a22e6888aabe48','233e1814d0484ae6ad600a84ae8b2a1b');

INSERT INTO SYS_USER_ROLE (USER_ID,ROLE_ID) 
VALUES ('3a657ea8ddc745a698d51aeea2183f4d','d3f34652eb03447b9cc8bb7375df675d');

